,implicita,realizzata,premio
1990-01-02,17.24,14.68395450823802,2.556045491761978
1990-01-03,18.19,14.73859830513077,3.451401694869231
1990-01-04,19.22,15.244609539112622,3.975390460887377
1990-01-05,20.11,15.355550136677076,4.7544498633229235
1990-01-08,20.26,15.206470990996019,5.053529009003983
1990-01-09,22.2,15.774459103246718,6.425540896753281
1990-01-10,22.44,15.675268418754532,6.764731581245469
1990-01-11,20.05,15.678957873532386,4.371042126467614
1990-01-12,24.64,13.965791062449812,10.674208937550189
1990-01-15,26.34,13.693878924541538,12.646121075458462
1990-01-16,24.18,13.234092337595465,10.945907662404535
1990-01-17,24.16,13.398543204393636,10.761456795606364
1990-01-18,24.34,13.473698824005345,10.866301175994655
1990-01-19,22.5,14.063262779312744,8.436737220687256
1990-01-22,26.7,11.726984267065552,14.973015732934448
1990-01-23,24.72,11.772258916622715,12.947741083377284
1990-01-24,25.39,11.819984771563924,13.570015228436077
1990-01-25,25.63,11.835735718577144,13.794264281422855
1990-01-26,26.28,11.889304437182302,14.3906955628177
1990-01-29,26.44,11.912113162659372,14.52788683734063
1990-01-30,27.25,11.36125521234351,15.88874478765649
1990-01-31,25.36,10.243501354517539,15.11649864548246
1990-02-01,24.87,10.375235900932697,14.494764099067304
1990-02-02,24.32,10.703704031782767,13.616295968217234
1990-02-05,24.54,10.707739257191628,13.832260742808371
1990-02-06,24.69,10.781717859413805,13.908282140586197
1990-02-07,24.29,10.4571812645666,13.8328187354334
1990-02-08,23.77,10.446572643695287,13.323427356304713
1990-02-09,23.69,10.750877173514857,12.939122826485145
1990-02-12,24.38,10.184376269561268,14.195623730438731
1990-02-13,23.76,10.199205851437782,13.56079414856222
1990-02-14,22.05,10.57683317444322,11.473166825556781
1990-02-15,19.71,10.351608570652324,9.358391429347677
1990-02-16,20.78,10.389677569588128,10.390322430411873
1990-02-20,22.78,9.206986477670236,13.573013522329765
1990-02-21,23.89,10.295768062655776,13.594231937344224
1990-02-22,22.54,10.21663349641175,12.323366503588248
1990-02-23,23.69,9.909256278853753,13.780743721146248
1990-02-26,23.56,9.720111110476184,13.839888889523815
1990-02-27,22.69,9.62732361562665,13.06267638437335
1990-02-28,21.99,9.657987367976968,12.33201263202303
1990-03-01,21.9,9.683920693603532,12.216079306396466
1990-03-02,21.34,9.44159308591526,11.89840691408474
1990-03-05,22.03,10.254916869482788,11.775083130517213
1990-03-06,20.55,9.908911140988339,10.641088859011662
1990-03-07,19.1,9.891177887390501,9.2088221126095
1990-03-08,19.74,9.47026082006208,10.269739179937918
1990-03-09,20.3,9.331880839359387,10.968119160640613
1990-03-12,20.07,9.334008785082798,10.735991214917203
1990-03-13,21.05,8.993003947514024,12.056996052485976
1990-03-14,19.65,9.258546322182697,10.391453677817301
1990-03-15,18.81,9.231626075616514,9.578373924383484
1990-03-16,17.62,8.69636475775958,8.92363524224042
1990-03-19,18.29,9.322122076008391,8.967877923991608
1990-03-20,19.06,9.476094132077996,9.583905867922002
1990-03-21,20.1,9.819203633696729,10.280796366303273
1990-03-22,22.74,9.748741457234521,12.991258542765477
1990-03-23,20.46,9.56397616057271,10.896023839427292
1990-03-26,19.59,9.723894281613878,9.866105718386121
1990-03-27,21.01,9.194929037246732,11.81507096275327
1990-03-28,19.77,9.687891411447756,10.082108588552243
1990-03-29,18.46,9.932534419774399,8.527465580225602
1990-03-30,19.73,10.13950886384558,9.590491136154421
1990-04-02,22.84,10.357015013989455,12.482984986010544
1990-04-03,20.44,9.256141744809392,11.183858255190609
1990-04-04,22.03,9.55670863843839,12.47329136156161
1990-04-05,21.21,9.798375375540727,11.411624624459273
1990-04-06,21.76,9.852382452990891,11.90761754700911
1990-04-09,22.3,9.830556444067794,12.469443555932207
1990-04-10,21.69,9.91345146757691,11.77654853242309
1990-04-11,17.73,12.119262353790457,5.610737646209543
1990-04-12,19.8,12.186062530612691,7.613937469387309
1990-04-16,20.75,12.201650707998594,8.548349292001406
1990-04-17,20.38,12.207373181811171,8.172626818188828
1990-04-18,22.67,11.457271926597643,11.212728073402358
1990-04-19,22.46,10.986593648624783,11.473406351375218
1990-04-20,23.33,10.527843083937102,12.802156916062897
1990-04-23,24.16,9.144526231577125,15.015473768422876
1990-04-24,21.7,8.877857849729407,12.822142150270592
1990-04-25,20.86,9.001646516054834,11.858353483945166
1990-04-26,20.25,10.038109383743645,10.211890616256355
1990-04-27,22.19,9.367695554404081,12.82230444559592
1990-04-30,19.52,9.43487360805655,10.085126391943449
1990-05-01,18.43,9.49522195633162,8.93477804366838
1990-05-02,19.32,9.49059534486652,9.82940465513348
1990-05-03,17.81,9.830452685405794,7.979547314594205
1990-05-04,17.28,9.94445171942637,7.335548280573631
1990-05-07,17.65,10.217144415148598,7.432855584851401
1990-05-08,18.49,10.568729346520435,7.921270653479564
1990-05-09,18.64,11.58903274652386,7.050967253476141
1990-05-10,18.59,11.681729324034276,6.908270675965724
1990-05-11,19.81,10.276326191786753,9.533673808213246
1990-05-14,20.14,10.148659024718611,9.991340975281389
1990-05-15,19.49,10.38689944112306,9.103100558876939
1990-05-16,17.71,10.384218795846056,7.3257812041539445
1990-05-17,17.27,11.739318549217526,5.530681450782474
1990-05-18,17.2,11.771066221885027,5.428933778114972
1990-05-21,16.72,11.315486732792486,5.404513267207513
1990-05-22,17.84,11.339666661767565,6.500333338232435
1990-05-23,17.18,11.905064468536189,5.274935531463811
1990-05-24,17.7,12.222919454860321,5.477080545139678
1990-05-25,17.32,11.819634512115968,5.500365487884032
1990-05-29,18.75,11.011250610171532,7.7387493898284685
1990-05-30,17.44,11.300332738464073,6.139667261535928
1990-05-31,17.37,11.319537093008833,6.050462906991168
1990-06-01,17.09,11.19843917695689,5.891560823043109
1990-06-04,18.39,10.39288217964598,7.9971178203540205
1990-06-05,18.97,10.883742003557558,8.086257996442441
1990-06-06,17.42,11.161473021066842,6.25852697893316
1990-06-07,16.88,11.13101612612267,5.748983873877329
1990-06-08,17.58,10.721570780440844,6.858429219559154
1990-06-11,16.34,11.10402089335223,5.23597910664777
1990-06-12,16.6,11.004322786977983,5.595677213022018
1990-06-13,17.38,11.078189382746748,6.301810617253251
1990-06-14,17.4,10.97633272090468,6.423667279095319
1990-06-15,15.9,11.099048607876387,4.800951392123613
1990-06-18,17.71,10.30119798858379,7.408802011416212
1990-06-19,15.23,10.268072847423838,4.961927152576163
1990-06-20,15.27,10.741882516579802,4.528117483420198
1990-06-21,14.72,12.515679765797898,2.204320234202102
1990-06-22,19.36,12.014755927608471,7.345244072391528
1990-06-25,17.06,11.7284935093985,5.331506490601498
1990-06-26,16.29,11.750062127495445,4.539937872504554
1990-06-27,16.0,11.724226200479198,4.2757737995208025
1990-06-28,16.18,11.496074112496098,4.683925887503902
1990-06-29,15.5,11.473505131388706,4.0264948686112945
1990-07-02,16.26,11.390843691316418,4.869156308683584
1990-07-03,16.11,11.96369006619626,4.146309933803739
1990-07-05,17.25,12.970500375853014,4.279499624146986
1990-07-06,16.41,16.49199442153688,-0.08199442153687997
1990-07-09,16.66,16.469167556376476,0.19083244362352403
1990-07-10,16.92,17.24217735670305,-0.3221773567030475
1990-07-11,16.68,16.890030195354992,-0.21003019535499234
1990-07-12,17.06,16.378256317447335,0.6817436825526642
1990-07-13,17.09,16.60017228826266,0.4898277117373411
1990-07-16,16.75,16.512093749733967,0.23790625026603252
1990-07-17,16.66,16.682399108042087,-0.022399108042087335
1990-07-18,18.9,17.71281231199618,1.1871876880038172
1990-07-19,18.56,17.962223693073298,0.5977763069267006
1990-07-20,15.63,17.980999972192972,-2.3509999721929713
1990-07-23,23.68,18.091291827838155,5.588708172161844
1990-07-24,21.79,18.353492310729415,3.4365076892705844
1990-07-25,20.19,20.166391843857546,0.023608156142454817
1990-07-26,20.26,21.533414034936587,-1.273414034936586
1990-07-27,21.12,25.37836401346635,-4.258364013466348
1990-07-30,21.16,25.312031921598148,-4.152031921598148
1990-07-31,21.11,25.607455945485952,-4.497455945485953
1990-08-01,21.64,25.78057873671582,-4.14057873671582
1990-08-02,20.43,26.142498732906223,-5.712498732906223
1990-08-03,28.74,25.673840382771008,3.0661596172289904
1990-08-06,35.91,23.333793519271634,12.576206480728363
1990-08-07,32.75,23.504591891798572,9.245408108201428
1990-08-08,28.27,23.302365545154494,4.967634454845506
1990-08-09,24.39,23.093643281214927,1.2963567187850735
1990-08-10,25.75,22.85546674211671,2.894533257883289
1990-08-13,25.74,22.680050264494632,3.0599497355053664
1990-08-14,24.18,22.801597312469216,1.3784026875307838
1990-08-15,23.31,22.72747676272057,0.5825232372794282
1990-08-16,27.16,21.792379401983695,5.367620598016305
1990-08-17,27.53,21.285597947908418,6.2444020520915835
1990-08-20,26.46,21.32976793122708,5.130232068772919
1990-08-21,28.9,20.951884879408897,7.948115120591101
1990-08-22,30.55,20.317483111842446,10.232516888157555
1990-08-23,36.47,18.52185519865661,17.94814480134339
1990-08-24,33.93,18.134748964350262,15.795251035649738
1990-08-27,29.63,13.974492477367587,15.655507522632412
1990-08-28,29.12,14.539032980222702,14.5809670197773
1990-08-29,27.38,15.467844064380898,11.9121559356191
1990-08-30,29.89,18.228502955536502,11.661497044463498
1990-08-31,29.9,17.854868243703255,12.045131756296744
1990-09-04,29.58,18.162242152333594,11.417757847666405
1990-09-05,28.52,18.10787673914319,10.41212326085681
1990-09-06,30.19,17.876174087315302,12.313825912684699
1990-09-07,28.73,17.71778089942426,11.012219100575741
1990-09-10,29.34,19.491154917038735,9.848845082961265
1990-09-11,28.38,19.987458067498316,8.392541932501683
1990-09-12,28.12,20.387625658717685,7.732374341282316
1990-09-13,29.33,21.116644619825458,8.21335538017454
1990-09-14,30.56,21.542509603108066,9.017490396891933
1990-09-17,29.55,21.803642814906034,7.7463571850939665
1990-09-18,28.82,21.783324815096602,7.036675184903398
1990-09-19,27.88,23.50448978386902,4.37551021613098
1990-09-20,28.66,23.926923747109715,4.733076252890285
1990-09-21,30.04,24.1024812000757,5.937518799924298
1990-09-24,30.56,22.87826042338015,7.681739576619847
1990-09-25,28.81,22.599964601742247,6.210035398257752
1990-09-26,28.19,22.3988955084844,5.7911044915156005
1990-09-27,28.67,22.552469487841076,6.117530512158925
1990-09-28,29.11,22.113629281508786,6.996370718491214
1990-10-01,28.06,19.69631336062673,8.36368663937327
1990-10-02,27.28,19.658552337341707,7.621447662658294
1990-10-03,27.9,19.6466455152019,8.253354484798098
1990-10-04,27.51,20.472427310898013,7.037572689101989
1990-10-05,27.85,20.71610098450002,7.133899015499981
1990-10-08,28.04,20.76417010140311,7.275829898596889
1990-10-09,30.71,19.541448257486003,11.168551742513998
1990-10-10,31.19,18.710122394041214,12.479877605958787
1990-10-11,33.98,18.352959434380118,15.627040565619879
1990-10-12,31.94,18.927307256976686,13.012692743023315
1990-10-15,31.64,18.904707350287183,12.735292649712818
1990-10-16,31.45,18.040138580399045,13.409861419600954
1990-10-17,31.37,18.517209292979388,12.852790707020613
1990-10-18,29.6,17.187816615265664,12.412183384734337
1990-10-19,27.86,16.274576492185673,11.585423507814326
1990-10-22,27.27,16.615710637827156,10.654289362172843
1990-10-23,27.57,16.491033927562047,11.078966072437954
1990-10-24,28.28,16.524857639326353,11.755142360673648
1990-10-25,29.04,16.332645835871247,12.707354164128752
1990-10-26,30.75,15.087922322175512,15.662077677824488
1990-10-29,31.54,14.493633084910146,17.046366915089855
1990-10-30,30.52,14.645203993116725,15.874796006883274
1990-10-31,30.04,15.38724926684435,14.65275073315565
1990-11-01,30.25,15.347479271854453,14.902520728145547
1990-11-02,30.03,14.747462154553986,15.282537845446015
1990-11-05,29.85,14.899467104564582,14.950532895435419
1990-11-06,29.11,14.590008910209823,14.519991089790176
1990-11-07,30.87,13.169159426478286,17.700840573521717
1990-11-08,30.79,13.170763075843475,17.619236924156525
1990-11-09,26.96,12.394945744133054,14.565054255866947
1990-11-12,25.6,11.086613549682436,14.513386450317565
1990-11-13,24.58,10.98143160066128,13.598568399338719
1990-11-14,22.89,11.204706154112312,11.685293845887688
1990-11-15,22.57,10.74675765056616,11.82324234943384
1990-11-16,21.34,11.317379555356538,10.022620444643461
1990-11-19,20.95,11.232431615638806,9.717568384361194
1990-11-20,20.09,10.281153631767307,9.808846368232693
1990-11-21,21.09,10.270141186955613,10.819858813044387
1990-11-23,20.98,10.37103659235672,10.60896340764328
1990-11-26,22.76,10.368374993218662,12.39162500678134
1990-11-27,22.86,10.62595313371945,12.234046866280549
1990-11-28,22.96,10.636348997659029,12.323651002340972
1990-11-29,23.91,10.485407002114995,13.424592997885005
1990-11-30,22.16,9.873418860759548,12.286581139240452
1990-12-03,22.29,10.625241644311085,11.664758355688914
1990-12-04,22.03,10.299258225717162,11.730741774282839
1990-12-05,20.94,10.781300478142834,10.158699521857168
1990-12-06,22.62,10.786196734716222,11.833803265283779
1990-12-07,22.59,11.083014030488409,11.506985969511591
1990-12-10,23.58,11.706967156356205,11.873032843643793
1990-12-11,23.75,11.651226544875128,12.098773455124872
1990-12-12,21.28,11.284966991533603,9.995033008466399
1990-12-13,23.05,11.44902091883856,11.60097908116144
1990-12-14,23.85,12.028920151036118,11.821079848963883
1990-12-17,24.85,17.173099894893827,7.676900105106174
1990-12-18,23.11,16.974741235141185,6.135258764858815
1990-12-19,23.08,16.976663983244837,6.103336016755161
1990-12-20,23.13,17.128411485015256,6.001588514984743
1990-12-21,22.66,17.22397166741755,5.436028332582449
1990-12-24,24.03,17.877536743075158,6.152463256924843
1990-12-26,24.18,17.90314274087101,6.276857259128988
1990-12-27,24.81,17.718034879749002,7.091965120250997
1990-12-28,25.05,17.711775743837833,7.338224256162167
1990-12-31,26.38,18.335909031188017,8.044090968811982
1991-01-02,26.62,18.04069732576881,8.57930267423119
1991-01-03,27.93,17.219825783090894,10.710174216909106
1991-01-04,27.19,17.629752125313665,9.560247874686336
1991-01-07,28.95,15.935161122498936,13.014838877501063
1991-01-08,30.38,16.174973261183506,14.205026738816493
1991-01-09,33.3,15.618957711704113,17.681042288295885
1991-01-10,31.33,15.588503456073049,15.74149654392695
1991-01-11,32.63,16.533936010520943,16.09606398947906
1991-01-14,36.2,16.01087755246417,20.189122447535834
1991-01-15,36.16,15.923917859622394,20.236082140377604
1991-01-16,33.2,17.344995820120605,15.855004179879398
1991-01-17,27.45,14.464248338576102,12.985751661423897
1991-01-18,25.39,14.499270326468212,10.890729673531789
1991-01-21,24.33,15.405791118926729,8.92420888107327
1991-01-22,24.9,14.950289629301555,9.949710370698444
1991-01-23,23.92,14.987887109262651,8.93211289073735
1991-01-24,22.86,14.61563956862654,8.24436043137346
1991-01-25,22.2,15.578435094707102,6.621564905292898
1991-01-28,23.05,15.762800512599334,7.287199487400667
1991-01-29,23.17,15.785033417766394,7.3849665822336075
1991-01-30,21.37,15.387670388983574,5.982329611016427
1991-01-31,20.91,15.325484657915457,5.5845153420845435
1991-02-01,21.04,16.119459047995434,4.920540952004565
1991-02-04,21.86,15.714770122404017,6.145229877595982
1991-02-05,21.46,15.577784181327011,5.882215818672989
1991-02-06,22.68,14.779267911503673,7.900732088496326
1991-02-07,23.6,14.881866818380088,8.718133181619914
1991-02-08,23.38,15.285502935788614,8.094497064211385
1991-02-11,22.56,13.49040103184492,9.069598968155079
1991-02-12,22.26,13.294868182874264,8.965131817125737
1991-02-13,20.86,13.03154327008135,7.828456729918649
1991-02-14,21.48,12.272388520577502,9.207611479422498
1991-02-15,19.57,12.528827558874085,7.041172441125916
1991-02-19,19.84,12.582549821081681,7.257450178918319
1991-02-20,22.26,12.027857664605222,10.23214233539478
1991-02-21,20.78,12.029892767601986,8.750107232398015
1991-02-22,21.01,12.209167047755656,8.800832952244345
1991-02-25,22.86,13.36557069488626,9.494429305113739
1991-02-26,20.38,12.644749107831373,7.735250892168626
1991-02-27,21.26,12.143353737744874,9.116646262255127
1991-02-28,21.23,12.607131315251795,8.622868684748205
1991-03-04,20.86,13.98913864396241,6.87086135603759
1991-03-05,20.45,12.454102938389521,7.995897061610478
1991-03-06,20.55,12.949291872531198,7.600708127468803
1991-03-07,21.05,13.094459897223809,7.955540102776192
1991-03-08,20.81,13.656919125483705,7.153080874516293
1991-03-11,20.88,13.505643264946787,7.374356735053212
1991-03-12,18.82,13.636421818057787,5.183578181942213
1991-03-13,16.09,13.293757933707173,2.7962420662928267
1991-03-14,14.94,13.262379876930176,1.6776201230698238
1991-03-15,14.9,13.964270120561343,0.9357298794386573
1991-03-18,15.79,13.994014434750385,1.7959855652496142
1991-03-19,16.11,13.148805268920901,2.9611947310790985
1991-03-20,16.04,13.9208577321946,2.1191422678053993
1991-03-21,16.86,14.446553914342417,2.413446085657583
1991-03-22,16.49,14.447326396257623,2.042673603742376
1991-03-25,16.76,14.339309606811698,2.4206903931883037
1991-03-26,16.31,13.597527716463848,2.712472283536151
1991-03-27,16.55,13.611340859739077,2.938659140260924
1991-03-28,16.88,14.393998749478987,2.486001250521012
1991-04-01,17.42,14.081916062809155,3.338083937190847
1991-04-02,17.4,12.946594919128449,4.4534050808715495
1991-04-03,17.61,12.951024669886262,4.658975330113737
1991-04-04,18.01,12.909512771596091,5.10048722840391
1991-04-05,17.63,12.453510348492207,5.176489651507792
1991-04-08,17.41,12.42243937397171,4.987560626028291
1991-04-09,20.12,11.825404855648811,8.29459514435119
1991-04-10,19.73,12.411886238602188,7.318113761397813
1991-04-11,17.24,13.194467022203007,4.0455329777969915
1991-04-12,18.45,13.015510746797554,5.434489253202445
1991-04-15,16.5,13.607205444175626,2.8927945558243735
1991-04-16,15.82,12.702034482711932,3.1179655172880683
1991-04-17,15.47,12.875437079959774,2.594562920040227
1991-04-18,16.26,12.854169751485427,3.405830248514574
1991-04-19,15.68,12.505905804858875,3.174094195141125
1991-04-22,16.78,12.514155185229356,4.265844814770645
1991-04-23,17.02,12.546849803835332,4.473150196164667
1991-04-24,16.72,12.48375424301531,4.2362457569846885
1991-04-25,17.15,12.460528078697253,4.689471921302745
1991-04-26,17.27,12.988556501782734,4.281443498217266
1991-04-29,18.27,12.057258394842602,6.212741605157397
1991-04-30,18.24,12.462246988404711,5.777753011595287
1991-05-01,17.77,12.022109631840923,5.7478903681590765
1991-05-02,17.52,12.103374735998319,5.416625264001681
1991-05-03,17.24,12.113849924776284,5.126150075223714
1991-05-06,17.92,12.290240030202927,5.629759969797075
1991-05-07,17.46,12.202285031911131,5.2577149680888695
1991-05-08,17.78,12.695948960199965,5.084051039800036
1991-05-09,17.17,12.02881540302297,5.141184596977032
1991-05-10,17.54,10.5688428884151,6.971157111584899
1991-05-13,17.66,11.299329183628672,6.360670816371329
1991-05-14,18.0,10.38203448270147,7.617965517298529
1991-05-15,18.38,10.098928656050713,8.281071343949286
1991-05-16,17.24,9.872616674418307,7.367383325581692
1991-05-17,16.64,10.0161609411991,6.6238390588009
1991-05-20,17.1,10.656941399857772,6.44305860014223
1991-05-21,16.07,10.34664003433011,5.723359965669891
1991-05-22,16.16,10.419243734552069,5.740756265447931
1991-05-23,16.11,12.023546897650572,4.086453102349427
1991-05-24,15.23,11.763693297600154,3.466306702399846
1991-05-28,15.67,11.043412516065985,4.626587483934015
1991-05-29,15.9,11.353473477310933,4.546526522689067
1991-05-30,16.02,10.69670603503728,5.323293964962719
1991-05-31,15.93,12.074364579554606,3.8556354204453935
1991-06-03,16.87,12.065913972841132,4.804086027158869
1991-06-04,16.17,12.391261436996757,3.7787385630032446
1991-06-05,16.4,12.380298865536439,4.01970113446356
1991-06-06,16.93,12.805678427947612,4.124321572052388
1991-06-07,16.98,12.434141707412003,4.545858292587997
1991-06-10,17.47,12.416410109206392,5.0535898907936065
1991-06-11,17.32,12.355576878478914,4.964423121521087
1991-06-12,17.72,12.04085545133744,5.679144548662558
1991-06-13,16.99,12.189961443745526,4.8000385562544725
1991-06-14,15.98,11.64127312625224,4.33872687374776
1991-06-17,15.5,11.553363146720638,3.9466368532793616
1991-06-18,16.14,11.855252000695831,4.2847479993041695
1991-06-19,17.44,11.309180341651752,6.1308196583482495
1991-06-20,16.75,11.423318256969054,5.326681743030946
1991-06-21,16.51,11.844193514123393,4.665806485876608
1991-06-24,18.28,10.113640294177092,8.16635970582291
1991-06-25,17.85,10.171943767048774,7.678056232951228
1991-06-26,17.98,10.174184979643451,7.805815020356549
1991-06-27,17.87,10.039280850738386,7.830719149261615
1991-06-28,19.55,9.96318623734407,9.58681376265593
1991-07-01,18.64,8.533179946538242,10.106820053461758
1991-07-02,17.63,8.533179946538242,9.096820053461757
1991-07-03,19.47,7.538525054677627,11.931474945322371
1991-07-05,18.35,7.922635924993801,10.4273640750062
1991-07-08,20.29,8.458283513810729,11.83171648618927
1991-07-09,19.76,8.397671105729392,11.36232889427061
1991-07-10,19.19,8.45878714710344,10.731212852896562
1991-07-11,17.39,8.68312846847278,8.70687153152722
1991-07-12,18.29,8.389715132231991,9.900284867768008
1991-07-15,17.78,8.277093692837026,9.502906307162975
1991-07-16,17.49,8.211681922724628,9.27831807727537
1991-07-17,17.52,8.247770607867464,9.272229392132536
1991-07-18,15.77,8.354024179998678,7.4159758200013215
1991-07-19,15.5,11.787534093270008,3.7124659067299923
1991-07-22,16.9,12.04982157544263,4.8501784245573685
1991-07-23,16.58,15.004359366530862,1.5756406334691366
1991-07-24,16.41,14.915924376316816,1.4940756236831838
1991-07-25,15.74,14.940232929911176,0.7997670700888246
1991-07-26,15.45,14.957668267480805,0.4923317325191938
1991-07-29,15.67,14.95020534976033,0.7197946502396704
1991-07-30,15.47,14.944184153041022,0.5258158469589791
1991-07-31,15.18,14.925406527126903,0.25459347287309697
1991-08-01,15.47,14.931869273470163,0.5381307265298378
1991-08-02,15.26,15.268532345972302,-0.008532345972302124
1991-08-05,15.92,15.289188336860871,0.630811663139129
1991-08-06,15.54,14.745065615316962,0.794934384683037
1991-08-07,15.56,14.742135530512618,0.8178644694873825
1991-08-08,15.98,14.73843546649381,1.2415645335061907
1991-08-09,15.45,15.10948840960549,0.3405115903945095
1991-08-12,15.26,15.105826690386815,0.15417330961318498
1991-08-13,14.73,15.212790671011108,-0.4827906710111076
1991-08-14,15.09,15.499336760003724,-0.40933676000372365
1991-08-15,15.19,15.588218628182075,-0.3982186281820752
1991-08-16,16.01,15.31171316345766,0.6982868365423407
1991-08-19,21.19,12.679099337098135,8.510900662901866
1991-08-20,18.86,12.516787127693846,6.343212872306154
1991-08-21,15.62,8.008288206602119,7.61171179339788
1991-08-22,14.59,8.115991621484255,6.4740083785157445
1991-08-23,14.41,7.951580974875541,6.458419025124459
1991-08-26,14.81,7.961286328226278,6.848713671773723
1991-08-27,15.46,7.958044986050446,7.501955013949555
1991-08-28,15.31,7.25135021909732,8.05864978090268
1991-08-29,14.82,7.588264623746505,7.2317353762534955
1991-08-30,14.46,7.67904681584913,6.780953184150871
1991-09-03,16.57,7.251945945744673,9.318054054255327
1991-09-04,17.18,7.694564315151485,9.485435684848515
1991-09-05,17.31,7.910683914808041,9.399316085191959
1991-09-06,16.76,8.117233518878383,8.642766481121619
1991-09-09,17.73,8.20981851200151,9.52018148799849
1991-09-10,18.22,8.002532099279744,10.217467900720255
1991-09-11,17.96,8.43614366876256,9.523856331237441
1991-09-12,16.21,8.1235878772869,8.086412122713101
1991-09-13,17.88,8.65320518651918,9.226794813480819
1991-09-16,17.82,9.517640463896626,8.302359536103374
1991-09-17,17.68,9.702026592418841,7.977973407581159
1991-09-18,17.56,9.746414725426085,7.813585274573914
1991-09-19,17.56,9.71430079830774,7.845699201692259
1991-09-20,17.08,9.966293192556725,7.113706807443274
1991-09-23,16.38,9.941917320114992,6.438082679885007
1991-09-24,16.04,9.833089036513528,6.206910963486472
1991-09-25,15.68,10.222158284824326,5.4578417151756735
1991-09-26,15.35,10.267698865860968,5.082301134139032
1991-09-27,16.31,11.06598030000065,5.244019699999349
1991-09-30,15.85,11.083809814319375,4.766190185680625
1991-10-01,14.81,11.184446343024874,3.6255536569751268
1991-10-02,15.81,11.118201293374861,4.691798706625139
1991-10-03,17.04,10.604163333332922,6.435836666667077
1991-10-04,15.63,10.40940920513755,5.220590794862451
1991-10-07,18.58,10.182744227368296,8.397255772631702
1991-10-08,17.81,10.18449998772656,7.625500012273438
1991-10-09,18.54,9.839567063646763,8.700432936353236
1991-10-10,17.8,9.674417811941048,8.125582188058953
1991-10-11,17.6,9.671849874765542,7.92815012523446
1991-10-14,16.71,9.260781824446694,7.449218175553307
1991-10-15,16.22,8.393890635456383,7.8261093645436155
1991-10-16,14.85,8.184455999026596,6.665544000973403
1991-10-17,16.32,14.959220567930762,1.3607794320692381
1991-10-18,15.87,15.072381364602034,0.7976186353979653
1991-10-21,16.66,15.876563859979361,0.7834361400206387
1991-10-22,16.55,15.836946675417035,0.7130533245829653
1991-10-23,16.26,15.945504695681562,0.31449530431843975
1991-10-24,15.62,16.032976018194585,-0.41297601819458585
1991-10-25,15.75,16.038251775053375,-0.28825177505337507
1991-10-28,15.45,15.52349702869823,-0.07349702869823105
1991-10-29,15.55,15.318169603448148,0.2318303965518531
1991-10-30,15.46,15.116134426499483,0.3438655735005174
1991-10-31,15.48,16.054259247938,-0.5742592479379987
1991-11-01,15.6,16.055679368995964,-0.4556793689959644
1991-11-04,16.35,16.035030402216353,0.31496959778364797
1991-11-05,16.48,16.101627246958696,0.3783727530413046
1991-11-06,16.47,16.1357615252582,0.3342384747417988
1991-11-07,15.97,15.692647960111858,0.27735203988814305
1991-11-08,15.43,15.680415810813276,-0.25041581081327635
1991-11-11,14.89,15.63572831690302,-0.7457283169030191
1991-11-12,14.04,15.6793941209475,-1.6393941209475003
1991-11-13,13.95,15.963589821841543,-2.013589821841544
1991-11-14,13.96,16.001363691885853,-2.041363691885852
1991-11-15,21.18,10.299473772965422,10.880526227034578
1991-11-18,18.28,10.145696624678004,8.134303375321997
1991-11-19,20.34,8.537566397984996,11.802433602015004
1991-11-20,20.4,9.138244908077393,11.261755091922605
1991-11-21,19.11,11.852118797919731,7.257881202080268
1991-11-22,21.2,11.292285862481611,9.907714137518388
1991-11-25,21.92,11.76852242212258,10.151477577877422
1991-11-26,19.8,11.7851109455958,8.0148890544042
1991-11-27,19.84,12.954762830712173,6.8852371692878265
1991-11-29,20.26,12.754994315953324,7.505005684046678
1991-12-02,20.18,12.486925962782104,7.693074037217896
1991-12-03,19.7,12.426351033187569,7.273648966812431
1991-12-04,19.54,12.368909410291666,7.171090589708333
1991-12-05,20.19,11.923435746461744,8.266564253538258
1991-12-06,19.04,11.922323599030587,7.117676400969412
1991-12-09,19.74,11.680974274434545,8.059025725565453
1991-12-10,19.89,12.147641746446167,7.742358253553833
1991-12-11,20.57,12.114181771791346,8.455818228208654
1991-12-12,19.08,12.373512031755642,6.706487968244357
1991-12-13,17.88,12.362970516829751,5.517029483170248
1991-12-16,17.62,12.900920897362395,4.719079102637606
1991-12-17,18.12,12.53126011221544,5.588739887784561
1991-12-18,17.78,13.078256764569266,4.701743235430735
1991-12-19,17.96,13.911894191662109,4.048105808337892
1991-12-20,17.65,14.18753678409335,3.4624632159066486
1991-12-23,16.61,12.740252744745767,3.8697472552542322
1991-12-24,15.67,12.609658203139453,3.0603417968605466
1991-12-26,15.44,11.924175443191126,3.515824556808873
1991-12-27,15.7,11.84805300460807,3.8519469953919288
1991-12-30,17.63,10.352848883278586,7.277151116721413
1991-12-31,19.31,10.23122866521918,9.078771334780818
1992-01-02,18.95,10.384028120146956,8.565971879853043
1992-01-03,18.75,10.223003472561414,8.526996527438586
1992-01-06,18.96,10.837058641531964,8.122941358468037
1992-01-07,19.23,10.863137668279945,8.366862331720055
1992-01-08,18.72,10.784171734537736,7.935828265462263
1992-01-09,18.96,10.945969121096711,8.01403087890329
1992-01-10,18.45,10.847252186614021,7.602747813385978
1992-01-13,18.01,10.832722649454412,7.177277350545589
1992-01-14,17.01,10.260497063982946,6.7495029360170555
1992-01-15,17.39,10.592053625242027,6.797946374757974
1992-01-16,17.64,10.416456211207473,7.223543788792528
1992-01-17,16.32,11.169307946332346,5.150692053667655
1992-01-20,16.42,10.98103820228319,5.4389617977168125
1992-01-21,17.92,11.169823633343661,6.750176366656341
1992-01-22,16.75,10.203975695776757,6.546024304223243
1992-01-23,16.46,10.101797859787274,6.358202140212727
1992-01-24,16.24,10.187292083768028,6.05270791623197
1992-01-27,16.67,11.033400201207362,5.6365997987926395
1992-01-28,17.67,11.045802822792133,6.6241971772078685
1992-01-29,17.62,10.463272910519088,7.156727089480913
1992-01-30,17.49,10.369266126394992,7.1207338736050065
1992-01-31,17.4,10.179443992674775,7.220556007325223
1992-02-03,18.2,10.509133170723581,7.690866829276418
1992-02-04,17.96,10.276869173050848,7.683130826949153
1992-02-05,18.22,10.334362099326833,7.885637900673165
1992-02-06,18.79,10.365249635199477,8.424750364800522
1992-02-07,18.51,10.457370606419323,8.052629393580679
1992-02-10,18.56,10.5255289653301,8.034471034669899
1992-02-11,17.7,10.514909414731207,7.185090585268792
1992-02-12,17.37,10.085861391076271,7.28413860892373
1992-02-13,17.45,9.780754572117782,7.669245427882217
1992-02-14,17.03,10.191743717343114,6.838256282656888
1992-02-18,18.22,9.292474374460372,8.927525625539626
1992-02-19,17.16,9.311225483254214,7.848774516745786
1992-02-20,16.72,8.139710068546838,8.58028993145316
1992-02-21,16.87,8.00088995049943,8.869110049500572
1992-02-24,17.13,8.046131989969018,9.083868010030981
1992-02-25,16.35,7.921681639652199,8.428318360347802
1992-02-26,16.64,6.586923409301407,10.053076590698595
1992-02-27,16.51,7.441798169797603,9.068201830202398
1992-02-28,16.68,7.428749558304074,9.251250441695927
1992-03-02,16.88,7.440830598797622,9.439169401202378
1992-03-03,17.26,7.438169129564274,9.821830870435727
1992-03-04,17.89,7.753623668969432,10.136376331030569
1992-03-05,18.47,7.287443996354477,11.182556003645523
1992-03-06,19.75,7.880560893743717,11.869439106256284
1992-03-09,19.68,10.001209926804004,9.678790073195996
1992-03-10,18.68,10.202582026134518,8.477417973865482
1992-03-11,19.79,11.819091335631638,7.970908664368361
1992-03-12,19.72,12.155280334077153,7.564719665922846
1992-03-13,18.35,12.160422690022036,6.189577309977965
1992-03-16,18.46,13.146865786186554,5.313134213813447
1992-03-17,16.79,13.205371634301045,3.584628365698954
1992-03-18,16.69,13.25083846403701,3.4391615359629917
1992-03-19,16.52,14.240091291842297,2.279908708157702
1992-03-20,16.82,14.210148486205302,2.6098515137946983
1992-03-23,16.73,14.194589109939137,2.535410890060863
1992-03-24,16.32,14.210431379799937,2.109568620200063
1992-03-25,16.19,14.295600721900522,1.8943992780994794
1992-03-26,16.29,14.304462240853471,1.9855377591465277
1992-03-27,16.02,13.822794218246997,2.197205781753002
1992-03-30,15.97,14.088919050090487,1.8810809499095136
1992-03-31,16.18,14.400079166449139,1.779920833550861
1992-04-01,16.48,14.51045554074725,1.9695444592527505
1992-04-02,17.06,14.378538173263733,2.6814618267362658
1992-04-03,16.72,14.371087641511423,2.348912358488576
1992-04-06,16.72,14.093964665771036,2.6260353342289626
1992-04-07,18.81,12.309337918832282,6.500662081167716
1992-04-08,20.15,11.476673734144494,8.673326265855504
1992-04-09,17.89,10.339208867220078,7.550791132779922
1992-04-10,16.85,10.380144507664737,6.469855492335265
1992-04-13,16.99,10.318348705098236,6.671651294901762
1992-04-14,15.98,9.607634464320688,6.372365535679313
1992-04-15,15.15,9.293907681917375,5.856092318082625
1992-04-16,14.85,9.46972861279576,5.380271387204239
1992-04-20,15.93,8.176153129681616,7.753846870318384
1992-04-21,16.53,8.161742461019122,8.36825753898088
1992-04-22,15.96,8.511805918840171,7.44819408115983
1992-04-23,15.83,8.524372117640253,7.305627882359747
1992-04-24,15.71,8.7097255984332,7.0002744015668
1992-04-27,16.49,8.685967994415044,7.804032005584954
1992-04-28,16.24,9.13144676379392,7.108553236206079
1992-04-29,15.95,8.765422978955579,7.18457702104442
1992-04-30,15.53,8.361884954960965,7.168115045039034
1992-05-01,16.61,8.505924993791243,8.104075006208756
1992-05-04,16.92,7.72315220619163,9.196847793808372
1992-05-05,16.66,7.775415101459387,8.884584898540613
1992-05-06,16.81,7.7714323004194465,9.038567699580552
1992-05-07,16.54,7.764990663227015,8.775009336772985
1992-05-08,15.65,8.265160615499422,7.384839384500578
1992-05-11,15.17,8.254438805879106,6.915561194120894
1992-05-12,15.68,8.22589569591074,7.45410430408926
1992-05-13,15.19,8.317076409412314,6.8729235905876855
1992-05-14,15.49,7.897885793046309,7.592114206953691
1992-05-15,14.82,7.819705876821885,7.000294123178115
1992-05-18,14.62,9.119473669022952,5.500526330977047
1992-05-19,13.57,8.5959990693347,4.9740009306653
1992-05-20,13.62,9.08228385374532,4.537716146254679
1992-05-21,13.92,8.936274391490166,4.983725608509834
1992-05-22,13.73,8.948418854747631,4.781581145252369
1992-05-26,14.92,8.722364358360803,6.197635641639197
1992-05-27,13.99,8.638312335173051,5.351687664826949
1992-05-28,13.77,7.847447992819255,5.9225520071807445
1992-05-29,13.86,9.463701178714533,4.396298821285466
1992-06-01,14.43,9.289135589493938,5.140864410506062
1992-06-02,14.57,9.959608426037777,4.610391573962223
1992-06-03,14.35,9.969411216315773,4.380588783684226
1992-06-04,13.66,10.038073520352532,3.6219264796474686
1992-06-05,14.65,10.621881189318717,4.028118810681283
1992-06-08,15.19,10.65094362016825,4.539056379831749
1992-06-09,15.97,10.812731384807567,5.157268615192434
1992-06-10,16.62,10.485097996680931,6.13490200331907
1992-06-11,16.29,10.479328222744169,5.8106717772558305
1992-06-12,14.95,10.641407801602307,4.308592198397692
1992-06-15,14.76,10.658478315407056,4.101521684592944
1992-06-16,15.22,10.46091582988805,4.759084170111951
1992-06-17,18.08,8.917871943462872,9.162128056537126
1992-06-18,18.2,8.96025892483037,9.23974107516963
1992-06-19,16.31,8.771854991961641,7.538145008038358
1992-06-22,16.66,9.111351162149464,7.548648837850536
1992-06-23,14.53,9.100050549310284,5.4299494506897155
1992-06-24,14.4,9.078715768213167,5.321284231786834
1992-06-25,14.4,9.027777135042845,5.3722228649571555
1992-06-26,14.67,9.926769867383966,4.743230132616034
1992-06-29,13.21,9.525164565507636,3.6848354344923653
1992-06-30,13.35,9.55250752420548,3.7974924757945203
1992-07-01,13.34,9.001646516054848,4.338353483945152
1992-07-02,13.88,8.871489164734538,5.008510835265463
1992-07-06,14.87,8.876458753354424,5.9935412466455755
1992-07-07,15.83,8.166908839946869,7.663091160053131
1992-07-08,15.53,8.352149423950838,7.1778505760491615
1992-07-09,14.6,7.877073060471284,6.7229269395287155
1992-07-10,13.7,7.8681560736936635,5.831843926306336
1992-07-13,14.01,7.890999936636833,6.119000063363167
1992-07-14,13.5,7.700605171024068,5.799394828975932
1992-07-15,12.52,7.687504146340514,4.832495853659486
1992-07-16,12.27,7.861221279165378,4.408778720834621
1992-07-17,12.6,7.602531157450292,4.997468842549708
1992-07-20,12.66,7.336980305275626,5.323019694724374
1992-07-21,12.6,7.779742926344194,4.820257073655806
1992-07-22,13.57,7.322196391794093,6.247803608205907
1992-07-23,13.33,7.855861505907709,5.4741384940922915
1992-07-24,13.37,8.869236720259678,4.500763279740321
1992-07-27,13.9,8.870082299505604,5.029917700494396
1992-07-28,13.05,7.705979496469137,5.344020503530864
1992-07-29,13.44,6.676196521972883,6.763803478027117
1992-07-30,13.5,6.570680330072588,6.929319669927412
1992-07-31,13.17,6.502802472780704,6.667197527219296
1992-08-03,13.83,6.684719889419663,7.145280110580337
1992-08-04,13.58,7.02441741356554,6.55558258643446
1992-08-05,13.82,6.856672662450987,6.963327337549013
1992-08-06,14.23,6.7946478937471575,7.435352106252843
1992-08-07,13.94,7.027252663737283,6.912747336262717
1992-08-10,14.51,7.2066552574688,7.3033447425312
1992-08-11,15.09,7.786588469927161,7.303411530072839
1992-08-12,14.88,7.697893218277491,7.18210678172251
1992-08-13,15.34,9.027743904210089,6.312256095789911
1992-08-14,14.66,9.824041938021365,4.835958061978635
1992-08-17,14.61,9.808528941691645,4.801471058308355
1992-08-18,13.84,9.803585058538669,4.036414941461331
1992-08-19,14.35,9.653668732663375,4.696331267336625
1992-08-20,14.48,9.664216471085616,4.815783528914384
1992-08-21,15.01,10.003837263770466,5.006162736229534
1992-08-24,16.19,9.030116278321252,7.159883721678749
1992-08-25,15.62,9.078676114941121,6.541323885058878
1992-08-26,14.5,9.774298951843173,4.725701048156827
1992-08-27,13.66,9.800561208420797,3.859438791579203
1992-08-28,13.14,9.77920855693356,3.360791443066441
1992-08-31,13.58,9.83070292502029,3.74929707497971
1992-09-01,13.4,9.867571129715895,3.5324288702841056
1992-09-02,12.73,10.648763308478724,2.0812366915212763
1992-09-03,12.88,10.934698898460939,1.9453011015390622
1992-09-04,12.98,10.968753803418272,2.0112461965817285
1992-09-08,13.65,10.946917374311493,2.7030826256885074
1992-09-09,13.36,11.262246667517225,2.0977533324827746
1992-09-10,12.92,11.251165272984082,1.668834727015918
1992-09-11,12.47,11.872805902565867,0.5971940974341337
1992-09-14,13.0,10.78048236397625,2.2195176360237507
1992-09-15,13.63,10.217596586282061,3.4124034137179393
1992-09-16,14.72,10.241128844029003,4.478871155970998
1992-09-17,14.31,10.414439975342065,3.895560024657936
1992-09-18,13.74,10.791318733130014,2.948681266869986
1992-09-21,13.45,10.8171086709898,2.6328913290101994
1992-09-22,13.88,10.217948913554158,3.6620510864458424
1992-09-23,13.83,10.235854629682988,3.594145370317012
1992-09-24,13.44,10.154640318593401,3.2853596814065984
1992-09-25,14.8,9.861841613005277,4.938158386994724
1992-09-28,15.19,9.821726935727877,5.368273064272122
1992-09-29,14.97,9.932987466014568,5.037012533985433
1992-09-30,14.28,9.899587870209674,4.380412129790326
1992-10-01,16.31,9.830983674078729,6.47901632592127
1992-10-02,17.79,8.810266738300395,8.979733261699604
1992-10-05,20.01,8.418664977299088,11.591335022700914
1992-10-06,19.95,8.719075639080229,11.23092436091977
1992-10-07,21.02,8.37931739463318,12.64068260536682
1992-10-08,19.26,8.096399199644386,11.163600800355615
1992-10-09,20.51,6.775511788787776,13.734488211212225
1992-10-12,19.49,6.26683652252093,13.22316347747907
1992-10-13,17.9,6.625840324064727,11.274159675935271
1992-10-14,18.42,6.607014454350935,11.812985545649067
1992-10-15,17.11,6.635965641864202,10.474034358135796
1992-10-16,17.01,6.830581234419385,10.179418765580618
1992-10-19,17.31,6.5403394407325965,10.769660559267402
1992-10-20,16.87,6.973796670394278,9.896203329605722
1992-10-21,16.62,6.979833808909944,9.640166191090056
1992-10-22,15.84,7.115158466260764,8.724841533739236
1992-10-23,16.46,7.217387338919967,9.242612661080035
1992-10-26,16.32,7.008426356893698,9.311573643106303
1992-10-27,16.24,7.037320512808992,9.202679487191006
1992-10-28,15.95,6.959956896418413,8.990043103581586
1992-10-29,15.47,6.974424707458116,8.495575292541885
1992-10-30,16.15,6.796343134362935,9.353656865637063
1992-11-02,16.67,6.563709317146997,10.106290682853004
1992-11-03,17.33,6.148355877793856,11.181644122206142
1992-11-04,16.28,5.791818367318002,10.488181632682
1992-11-05,15.38,5.929212426621444,9.450787573378557
1992-11-06,14.69,5.893891753332607,8.796108246667393
1992-11-09,14.23,6.153350306946791,8.07664969305321
1992-11-10,14.37,6.420373820892536,7.949626179107463
1992-11-11,13.99,6.014841643800968,7.9751583561990325
1992-11-12,14.37,6.105924991350806,8.264075008649193
1992-11-13,14.61,6.183435938052755,8.426564061947245
1992-11-16,14.86,6.221202456117497,8.638797543882504
1992-11-17,15.01,6.46457423191986,8.54542576808014
1992-11-18,14.55,6.887832750582888,7.662167249417113
1992-11-19,14.33,6.94779101585549,7.38220898414451
1992-11-20,13.67,6.738216381209668,6.931783618790332
1992-11-23,13.4,6.650948804494162,6.749051195505839
1992-11-24,12.66,6.445835865114962,6.2141641348850385
1992-11-25,12.5,6.389591536240981,6.110408463759019
1992-11-27,12.58,6.3901361487845,6.1898638512155
1992-11-30,13.01,6.339059867204474,6.670940132795526
1992-12-01,12.8,6.386473205142446,6.413526794857555
1992-12-02,12.56,6.444718768107917,6.115281231892084
1992-12-03,12.03,6.5085297879016,5.521470212098399
1992-12-04,11.81,6.310058636811744,5.499941363188256
1992-12-07,12.0,6.517152752544826,5.482847247455174
1992-12-08,11.73,6.515826885361727,5.214173114638274
1992-12-09,12.58,6.651706547947123,5.928293452052877
1992-12-10,12.75,6.564541111151836,6.185458888848164
1992-12-11,12.34,6.76887582985554,5.57112417014446
1992-12-14,12.66,7.154388862789221,5.505611137210779
1992-12-15,12.41,7.16615378009727,5.24384621990273
1992-12-16,12.58,6.976893291430102,5.603106708569898
1992-12-17,12.14,6.495463031994136,5.644536968005864
1992-12-18,11.66,5.347444249358995,6.312555750641005
1992-12-21,11.65,5.55293435941778,6.097065640582221
1992-12-22,11.75,5.605276085974937,6.144723914025063
1992-12-23,11.51,6.0778845003835364,5.432115499616463
1992-12-24,11.57,6.064107518835929,5.5058924811640715
1992-12-28,12.22,6.4041205485220605,5.81587945147794
1992-12-29,12.29,6.399706243258553,5.890293756741446
1992-12-30,12.6,6.378999921618006,6.221000078381993
1992-12-31,12.57,6.900686922328994,5.669313077671006
1993-01-04,13.36,6.758434730024576,6.601565269975423
1993-01-05,13.35,7.264733993753815,6.085266006246185
1993-01-06,13.37,7.388296149993055,5.981703850006944
1993-01-07,14.72,6.810418489344261,7.909581510655739
1993-01-08,13.77,6.628719333325417,7.141280666674582
1993-01-11,12.86,7.23001244812222,5.62998755187778
1993-01-12,12.78,7.207903994921285,5.5720960050787145
1993-01-13,12.42,7.12468104549265,5.29531895450735
1993-01-14,11.99,7.280953234295794,4.7090467657042065
1993-01-15,11.57,12.038373644309381,-0.46837364430938067
1993-01-18,11.49,12.102923613739067,-0.612923613739067
1993-01-19,12.06,12.087198186511324,-0.027198186511323996
1993-01-20,12.15,12.17229805747471,-0.022298057474710475
1993-01-21,11.69,12.059810943791891,-0.36981094379189194
1993-01-22,11.3,12.006328331342713,-0.7063283313427124
1993-01-25,11.38,12.794658260383612,-1.4146582603836109
1993-01-26,11.45,12.894808257589666,-1.444808257589667
1993-01-27,12.01,12.797893576679037,-0.7878935766790374
1993-01-28,12.04,12.80863458765229,-0.76863458765229
1993-01-29,12.42,13.436803191235722,-1.0168031912357218
1993-02-01,12.33,13.233657090917934,-0.9036570909179336
1993-02-02,12.25,13.319409896838618,-1.0694098968386179
1993-02-03,12.12,12.888120111172253,-0.7681201111722533
1993-02-04,12.29,13.916909139604334,-1.6269091396043347
1993-02-05,12.9,13.863025643776417,-0.9630256437764171
1993-02-08,13.22,13.921374932096416,-0.7013749320964155
1993-02-09,13.48,13.766528974291322,-0.28652897429132196
1993-02-10,13.43,14.030642180598955,-0.600642180598955
1993-02-11,12.69,14.03306666413306,-1.34306666413306
1993-02-12,12.38,13.841407442886814,-1.461407442886813
1993-02-16,15.76,10.052032630269474,5.707967369730525
1993-02-17,15.9,9.962861034863538,5.937138965136462
1993-02-18,15.56,10.174715720844597,5.385284279155403
1993-02-19,15.02,10.354709073653508,4.665290926346492
1993-02-22,14.7,10.322499697263366,4.3775003027366335
1993-02-23,15.04,10.354709073653508,4.685290926346491
1993-02-24,14.72,9.486991093070676,5.233008906929324
1993-02-25,13.76,9.568604913988372,4.191395086011628
1993-02-26,13.16,9.624406475206792,3.5355935247932084
1993-03-01,13.6,9.643221453435693,3.9567785465643066
1993-03-02,12.49,8.829607012772566,3.660392987227434
1993-03-03,13.13,8.806200088574103,4.323799911425898
1993-03-04,13.44,11.208298711222978,2.231701288777021
1993-03-05,14.08,11.216058131090561,2.863941868909439
1993-03-08,16.22,9.620808697817603,6.599191302182396
1993-03-09,14.17,9.715968299660247,4.454031700339753
1993-03-10,13.91,9.455994923856661,4.454005076143339
1993-03-11,14.26,10.647715247883124,3.612284752116876
1993-03-12,15.66,10.474723862708872,5.185276137291128
1993-03-15,14.74,10.40070766823117,4.33929233176883
1993-03-16,14.51,10.407749036175051,4.1022509638249485
1993-03-17,14.53,10.11387759467172,4.416122405328279
1993-03-18,14.17,9.876304977065194,4.293695022934806
1993-03-19,13.23,9.892949004215211,3.3370509957847894
1993-03-22,13.66,9.819289179976456,3.840710820023544
1993-03-23,13.02,10.099095008960099,2.920904991039901
1993-03-24,12.44,10.244936310197481,2.1950636898025184
1993-03-25,12.08,10.303510081520907,1.7764899184790934
1993-03-26,12.21,10.955929901199754,1.2540700988002467
1993-03-29,12.63,10.803949277926238,1.826050722073763
1993-03-30,12.23,10.70071586390382,1.5292841360961802
1993-03-31,12.53,10.812459479692993,1.717540520307006
1993-04-01,13.02,11.045281345443527,1.9747186545564723
1993-04-02,14.5,8.822333024773126,5.677666975226874
1993-04-05,14.12,8.872970190415526,5.247029809584474
1993-04-06,14.24,8.803644699782161,5.436355300217839
1993-04-07,13.64,8.766456524731218,4.873543475268782
1993-04-08,12.83,8.744294139609128,4.085705860390872
1993-04-12,11.93,7.584674020681616,4.345325979318384
1993-04-13,11.7,7.484552090806948,4.215447909193052
1993-04-14,11.76,8.441369557127729,3.318630442872271
1993-04-15,10.96,8.437117991352423,2.522882008647578
1993-04-16,11.29,8.469597393028948,2.820402606971051
1993-04-19,12.06,8.403542110324828,3.6564578896751723
1993-04-20,11.94,9.685519087792997,2.2544809122070024
1993-04-21,12.11,9.885134293473328,2.2248657065266713
1993-04-22,12.68,9.962120256250797,2.7178797437492026
1993-04-23,13.36,9.667860156208425,3.6921398437915744
1993-04-26,15.25,8.69948274324412,6.55051725675588
1993-04-27,13.93,8.797992952941156,5.132007047058844
1993-04-28,13.12,8.882823875322659,4.23717612467734
1993-04-29,12.8,9.109480775543814,3.690519224456187
1993-04-30,12.42,9.312417516413355,3.1075824835866452
1993-05-03,12.9,9.212315669797812,3.687684330202188
1993-05-04,12.14,9.15243574137521,2.98756425862479
1993-05-05,12.38,9.423801780598023,2.956198219401978
1993-05-06,13.22,9.703918796032998,3.516081203967003
1993-05-07,13.01,10.087360407956215,2.922639592043785
1993-05-10,13.72,10.102908492112682,3.6170915078873183
1993-05-11,13.35,10.05279065732509,3.2972093426749094
1993-05-12,13.56,10.142242355613602,3.4177576443863984
1993-05-13,14.76,9.207116812553345,5.552883187446655
1993-05-14,14.39,9.237902359302272,5.152097640697729
1993-05-17,14.13,9.238986957453857,4.8910130425461436
1993-05-18,14.19,9.252173798627133,4.937826201372866
1993-05-19,14.29,8.42665770041733,5.863342299582669
1993-05-20,13.98,8.161815974401941,5.818184025598059
1993-05-21,14.51,7.679374974566786,6.830625025433214
1993-05-24,14.1,7.735068196208919,6.36493180379108
1993-05-25,14.04,8.073646016515875,5.966353983484124
1993-05-26,12.88,7.304196054324029,5.575803945675972
1993-05-27,13.1,8.249232691590327,4.850767308409672
1993-05-28,13.47,8.162102670268402,5.307897329731599
1993-06-01,13.67,7.724216465118169,5.945783534881831
1993-06-02,13.48,7.749970322523994,5.730029677476006
1993-06-03,13.54,7.8830273372609,5.656972662739099
1993-06-04,12.86,8.093130420301078,4.7668695796989216
1993-06-07,14.07,7.7756465969077215,6.294353403092279
1993-06-08,14.74,8.085765269905036,6.654234730094965
1993-06-09,13.96,8.055790464008016,5.904209535991985
1993-06-10,13.31,8.03286250349167,5.277137496508331
1993-06-11,12.71,7.959590441725159,4.750409558274842
1993-06-14,12.33,8.064284221181845,4.265715778818155
1993-06-15,11.99,8.075503699460642,3.9144963005393585
1993-06-16,11.87,8.507258077665364,3.362741922334635
1993-06-17,11.66,8.490950476831353,3.1690495231686473
1993-06-18,12.24,7.83220275529193,4.40779724470807
1993-06-21,12.25,7.7682121495233725,4.4817878504766275
1993-06-22,11.65,8.040425361882452,3.6095746381175484
1993-06-23,12.04,8.006399940048118,4.0336000599518815
1993-06-24,12.25,7.883651438261492,4.366348561738508
1993-06-25,11.25,7.8743761657672,3.3756238342328
1993-06-28,11.11,6.9202485504498075,4.189751449550192
1993-06-29,11.29,7.150983149190229,4.13901685080977
1993-06-30,11.26,7.2592809561279985,4.000719043872001
1993-07-01,11.51,7.356507323451979,4.153492676548021
1993-07-02,11.33,7.137814791657355,4.192185208342645
1993-07-06,13.87,6.482925265649948,7.387074734350051
1993-07-07,13.05,6.497531839091092,6.552468160908909
1993-07-08,12.24,5.483006474554133,6.756993525445867
1993-07-09,10.8,5.690402446224916,5.109597553775084
1993-07-12,10.85,5.713636320243225,5.136363679756775
1993-07-13,11.02,5.720468512281361,5.299531487718639
1993-07-14,10.78,5.6441580417279775,5.135841958272022
1993-07-15,10.6,5.628829363198228,4.971170636801772
1993-07-16,10.96,5.1833541264322704,5.77664587356773
1993-07-19,11.46,5.187427107921846,6.272572892078155
1993-07-20,11.05,5.412928966835088,5.637071033164912
1993-07-21,11.97,5.372172744802829,6.5978272551971715
1993-07-22,11.69,4.785666097838661,6.904333902161339
1993-07-23,11.32,4.727185208980326,6.592814791019674
1993-07-26,11.32,5.232685734878633,6.087314265121368
1993-07-27,11.34,5.070278098881984,6.269721901118015
1993-07-28,11.37,5.0188245635808295,6.35117543641917
1993-07-29,11.25,4.869854207263535,6.380145792736465
1993-07-30,11.73,4.543588889853735,7.186411110146265
1993-08-02,11.47,4.573020883398882,6.896979116601119
1993-08-03,11.49,4.547126565206018,6.942873434793982
1993-08-04,11.71,4.690539414609188,7.019460585390813
1993-08-05,12.03,4.635674708173805,7.394325291826195
1993-08-06,12.33,5.595237260385155,6.734762739614845
1993-08-09,12.39,6.043293803879014,6.346706196120986
1993-08-10,12.31,6.081062407178735,6.228937592821265
1993-08-11,12.07,6.6640618244432845,5.405938175556716
1993-08-12,12.38,6.5038819177474565,5.876118082252544
1993-08-13,12.19,6.940472606386572,5.249527393613428
1993-08-16,12.01,6.844928049293318,5.165071950706682
1993-08-17,11.59,6.898182369291382,4.691817630708618
1993-08-18,11.52,6.661035955465376,4.858964044534623
1993-08-19,11.63,6.98985836766401,4.6401416323359905
1993-08-20,11.62,7.305288495330123,4.3147115046698765
1993-08-23,12.15,7.879175083725616,4.2708249162743845
1993-08-24,11.8,7.430881508946471,4.36911849105353
1993-08-25,12.1,7.433594016355924,4.666405983644076
1993-08-26,12.14,7.9187120164836475,4.221287983516353
1993-08-27,11.91,7.907565997195502,4.002434002804498
1993-08-30,11.74,7.8937139547872235,3.8462860452127767
1993-08-31,11.85,7.752486052873787,4.097513947126212
1993-09-01,11.48,7.838841751177439,3.6411582488225616
1993-09-02,11.87,7.798938389293926,4.0710616107060735
1993-09-03,11.16,7.802538048609732,3.3574619513902677
1993-09-07,12.9,7.297424203100879,5.602575796899122
1993-09-08,13.24,6.961939384970431,6.2780606150295695
1993-09-09,12.67,6.882037489000077,5.787962510999923
1993-09-10,11.7,6.240951850479425,5.459048149520575
1993-09-13,12.16,6.281639913271257,5.878360086728743
1993-09-14,13.15,5.9048048231929275,7.245195176807073
1993-09-15,12.7,6.5146112700607395,6.18538872993926
1993-09-16,13.36,6.501824359362712,6.858175640637287
1993-09-17,13.39,6.64770035425803,6.74229964574197
1993-09-20,14.6,6.9590257938882765,7.640974206111723
1993-09-21,17.3,6.517511795156364,10.782488204843638
1993-09-22,13.75,6.017464582363774,7.732535417636226
1993-09-23,13.36,5.967763400135975,7.392236599864025
1993-09-24,12.47,5.968125333804786,6.5018746661952145
1993-09-27,12.49,5.3677481312001385,7.122251868799862
1993-09-28,12.19,5.430878381993336,6.759121618006663
1993-09-29,12.63,5.6530381212231795,6.976961878776821
1993-09-30,12.99,5.664913061998609,7.325086938001391
1993-10-01,11.83,5.63837210549308,6.19162789450692
1993-10-04,12.85,5.6640868637409225,7.185913136259077
1993-10-05,12.97,7.27749132599982,5.69250867400018
1993-10-06,12.68,8.656920930677533,4.023079069322467
1993-10-07,13.14,8.78669903888842,4.3533009611115805
1993-10-08,12.04,8.826269880306327,3.213730119693672
1993-10-11,12.26,8.823373504505103,3.436626495494897
1993-10-12,12.41,9.088154928257035,3.321845071742965
1993-10-13,11.38,9.062092473595856,2.317907526404145
1993-10-14,11.0,8.622301316934053,2.3776986830659474
1993-10-15,10.87,8.520126759620585,2.3498732403794147
1993-10-18,11.33,8.610351909184821,2.7196480908151788
1993-10-19,11.61,8.384457048610999,3.2255429513890004
1993-10-20,11.32,8.47163738600766,2.8483626139923395
1993-10-21,11.2,8.518584389439523,2.6814156105604763
1993-10-22,11.48,9.214959576688484,2.2650404233115164
1993-10-25,11.83,9.465907246534943,2.364092753465057
1993-10-26,11.83,9.651953170213927,2.178046829786073
1993-10-27,12.01,9.651953170213927,2.3580468297860726
1993-10-28,11.88,9.439247851391695,2.440752148608306
1993-10-29,11.46,9.366811624026758,2.0931883759732433
1993-11-01,11.78,9.387542809489753,2.392457190510246
1993-11-02,11.74,9.450530143859801,2.289469856140199
1993-11-03,13.26,8.519373216381743,4.740626783618257
1993-11-04,14.68,6.976282677759153,7.703717322240847
1993-11-05,14.97,6.845638027240593,8.124361972759408
1993-11-08,14.31,6.819662748259807,7.490337251740193
1993-11-09,13.94,6.998711309948607,6.941288690051392
1993-11-10,13.72,6.617005364967042,7.1029946350329585
1993-11-11,13.88,6.649694729835542,7.230305270164458
1993-11-12,13.33,6.7389999258052145,6.591000074194786
1993-11-15,14.46,6.632329907355534,7.827670092644467
1993-11-16,15.11,6.537549999809003,8.572450000190997
1993-11-17,15.57,6.694263215619967,8.875736784380035
1993-11-18,14.65,6.545346438501369,8.104653561498631
1993-11-19,15.03,6.511045998916192,8.518954001083808
1993-11-22,15.9,5.1649859631951,10.7350140368049
1993-11-23,14.27,4.908144252159104,9.361855747840895
1993-11-24,13.51,5.013082883815351,8.496917116184648
1993-11-26,13.77,5.0049135856678335,8.765086414332167
1993-11-29,14.12,4.90979429304349,9.21020570695651
1993-11-30,13.76,5.0184898126829385,8.741510187317061
1993-12-01,13.83,4.9751663288781085,8.854833671121892
1993-12-02,13.51,5.227339667555815,8.282660332444184
1993-12-03,12.69,5.113335506301396,7.576664493698604
1993-12-06,12.84,5.068171267824575,7.7718287321754245
1993-12-07,12.41,5.07775147087789,7.3322485291221104
1993-12-08,12.46,5.312773287088629,7.147226712911372
1993-12-09,12.43,5.765434935891862,6.664565064108138
1993-12-10,12.6,5.811560891877707,6.788439108122293
1993-12-13,10.98,5.806603137808061,5.1733968621919395
1993-12-14,11.13,5.332725382016439,5.797274617983562
1993-12-15,11.03,5.335020149915303,5.694979850084696
1993-12-16,10.9,5.492507624027695,5.407492375972305
1993-12-17,11.08,5.145059766416947,5.9349402335830534
1993-12-20,10.75,5.145059766416947,5.604940233583053
1993-12-21,10.08,5.009994011972705,5.070005988027295
1993-12-22,9.31,5.00021199550603,4.309788004493971
1993-12-23,9.48,5.372128069955374,4.1078719300446265
1993-12-27,9.7,5.153786957180373,4.546213042819626
1993-12-28,9.82,5.277408454914449,4.542591545085552
1993-12-29,10.46,5.8675378141092915,4.592462185890709
1993-12-30,10.69,5.862739973766736,4.8272600262332634
1993-12-31,11.66,6.021571223526491,5.638428776473509
1994-01-03,12.57,5.852107312755151,6.7178926872448494
1994-01-04,11.91,5.928362337104766,5.981637662895234
1994-01-05,10.94,6.053709606514202,4.8862903934857975
1994-01-06,11.27,10.432899884500117,0.837100115499883
1994-01-07,10.96,10.363136590820492,0.5968634091795089
1994-01-10,10.74,9.880477721244182,0.8595222787558185
1994-01-11,11.29,9.992789400362772,1.2972105996372267
1994-01-12,11.65,10.262759862727114,1.3872401372728866
1994-01-13,12.08,10.250422430319768,1.8295775696802323
1994-01-14,11.15,10.109534113894798,1.0404658861052027
1994-01-17,11.88,10.223414302472664,1.656585697527337
1994-01-18,11.63,10.218688761284522,1.411311238715479
1994-01-19,11.76,10.338912902235062,1.4210870977649375
1994-01-20,11.16,10.420677521159682,0.7393224788403181
1994-01-21,11.09,10.686655229771505,0.4033447702284949
1994-01-24,11.6,10.572657187292258,1.027342812707742
1994-01-25,11.38,11.396762698240352,-0.016762698240350815
1994-01-26,11.17,11.372466750885787,-0.2024667508857867
1994-01-27,10.3,11.077929409415948,-0.7779294094159468
1994-01-28,9.94,11.02741130093563,-1.0874113009356297
1994-01-31,10.63,10.747159624756808,-0.11715962475680719
1994-02-01,10.65,10.742066840231582,-0.09206684023158118
1994-02-02,10.61,10.762975425039437,-0.15297542503943795
1994-02-03,10.75,11.035113048809368,-0.28511304880936805
1994-02-04,15.25,7.610521664117553,7.639478335882447
1994-02-07,13.96,7.536447438946459,6.423552561053542
1994-02-08,13.66,7.809409708806594,5.850590291193406
1994-02-09,13.3,7.809409708806594,5.490590291193406
1994-02-10,14.24,7.557523403867343,6.682476596132657
1994-02-11,14.46,7.558055305434237,6.901944694565763
1994-02-14,14.28,7.8023842509839625,6.477615749016037
1994-02-15,13.4,7.698945382323647,5.701054617676354
1994-02-16,13.13,7.698945382323647,5.431054617676354
1994-02-17,13.79,7.730676555127798,6.059323444872201
1994-02-18,14.7,7.5270073734521175,7.172992626547882
1994-02-22,13.52,7.203932259537329,6.31606774046267
1994-02-23,13.91,7.959115528750835,5.950884471249165
1994-02-24,15.96,6.991798052003692,8.96820194799631
1994-02-25,14.8,7.030863389371373,7.769136610628628
1994-02-28,14.87,9.113214581035766,5.756785418964233
1994-03-01,15.83,10.21404327384621,5.61595672615379
1994-03-02,16.08,10.21404327384621,5.865956726153788
1994-03-03,16.36,11.280101063377186,5.079898936622813
1994-03-04,16.0,14.34689374045835,1.6531062595416497
1994-03-07,14.26,14.121702446943251,0.1382975530567485
1994-03-08,16.23,14.387911592722654,1.8420884072773465
1994-03-09,14.41,14.509558228974548,-0.0995582289745478
1994-03-10,16.55,14.539775789193,2.010224210807001
1994-03-11,14.87,14.426912351574162,0.4430876484258377
1994-03-14,16.61,14.374039098318994,2.235960901681006
1994-03-15,14.78,14.376522528066484,0.403477471933515
1994-03-16,14.51,14.11602918670839,0.39397081329160955
1994-03-17,12.76,14.075983802207334,-1.3159838022073345
1994-03-18,13.32,14.012280328340685,-0.6922803283406846
1994-03-21,14.34,14.003610962891086,0.33638903710891377
1994-03-22,13.39,15.305155993978081,-1.9151559939780807
1994-03-23,12.31,15.28792857126181,-2.9779285712618098
1994-03-24,13.43,15.668622147464115,-2.238622147464115
1994-03-25,13.67,15.602803594226355,-1.932803594226355
1994-03-28,14.9,15.62936083146086,-0.7293608314608591
1994-03-29,16.49,14.55358512532231,1.9364148746776877
1994-03-30,18.59,13.623633876466387,4.9663661235336125
1994-03-31,20.45,13.609674500148875,6.840325499851124
1994-04-04,23.87,12.276582586371598,11.593417413628403
1994-04-05,18.13,9.181026086446035,8.948973913553964
1994-04-06,17.38,9.715869492742412,7.664130507257587
1994-04-07,16.98,10.27368093722999,6.70631906277001
1994-04-08,16.92,10.239283178035596,6.680716821964406
1994-04-11,16.61,10.6997177532869,5.9102822467131
1994-04-12,16.42,10.717053699594995,5.7029463004050065
1994-04-13,17.02,10.54684976663661,6.4731502333633895
1994-04-14,16.27,10.548442539067212,5.721557460932788
1994-04-15,15.98,10.968228662824398,5.0117713371756025
1994-04-18,17.22,11.266529190482863,5.953470809517135
1994-04-19,16.93,11.345940243100278,5.5840597568997214
1994-04-20,17.01,11.25601172707289,5.753988272927112
1994-04-21,14.93,10.220068492921296,4.709931507078704
1994-04-22,14.94,10.290626803067077,4.649373196932922
1994-04-25,14.26,9.744974089242241,4.515025910757759
1994-04-26,13.8,9.757969050986102,4.042030949013899
1994-04-28,14.51,9.52013655364263,4.98986344635737
1994-04-29,13.77,9.42757020658041,4.342429793419589
1994-05-02,14.11,9.31595405742228,4.7940459425777195
1994-05-03,13.81,9.326253266987909,4.483746733012092
1994-05-04,14.29,9.425444286610716,4.864555713389283
1994-05-05,14.56,9.410982945474005,5.149017054525995
1994-05-06,15.08,8.812084883840063,6.267915116159937
1994-05-09,16.16,7.656793062372944,8.503206937627056
1994-05-10,15.19,7.477365846339371,7.712634153660629
1994-05-11,15.55,6.175085424510527,9.374914575489473
1994-05-12,15.46,6.138530768840569,9.321469231159432
1994-05-13,14.54,6.2915180997913644,8.248481900208635
1994-05-16,14.67,6.412519005819972,8.257480994180028
1994-05-17,14.08,5.979444790279649,8.100555209720351
1994-05-18,12.55,5.495794755993221,7.05420524400678
1994-05-19,12.33,6.083124197318575,6.2468758026814255
1994-05-20,12.79,6.853048956486655,5.936951043513345
1994-05-23,13.49,6.914098639736256,6.575901360263744
1994-05-24,12.73,7.350355093463369,5.379644906536631
1994-05-25,12.43,8.538002108221983,3.8919978917780167
1994-05-26,12.5,9.229494027301982,3.270505972698018
1994-05-27,12.49,9.20428813108341,3.2857118689165894
1994-05-31,13.03,9.368579401382203,3.661420598617797
1994-06-01,12.72,9.348576362206334,3.371423637793667
1994-06-02,12.73,9.505983378904205,3.224016621095796
1994-06-03,12.19,9.251162089164962,2.938837910835037
1994-06-06,13.03,9.24298653033764,3.7870134696623587
1994-06-07,13.05,9.514721225553746,3.5352787744462546
1994-06-08,13.32,9.502795378203349,3.8172046217966518
1994-06-09,13.21,9.514103215753073,3.695896784246928
1994-06-10,12.69,9.445862586339217,3.2441374136607823
1994-06-13,11.92,9.590695490943446,2.329304509056554
1994-06-14,11.6,10.05329199814682,1.5467080018531796
1994-06-15,11.52,10.038850531809052,1.4811494681909476
1994-06-16,11.22,10.024926932402193,1.1950730675978072
1994-06-17,12.31,9.788554540891255,2.5214454591087456
1994-06-20,13.96,9.437296222965706,4.522703777034295
1994-06-21,14.7,8.858568733153382,5.841431266846618
1994-06-22,14.02,8.776504999144176,5.243495000855823
1994-06-23,14.12,8.166908839946887,5.953091160053113
1994-06-24,16.72,6.282356245868462,10.437643754131537
1994-06-27,15.53,5.716880268118494,9.813119731881505
1994-06-28,15.04,5.644381276987101,9.395618723012898
1994-06-29,14.42,6.3408485236601,8.079151476339899
1994-06-30,14.97,6.090497516623941,8.87950248337606
1994-07-01,14.36,6.016447456764035,8.343552543235965
1994-07-05,14.92,5.997029264561114,8.922970735438886
1994-07-06,14.7,6.388643048410395,8.311356951589605
1994-07-07,14.01,6.411143423758552,7.598856576241448
1994-07-08,13.26,6.417569633436207,6.842430366563793
1994-07-11,13.83,6.261597240321554,7.568402759678446
1994-07-12,13.4,6.453510672494657,6.946489327505343
1994-07-13,12.42,6.513561237909911,5.906438762090089
1994-07-14,11.64,5.934583388916407,5.705416611083594
1994-07-15,11.28,5.9425852959804075,5.337414704019592
1994-07-18,11.44,6.229317779661149,5.2106822203388505
1994-07-19,11.65,6.089926107926307,5.560073892073693
1994-07-20,11.7,5.852794204480664,5.8472057955193355
1994-07-21,11.65,5.848302317767306,5.801697682232694
1994-07-22,11.22,5.944765764939984,5.275234235060017
1994-07-25,11.46,6.142615078287297,5.317384921712704
1994-07-26,11.66,6.362952145034752,5.297047854965248
1994-07-27,11.93,6.236460534630388,5.693539465369612
1994-07-28,12.03,6.96995839298932,5.060041607010679
1994-07-29,11.13,6.447976426756099,4.682023573243902
1994-08-01,11.17,6.352807253490567,4.817192746509433
1994-08-02,11.27,6.411929506786734,4.8580704932132655
1994-08-03,11.35,6.780769867795428,4.569230132204572
1994-08-04,12.18,6.5697214552827425,5.610278544717257
1994-08-05,12.34,6.367137504405129,5.972862495594871
1994-08-08,12.41,6.395476526421029,6.014523473578971
1994-08-09,12.54,6.479620359249634,6.060379640750365
1994-08-10,11.91,7.349081575272008,4.560918424727992
1994-08-11,12.13,7.4845039915817075,4.645496008418293
1994-08-12,11.09,7.338991756365621,3.751008243634379
1994-08-15,12.06,7.3565970393927715,4.703402960607229
1994-08-16,11.39,8.027168865795865,3.3628311342041357
1994-08-17,11.54,8.318439757550843,3.221560242449156
1994-08-18,12.07,8.20853945595698,3.8614605440430196
1994-08-19,12.83,9.773243064612823,3.0567569353871775
1994-08-22,12.62,9.945555791407672,2.674444208592327
1994-08-23,11.75,9.747116496687765,2.002883503312235
1994-08-24,11.57,9.413634792151374,2.1563652078486264
1994-08-25,12.02,9.463067156054787,2.556932843945212
1994-08-26,12.19,8.565981554965134,3.6240184450348654
1994-08-29,11.82,8.857274975973302,2.962725024026698
1994-08-30,11.23,8.7577051788698,2.4722948211302
1994-08-31,11.97,8.833628925872022,3.136371074127979
1994-09-01,11.86,8.746681656491386,3.113318343508613
1994-09-02,11.4,9.938694079203916,1.4613059207960841
1994-09-06,11.69,9.944632723233324,1.7453672767666752
1994-09-07,11.81,9.930432014771716,1.8795679852282845
1994-09-08,11.86,10.055762527029117,1.8042374729708825
1994-09-09,13.12,10.153523526343102,2.966476473656897
1994-09-12,14.01,11.122652561327387,2.887347438672613
1994-09-13,13.77,11.063800432039738,2.7061995679602617
1994-09-14,13.09,11.097816001358227,1.9921839986417726
1994-09-15,11.88,10.29413619494141,1.5858638050585903
1994-09-16,12.8,10.16427272361396,2.6357272763860404
1994-09-19,13.06,10.174102417412692,2.885897582587308
1994-09-20,14.45,8.987170856281894,5.462829143718105
1994-09-21,14.49,9.095156953016401,5.394843046983599
1994-09-22,13.89,9.214822841487658,4.6751771585123425
1994-09-23,14.53,9.544414073163564,4.9855859268364355
1994-09-26,14.56,9.515881462061342,5.044118537938658
1994-09-27,14.13,9.550849176905828,4.579150823094173
1994-09-28,13.25,9.583335536231772,3.666664463768228
1994-09-29,13.97,10.833066047984872,3.136933952015129
1994-09-30,14.28,10.863154238065599,3.4168457619344004
1994-10-03,15.44,11.190715794800733,4.249284205199267
1994-10-04,16.66,9.825409915113084,6.834590084886916
1994-10-05,15.92,9.678894564980158,6.241105435019842
1994-10-06,16.24,10.291326445118846,5.948673554881152
1994-10-07,14.92,10.134536989917327,4.7854630100826725
1994-10-10,14.72,9.957451481177431,4.76254851882257
1994-10-11,13.55,8.908259089182506,4.641740910817495
1994-10-12,14.51,8.949920670039637,5.560079329960363
1994-10-13,14.9,8.943207478304572,5.956792521695428
1994-10-14,13.32,9.266766426321686,4.053233573678314
1994-10-17,14.76,9.269666660673554,5.490333339326446
1994-10-18,14.59,9.252420223919945,5.337579776080055
1994-10-19,15.13,9.168253923185311,5.9617460768146895
1994-10-20,15.99,9.012651108303418,6.9773488916965825
1994-10-21,15.91,9.252115433780691,6.657884566219309
1994-10-24,16.97,10.863231563397836,6.106768436602163
1994-10-25,16.13,10.856192702785032,5.273807297214967
1994-10-26,15.7,11.085888327058095,4.614111672941904
1994-10-27,15.67,10.888487498270958,4.781512501729042
1994-10-28,14.56,9.222886749819878,5.337113250180122
1994-10-31,14.56,9.223094925240826,5.336905074759175
1994-11-01,14.84,9.479829112383992,5.3601708876160075
1994-11-02,15.34,9.993816087961745,5.346183912038255
1994-11-03,15.58,9.922937065204183,5.6570629347958175
1994-11-04,16.75,9.52958551039881,7.22041448960119
1994-11-07,17.37,9.62543505510286,7.7445649448971405
1994-11-08,16.3,10.268072847423863,6.031927152576138
1994-11-09,16.42,10.352744563641235,6.067255436358767
1994-11-10,16.0,10.576356650567487,5.423643349432513
1994-11-11,16.5,10.644756455645334,5.855243544354666
1994-11-14,16.68,11.055841894672835,5.624158105327165
1994-11-15,16.66,11.184280039412593,5.475719960587407
1994-11-16,15.56,11.364581822487043,4.195418177512957
1994-11-17,15.91,11.303342868373182,4.606657131626818
1994-11-18,16.0,11.23755311444635,4.762446885553651
1994-11-21,16.13,11.22144910428251,4.9085508957174895
1994-11-22,17.24,9.073704866260671,8.166295133739327
1994-11-23,18.41,9.054355857817967,9.355644142182033
1994-11-25,17.44,8.95081225364506,8.489187746354942
1994-11-28,16.83,9.042048440480874,7.787951559519124
1994-11-29,16.15,9.048230766288105,7.101769233711893
1994-11-30,15.95,9.027225487379976,6.922774512620023
1994-12-01,16.69,8.217401048993688,8.472598951006313
1994-12-02,16.55,7.946689876923761,8.60331012307624
1994-12-05,16.1,7.955420793396323,8.144579206603678
1994-12-06,16.05,7.923415930014185,8.126584069985816
1994-12-07,16.28,7.605774122336431,8.67422587766357
1994-12-08,18.15,5.183122610936612,12.966877389063386
1994-12-09,16.04,5.265810478929373,10.774189521070626
1994-12-12,15.46,5.226696853654555,10.233303146345445
1994-12-13,14.48,5.793630985832836,8.686369014167164
1994-12-14,13.03,5.429983425389287,7.600016574610712
1994-12-15,12.87,5.40207737819465,7.467922621805349
1994-12-16,12.79,5.393262463481863,7.3967375365181365
1994-12-19,13.02,5.803626452486625,7.216373547513375
1994-12-20,12.98,6.1713531741428085,6.808646825857192
1994-12-21,12.05,5.875528912362067,6.174471087637934
1994-12-22,12.42,5.870420768565278,6.549579231434722
1994-12-23,11.82,5.862105423821936,5.957894576178064
1994-12-27,12.07,5.692869223862656,6.377130776137344
1994-12-28,12.81,5.5416207015639865,7.268379298436014
1994-12-29,12.86,5.807316075434726,7.052683924565273
1994-12-30,13.2,5.868325144366367,7.331674855633632
1995-01-03,14.25,5.7356150498444824,8.514384950155517
1995-01-04,13.53,5.814492239224549,7.71550776077545
1995-01-05,13.5,6.931268282212309,6.568731717787691
1995-01-06,13.13,7.104314182241825,6.025685817758176
1995-01-09,13.33,7.152795257799734,6.177204742200266
1995-01-10,12.52,7.154967505167466,5.365032494832533
1995-01-11,12.15,7.154967505167466,4.995032494832534
1995-01-12,12.83,7.129277663270125,5.700722336729875
1995-01-13,11.1,6.705341154632061,4.394658845367939
1995-01-16,11.14,6.2767858016665246,4.863214198333476
1995-01-17,11.79,6.3939940569258,5.396005943074199
1995-01-18,11.57,6.348130433442782,5.221869566557218
1995-01-19,11.86,6.362188302777783,5.497811697222216
1995-01-20,12.15,5.962683959426526,6.187316040573474
1995-01-23,12.79,5.991994659543877,6.798005340456122
1995-01-24,11.94,6.066738827409857,5.8732611725901425
1995-01-25,11.46,6.067075077828058,5.392924922171943
1995-01-26,11.25,6.9916950734426635,4.2583049265573365
1995-01-27,11.25,7.33071347141616,3.9192865285838403
1995-01-30,12.26,7.1970327218932635,5.062967278106736
1995-01-31,11.96,7.225587865357559,4.734412134642442
1995-02-01,11.73,7.225654295633192,4.504345704366808
1995-02-02,11.13,7.200083332851256,3.9299166671487447
1995-02-03,10.98,6.621999697976635,4.358000302023365
1995-02-06,11.22,6.304179565970712,4.915820434029289
1995-02-07,11.17,6.299266623981134,4.870733376018866
1995-02-08,11.42,7.372418870357449,4.047581129642551
1995-02-09,11.63,7.352468973073097,4.277531026926904
1995-02-10,11.28,7.53021115241814,3.7497888475818595
1995-02-13,11.41,7.583566443303741,3.8264335566962595
1995-02-14,11.43,7.775206749662835,3.654793250337165
1995-02-15,11.52,7.667505461361118,3.852494538638881
1995-02-16,11.61,7.655053232996001,3.9549467670039986
1995-02-17,11.71,7.371588702579825,4.338411297420176
1995-02-21,12.05,7.355822183821635,4.694177816178366
1995-02-22,11.39,7.274192738716959,4.115807261283042
1995-02-23,11.15,7.752571186387293,3.3974288136127075
1995-02-24,10.84,7.86371667851802,2.97628332148198
1995-02-27,12.51,7.077660630462751,5.432339369537249
1995-02-28,11.75,6.752972678754333,4.997027321245667
1995-03-01,11.65,6.6133864245182625,5.036613575481738
1995-03-02,12.02,6.700579079452944,5.3194209205470555
1995-03-03,11.45,6.700579079452944,4.749420920547055
1995-03-06,12.17,6.734341838665632,5.435658161334368
1995-03-07,14.22,5.888687459867633,8.331312540132368
1995-03-08,13.72,5.9093552947849,7.8106447052151005
1995-03-09,13.36,5.943705914663203,7.416294085336796
1995-03-10,12.38,4.88406388164635,7.495936118353651
1995-03-13,12.15,4.99991199922583,7.15008800077417
1995-03-14,12.1,4.809715168282053,7.290284831717947
1995-03-15,12.42,4.741113793192735,7.678886206807265
1995-03-16,11.95,5.014435162608298,6.935564837391701
1995-03-17,11.8,5.206534355980237,6.593465644019764
1995-03-20,11.34,5.366339534543315,5.9736604654566845
1995-03-21,11.53,5.264294824570764,6.265705175429235
1995-03-22,11.29,5.470254107443501,5.819745892556498
1995-03-23,11.43,5.888453107565893,5.5415468924341065
1995-03-24,11.19,5.15826715089501,6.03173284910499
1995-03-27,11.83,4.94755697289102,6.88244302710898
1995-03-28,11.33,4.961362716028988,6.368637283971012
1995-03-29,12.51,4.893452768751581,7.616547231248418
1995-03-30,12.62,4.9174871631761805,7.702512836823819
1995-03-31,13.37,4.74934521802769,8.62065478197231
1995-04-03,13.5,5.575901720798386,7.924098279201614
1995-04-04,12.62,5.494342544836686,7.125657455163314
1995-04-05,12.96,5.541653182941213,7.418346817058788
1995-04-06,12.81,5.8438685816847755,6.966131418315225
1995-04-07,12.85,5.819608234237285,7.030391765762714
1995-04-10,12.79,5.804329418632477,6.985670581367522
1995-04-11,12.73,5.710957888130711,7.01904211186929
1995-04-12,12.04,5.680830925137836,6.359169074862163
1995-04-13,11.48,5.722670705186731,5.757329294813269
1995-04-17,12.33,5.172867676637625,7.157132323362375
1995-04-18,12.96,5.026959319509391,7.93304068049061
1995-04-19,13.09,7.030385480185451,6.059614519814549
1995-04-20,12.1,7.06858401661906,5.031415983380939
1995-04-21,11.86,7.290465005745685,4.569534994254314
1995-04-24,11.92,7.424435332064144,4.495564667935856
1995-04-25,12.41,7.410036437157539,4.999963562842461
1995-04-26,12.28,7.437096207526324,4.842903792473676
1995-04-27,11.93,8.130564556044218,3.7994354439557814
1995-04-28,11.75,8.188787456028065,3.5612125439719353
1995-05-01,12.14,9.458126664408889,2.6818733355911117
1995-05-02,11.88,9.455284236870005,2.4247157631299956
1995-05-03,11.69,9.012458044285282,2.6775419557147178
1995-05-04,12.64,9.14617953027396,3.4938204697260407
1995-05-05,12.06,9.126596298730561,2.933403701269439
1995-05-08,12.22,9.080737855483028,3.139262144516973
1995-05-09,12.75,9.10198879366496,3.64801120633504
1995-05-10,13.08,9.52491259802433,3.555087401975671
1995-05-11,12.98,9.636511817042647,3.343488182957353
1995-05-12,11.84,10.078749922485551,1.7612500775144486
1995-05-15,12.38,10.007027530690745,2.3729724693092553
1995-05-16,12.2,10.018892154325373,2.1811078456746262
1995-05-17,12.36,10.032297842468717,2.3277021575312826
1995-05-18,13.13,8.9992599695754,4.130740030424601
1995-05-19,12.81,8.956863290237395,3.8531367097626052
1995-05-22,11.68,8.776593872340358,2.9034061276596415
1995-05-23,11.55,9.1189802061416,2.4310197938584004
1995-05-24,11.26,9.237902359302263,2.022097640697737
1995-05-25,11.63,10.091927467040298,1.5380725329597027
1995-05-26,12.2,9.678243642314568,2.5217563576854314
1995-05-30,12.52,9.596743197564594,2.9232568024354055
1995-05-31,12.85,8.418664977299098,4.431335022700901
1995-06-01,12.21,8.43763710999723,3.7723628900027713
1995-06-02,12.98,8.455686843775755,4.524313156224245
1995-06-05,13.45,8.28149986415519,5.168500135844809
1995-06-06,13.0,8.957144634313009,4.042855365686991
1995-06-07,12.84,8.868242215907403,3.9717577840925973
1995-06-08,12.89,8.801143107574278,4.0888568924257225
1995-06-09,12.76,8.359337294307617,4.400662705692383
1995-06-12,11.91,8.834213037956586,3.0757869620434146
1995-06-13,11.29,8.537102552974412,2.752897447025587
1995-06-14,11.29,8.618480144433947,2.6715198555660518
1995-06-15,11.23,8.64000694444178,2.589993055558221
1995-06-16,10.75,9.310162189779634,1.4398378102203662
1995-06-19,11.21,10.84489004093645,0.3651099590635507
1995-06-20,11.16,11.004153761194113,0.15584623880588744
1995-06-21,11.32,10.99619024935466,0.32380975064534034
1995-06-22,11.44,10.539166950001434,0.9008330499985657
1995-06-23,11.12,10.725811857384151,0.3941881426158478
1995-06-26,11.8,9.940269614049829,1.8597303859501721
1995-06-27,12.37,9.884849012504047,2.4851509874959525
1995-06-28,11.74,10.02659663096119,1.7134033690388097
1995-06-29,11.59,10.052748877794684,1.5372511222053156
1995-06-30,11.38,10.330866372187879,1.0491336278121217
1995-07-03,11.57,10.382173182913219,1.1878268170867816
1995-07-05,12.1,10.411460992579402,1.688539007420598
1995-07-06,11.52,9.74863067307417,1.7713693269258304
1995-07-07,11.77,9.58526994925039,2.184730050749609
1995-07-10,12.19,9.575124020084678,2.614875979915322
1995-07-11,12.25,9.475030342959464,2.774969657040536
1995-07-12,12.31,8.735685433897142,3.574314566102858
1995-07-13,12.56,8.806363608209846,3.7536363917901543
1995-07-14,12.08,9.19090202319678,2.8890979768032192
1995-07-17,12.26,9.092827942945071,3.1671720570549287
1995-07-18,12.68,8.74296974717416,3.9370302528258403
1995-07-19,13.49,6.189080707181188,7.300919292818812
1995-07-20,12.78,5.961576972580531,6.818423027419469
1995-07-21,12.37,6.0671640821723685,6.302835917827631
1995-07-24,12.55,5.680080985338372,6.869919014661629
1995-07-25,12.77,5.209034459475443,7.560965540524556
1995-07-26,13.18,5.154112920765576,8.025887079234423
1995-07-27,13.18,4.731688916233049,8.448311083766951
1995-07-28,13.18,4.746577714522611,8.433422285477388
1995-07-31,13.49,4.734351064296212,8.755648935703789
1995-08-01,13.56,4.482566229293505,9.077433770706495
1995-08-02,13.66,4.492487061751269,9.16751293824873
1995-08-03,13.78,4.503132243228318,9.276867756771681
1995-08-04,13.21,5.440558794830034,7.769441205169967
1995-08-07,13.1,5.490224039144707,7.609775960855293
1995-08-08,13.06,5.4861571249830625,7.573842875016938
1995-08-09,12.75,5.626003910414777,7.123996089585223
1995-08-10,13.0,5.431751098863267,7.568248901136733
1995-08-11,12.9,5.105197351719349,7.794802648280651
1995-08-14,13.24,4.768848917716129,8.471151082283871
1995-08-15,12.35,4.840528896722157,7.509471103277843
1995-08-16,12.45,4.950175754455824,7.4998242455441755
1995-08-17,12.13,5.039976190420179,7.090023809579821
1995-08-18,12.03,5.039154691017362,6.990845308982637
1995-08-21,13.42,4.8753953685831695,8.544604631416831
1995-08-22,12.6,5.685339040022354,6.914660959977645
1995-08-23,13.17,5.7281096358224755,7.4418903641775245
1995-08-24,12.94,5.809485347257733,7.130514652742266
1995-08-25,12.33,5.837879752101989,6.492120247898011
1995-08-28,12.48,5.847748284596591,6.6322517154034095
1995-08-29,12.65,6.357603322007617,6.292396677992383
1995-08-30,12.03,6.423811952415974,5.606188047584025
1995-08-31,11.52,6.969416044404468,4.550583955595531
1995-09-01,11.29,7.02262344142148,4.267376558578519
1995-09-05,11.65,6.55578828212158,5.09421171787842
1995-09-06,11.65,6.516977827183594,5.133022172816406
1995-09-07,11.85,6.516020257795599,5.3339797422044
1995-09-08,11.16,7.306126196556064,3.8538738034439364
1995-09-11,11.51,7.2637510970574155,4.246248902942584
1995-09-12,11.46,7.573472123141589,3.8865278768584117
1995-09-13,11.35,7.980864614814785,3.3691353851852144
1995-09-14,11.1,7.774319262803835,3.3256807371961647
1995-09-15,11.58,7.779071924079554,3.800928075920446
1995-09-18,12.34,8.080309400016976,4.259690599983024
1995-09-19,12.67,8.046497374634672,4.623502625365328
1995-09-20,12.35,7.966612831059554,4.3833871689404456
1995-09-21,12.5,7.920802989596616,4.579197010403384
1995-09-22,12.46,7.9524637691725895,4.507536230827411
1995-09-25,13.22,7.939098185562557,5.280901814437444
1995-09-26,12.9,8.47050411722955,4.42949588277045
1995-09-27,12.9,8.988813047338496,3.911186952661504
1995-09-28,12.46,8.482417108348471,3.9775828916515295
1995-09-29,12.74,8.853101151574107,3.8868988484258935
1995-10-02,13.95,8.648398695712562,5.301601304287438
1995-10-03,14.5,8.838782721619683,5.661217278380317
1995-10-04,14.86,9.383074123122045,5.476925876877955
1995-10-05,15.74,9.38941531726031,6.35058468273969
1995-10-06,13.98,9.463377832465666,4.516622167534335
1995-10-09,14.85,8.786835607885383,6.063164392114617
1995-10-10,14.97,8.978801701786402,5.9911982982135985
1995-10-11,14.57,8.879533771544676,5.690466228455325
1995-10-12,14.24,8.554037643125174,5.6859623568748265
1995-10-13,13.67,8.53126016482926,5.138739835170741
1995-10-16,14.62,8.854686894521036,5.765313105478963
1995-10-17,14.03,8.815638377338455,5.214361622661544
1995-10-18,14.05,9.001606523282527,5.048393476717473
1995-10-19,13.55,9.030953438037567,4.519046561962433
1995-10-20,13.46,9.039619461017292,4.420380538982709
1995-10-23,14.17,8.921363124545627,5.248636875454373
1995-10-24,13.85,8.981981963909888,4.8680180360901115
1995-10-25,14.49,8.373952471802214,6.116047528197786
1995-10-26,15.59,7.442523765497985,8.147476234502015
1995-10-27,14.63,7.709762642260931,6.92023735773907
1995-10-30,14.26,7.575420780392485,6.684579219607515
1995-10-31,13.83,7.442177100822195,6.387822899177805
1995-11-01,13.41,7.348820313492654,6.061179686507346
1995-11-02,13.19,7.333937550865993,5.856062449134006
1995-11-03,12.26,7.374957626997072,4.8850423730029275
1995-11-06,12.74,7.1884741079037235,5.551525892096277
1995-11-07,13.05,7.457061083295634,5.592938916704367
1995-11-08,12.16,7.190293457154742,4.969706542845258
1995-11-09,12.46,7.120030898809522,5.339969101190479
1995-11-10,12.97,7.202957725823632,5.767042274176369
1995-11-13,13.2,7.1957070535147745,6.004292946485225
1995-11-14,13.38,7.448229319778112,5.931770680221889
1995-11-15,12.95,7.4671520675557685,5.482847932444231
1995-11-16,12.57,9.700078350199169,2.8699216498008315
1995-11-17,12.49,10.208220217060493,2.2817797829395072
1995-11-20,12.37,10.20060586435936,2.1693941356406388
1995-11-21,11.74,10.438936727464275,1.3010632725357247
1995-11-22,11.81,10.417101324264946,1.3928986757350543
1995-11-24,11.87,10.411547435420083,1.4584525645799165
1995-11-27,12.43,10.4085964471682,2.0214035528317993
1995-11-28,11.57,10.096938149756221,1.473061850243779
1995-11-29,11.65,10.096938149756221,1.553061850243779
1995-11-30,11.58,10.26066664500911,1.3193333549908903
1995-12-01,11.11,10.272366815880483,0.8376331841195164
1995-12-04,10.66,10.0770590947956,0.582940905204401
1995-12-05,11.65,9.950561793185488,1.6994382068145129
1995-12-06,12.7,9.969970912695922,2.730029087304077
1995-12-07,12.74,11.263732951379968,1.4762670486200324
1995-12-08,11.12,12.384267438972849,-1.2642674389728494
1995-12-11,11.06,12.835709563557563,-1.7757095635575624
1995-12-12,10.63,12.829205743147277,-2.1992057431472762
1995-12-13,10.36,12.73344101176124,-2.3734410117612406
1995-12-14,11.07,13.166302442219797,-2.0963024422197964
1995-12-15,11.44,13.148426521831533,-1.7084265218315338
1995-12-18,14.55,11.757203749191502,2.7927962508084985
1995-12-19,13.16,11.400273680925505,1.7597263190744954
1995-12-20,12.2,11.299769909161984,0.900230090838015
1995-12-21,10.77,11.038695575112248,-0.2686955751122486
1995-12-22,11.51,11.58050257976754,-0.07050257976754004
1995-12-26,11.49,11.6300576094877,-0.14005760948769996
1995-12-27,11.98,11.826505823784245,0.15349417621575512
1995-12-28,12.25,11.881777644780374,0.36822235521962554
1995-12-29,12.52,12.200204916311963,0.319795083688037
1996-01-02,12.19,12.3563052730176,-0.1663052730176009
1996-01-03,12.1,12.398333759017884,-0.2983337590178845
1996-01-04,13.78,12.035482541219627,1.744517458780372
1996-01-05,13.58,12.173333150785053,1.4066668492149468
1996-01-08,13.11,12.29804374687301,0.8119562531269899
1996-01-09,15.21,10.260339175680407,4.949660824319594
1996-01-10,16.4,7.671894159853997,8.728105840146002
1996-01-11,14.69,7.557983858146426,7.1320161418535735
1996-01-12,14.23,7.356645974899287,6.8733540251007135
1996-01-15,14.99,6.815781686644741,8.174218313355258
1996-01-16,14.09,7.0953731402937485,6.994626859706251
1996-01-17,14.25,7.304738188326944,6.945261811673056
1996-01-18,13.58,7.725831994031587,5.854168005968413
1996-01-19,12.7,8.958571314668553,3.741428685331446
1996-01-22,13.34,9.378277027258374,3.961722972741626
1996-01-23,13.56,10.341663309158832,3.218336690841168
1996-01-24,12.54,10.032584911178281,2.507415088821718
1996-01-25,12.94,10.813480475776622,2.1265195242233776
1996-01-26,12.0,10.97787411113838,1.0221258888616198
1996-01-29,12.19,11.041353177939847,1.1486468220601527
1996-01-30,12.42,11.015064230407487,1.4049357695925124
1996-01-31,12.53,10.712349882262181,1.8176501177378181
1996-02-01,12.65,11.045563815396774,1.6044361846032267
1996-02-02,13.23,11.130239889598178,2.0997601104018226
1996-02-05,13.46,11.044629464133351,2.41537053586665
1996-02-06,14.59,10.842870468653704,3.747129531346296
1996-02-07,14.11,14.892591446756438,-0.7825914467564381
1996-02-08,13.89,14.987242574936953,-1.0972425749369528
1996-02-09,14.63,15.039408233039058,-0.4094082330390574
1996-02-12,14.69,14.978724912354958,-0.288724912354958
1996-02-13,14.94,15.083913285351484,-0.14391328535148418
1996-02-14,15.59,15.045020438670162,0.5449795613298374
1996-02-15,16.13,15.917066312609329,0.2129336873906702
1996-02-16,15.37,15.859060501807878,-0.4890605018078791
1996-02-20,16.8,15.412858268342136,1.3871417316578647
1996-02-21,14.47,15.014896603040686,-0.5448966030406854
1996-02-22,14.56,13.962856441287466,0.5971435587125349
1996-02-23,14.78,13.983089787311062,0.7969102126889371
1996-02-26,16.38,13.551519472000281,2.8284805279997176
1996-02-27,16.63,13.514632070463584,3.115367929536415
1996-02-28,16.72,13.495523702324514,3.2244762976754853
1996-02-29,17.04,13.336629259299468,3.7033707407005316
1996-03-01,16.72,13.77743372330285,2.942566276697148
1996-03-04,16.67,13.44505262168961,3.2249473783103912
1996-03-05,16.1,13.249982641498168,2.850017358501834
1996-03-06,16.56,13.171391726009924,3.3886082739900747
1996-03-07,16.49,14.431220322620083,2.058779677379915
1996-03-08,20.7,10.042991586176035,10.657008413823965
1996-03-11,19.4,10.466105292801272,8.933894707198727
1996-03-12,19.09,10.495787726512134,8.594212273487866
1996-03-13,18.13,10.800072221980868,7.329927778019131
1996-03-14,16.93,11.078265207152368,5.8517347928476315
1996-03-15,16.54,11.1893216952594,5.350678304740599
1996-03-18,17.31,9.991756602319878,7.318243397680121
1996-03-19,18.35,10.153151234961626,8.196848765038375
1996-03-20,18.66,10.144407326207025,8.515592673792975
1996-03-21,17.74,10.34064794875073,7.399352051249268
1996-03-22,17.05,10.518298341462017,6.531701658537983
1996-03-25,17.84,10.448106048466519,7.391893951533481
1996-03-26,17.8,10.507934145206784,7.292065854793217
1996-03-27,17.89,10.407137935090635,7.482862064909366
1996-03-28,18.16,10.405846433616178,7.754153566383822
1996-03-29,18.88,10.352431598421818,8.527568401578181
1996-04-01,17.9,9.774943478097589,8.12505652190241
1996-04-02,16.45,11.331234707656654,5.118765292343346
1996-04-03,16.33,11.319791517514924,5.0102084824850746
1996-04-04,16.18,11.323501225327917,4.856498774672083
1996-04-08,18.72,9.764681254398564,8.955318745601435
1996-04-09,17.32,9.960873455676596,7.359126544323404
1996-04-10,20.22,8.91639837602619,11.303601623973808
1996-04-11,19.65,9.188649519924152,10.461350480075847
1996-04-12,17.38,9.741223742425914,7.638776257574085
1996-04-15,16.83,9.670379516854668,7.15962048314533
1996-04-16,16.45,9.646935264632098,6.803064735367901
1996-04-17,17.07,9.347934531221446,7.722065468778554
1996-04-18,16.41,9.37530159514894,7.03469840485106
1996-04-19,15.12,9.459706126513776,5.660293873486223
1996-04-22,15.38,9.423916383330358,5.956083616669643
1996-04-23,15.01,9.434784576237146,5.575215423762854
1996-04-24,14.91,9.542534254588888,5.367465745411112
1996-04-25,14.72,9.499555779087904,5.220444220912096
1996-04-26,14.75,10.189600580984639,4.560399419015361
1996-04-29,15.45,10.573497056319757,4.876502943680242
1996-04-30,15.83,10.66489381100452,5.16510618899548
1996-05-01,16.07,10.70801382143311,5.361986178566891
1996-05-02,18.62,8.842305129320206,9.777694870679795
1996-05-03,16.7,8.953640600336955,7.746359399663044
1996-05-06,16.92,9.021201693787932,7.89879830621207
1996-05-07,16.87,9.428162069035633,7.441837930964368
1996-05-08,15.78,9.43859311550203,6.341406884497969
1996-05-09,16.99,9.495809602135164,7.494190397864834
1996-05-10,15.61,8.92757525871401,6.68242474128599
1996-05-13,15.16,7.812597519391527,7.347402480608473
1996-05-14,14.9,7.508706945939675,7.391293054060325
1996-05-15,15.59,7.6631768869055055,7.926823113094494
1996-05-16,15.71,7.687995837668149,8.022004162331852
1996-05-17,15.13,7.801661361530819,7.328338638469182
1996-05-20,15.8,7.407882288481843,8.392117711518157
1996-05-21,16.0,7.430324353620304,8.569675646379697
1996-05-22,15.5,7.380024390203803,8.119975609796196
1996-05-23,16.17,7.533102946329816,8.636897053670186
1996-05-24,15.54,7.430445477897203,8.109554522102796
1996-05-28,16.92,7.345684447347502,9.5743155526525
1996-05-29,17.15,7.493813448438844,9.656186551561156
1996-05-30,16.02,7.743650302021835,8.276349697978166
1996-05-31,16.07,8.219737222077281,7.850262777922719
1996-06-03,16.86,8.23516848643686,8.624831513563139
1996-06-04,16.18,7.899640498149448,8.280359501850551
1996-06-05,16.04,9.973310383217957,6.0666896167820425
1996-06-06,16.84,10.042752610714013,6.797247389285987
1996-06-07,16.1,10.205457363587538,5.894542636412464
1996-06-10,16.78,10.203658167539869,6.576341832460132
1996-06-11,16.68,11.748759934563447,4.931240065436553
1996-06-12,17.0,11.76806866057482,5.231931339425181
1996-06-13,17.12,14.464447448831342,2.6555525511686593
1996-06-14,18.64,14.472695671505138,4.167304328494863
1996-06-17,17.46,15.76080201005023,1.69919798994977
1996-06-18,17.45,16.97030818812679,0.4796918118732094
1996-06-19,17.54,17.09304419932281,0.44695580067718765
1996-06-20,16.97,17.27167855189539,-0.3016785518953924
1996-06-21,15.8,17.475985809103975,-1.6759858091039739
1996-06-24,15.91,17.310320620947596,-1.4003206209475962
1996-06-25,15.43,17.88484498115663,-2.4548449811566293
1996-06-26,15.23,18.27358421328458,-3.0435842132845785
1996-06-27,14.19,18.09527783704919,-3.905277837049189
1996-06-28,13.68,17.93474504976314,-4.254745049763141
1996-07-01,13.78,17.912500662944957,-4.132500662944958
1996-07-02,14.19,19.07357753542852,-4.88357753542852
1996-07-03,14.21,20.37974877175877,-6.169748771758769
1996-07-05,16.09,19.16471132054963,-3.0747113205496284
1996-07-08,16.42,18.964398224040828,-2.544398224040826
1996-07-09,15.49,18.980270809448506,-3.4902708094485053
1996-07-10,15.51,18.97479486055127,-3.4647948605512706
1996-07-11,17.81,17.7416459213908,0.06835407860920029
1996-07-12,17.09,17.804538747184736,-0.7145387471847364
1996-07-15,20.11,15.028213466676684,5.081786533323315
1996-07-16,20.1,14.79425293821903,5.305747061780972
1996-07-17,19.22,14.177624624738888,5.042375375261111
1996-07-18,17.93,13.254682191588095,4.675317808411904
1996-07-19,17.26,12.828560324525995,4.431439675474007
1996-07-22,20.41,12.247002898668821,8.162997101331179
1996-07-23,21.55,10.716359456457326,10.833640543542675
1996-07-24,21.44,10.707033202526379,10.732966797473622
1996-07-25,19.39,10.741675846905938,8.648324153094062
1996-07-26,17.45,10.699740183761591,6.750259816238408
1996-07-29,20.09,10.080934480493484,10.009065519506516
1996-07-30,20.53,10.088359628800038,10.441640371199963
1996-07-31,19.46,10.727607375365796,8.732392624634205
1996-08-01,18.76,9.750403068591718,9.009596931408284
1996-08-02,16.19,7.274885566110502,8.9151144338895
1996-08-05,17.36,7.226849936175713,10.133150063824287
1996-08-06,16.93,7.875671399950799,9.0543286000492
1996-08-07,16.24,8.556576418171169,7.68342358182883
1996-08-08,16.04,9.23002708555088,6.809972914449119
1996-08-09,15.77,9.165734013160257,6.604265986839742
1996-08-12,15.57,9.091435530212093,6.478564469787907
1996-08-13,16.41,8.79919996363321,7.61080003636679
1996-08-14,15.96,9.686088994016243,6.2739110059837575
1996-08-15,15.46,9.754482046731265,5.7055179532687355
1996-08-16,14.81,9.754482046731267,5.055517953268733
1996-08-19,15.27,9.812895597121303,5.457104402878697
1996-08-20,14.73,9.76099380186273,4.96900619813727
1996-08-21,14.52,9.802250761942512,4.717749238057488
1996-08-22,13.71,9.548964341749459,4.161035658250542
1996-08-23,14.18,9.403003775390214,4.7769962246097855
1996-08-26,15.38,9.224792680597359,6.155207319402642
1996-08-27,15.11,9.180431362414437,5.929568637585563
1996-08-28,15.1,9.169628127683401,5.930371872316599
1996-08-29,16.22,8.2523742038278,7.967625796172198
1996-08-30,17.01,7.71452396457503,9.295476035424972
1996-09-03,18.47,7.893782363354236,10.576217636645762
1996-09-04,18.64,8.03449811749324,10.605501882506761
1996-09-05,20.51,7.223087982296923,13.286912017703077
1996-09-06,17.1,6.847995327101376,10.252004672898625
1996-09-09,16.36,6.8566989142008,9.5033010857992
1996-09-10,16.25,7.308195399686744,8.941804600313256
1996-09-11,16.06,7.429646021177762,8.630353978822237
1996-09-12,15.97,7.485401792823318,8.484598207176683
1996-09-13,15.2,6.406031532860465,8.793968467139536
1996-09-16,15.43,6.373071473002846,9.056928526997154
1996-09-17,15.74,6.31727156294572,9.42272843705428
1996-09-18,15.86,6.2297030426821,9.6302969573179
1996-09-19,16.03,6.2698516728868965,9.760148327113104
1996-09-20,15.65,6.298523636536,9.351476363464
1996-09-23,16.46,6.786448261056936,9.673551738943065
1996-09-24,16.45,6.786448261056936,9.663551738943063
1996-09-25,16.22,7.074565711052713,9.145434288947285
1996-09-26,16.11,7.116516001527912,8.993483998472087
1996-09-27,16.1,7.475696623058141,8.62430337694186
1996-09-30,16.95,7.493693348409907,9.456306651590094
1996-10-01,17.05,7.4950543693827125,9.554945630617288
1996-10-02,16.78,7.37056307211348,9.40943692788652
1996-10-03,16.77,7.37056307211348,9.39943692788652
1996-10-04,14.8,6.2995237915260685,8.500476208473932
1996-10-07,15.11,6.993780093769242,8.116219906230757
1996-10-08,15.58,8.301717894508506,7.278282105491494
1996-10-09,16.09,8.07999752475226,8.01000247524774
1996-10-10,16.26,7.996006503249142,8.26399349675086
1996-10-11,15.07,7.7574067831977604,7.31259321680224
1996-10-14,15.13,7.768281663276809,7.361718336723192
1996-10-15,15.83,7.711069964667852,8.118930035332149
1996-10-16,15.6,7.88956272552558,7.71043727447442
1996-10-17,15.41,7.885591924516677,7.524408075483323
1996-10-18,15.08,7.9100847024543715,7.169915297545629
1996-10-21,15.98,7.921136282125349,8.058863717874651
1996-10-22,16.4,7.344622522635355,9.055377477364644
1996-10-23,16.45,7.431051069667234,9.018948930332765
1996-10-24,16.89,7.263974118896792,9.626025881103208
1996-10-25,17.29,7.516310265017159,9.77368973498284
1996-10-28,18.34,6.985427689125574,11.354572310874426
1996-10-29,18.28,7.0577531835565255,11.222246816443477
1996-10-30,18.48,6.954213111488766,11.525786888511234
1996-10-31,18.11,6.919338118635503,11.190661881364496
1996-11-01,17.89,7.6358810886499775,10.254118911350023
1996-11-04,18.04,7.909606817029682,10.130393182970316
1996-11-05,17.65,7.642698476323825,10.007301523676173
1996-11-06,16.97,6.969235252163807,10.000764747836193
1996-11-07,17.21,8.22556016329603,8.98443983670397
1996-11-08,15.78,8.318778756524463,7.461221243475537
1996-11-11,14.04,9.028601220565829,5.01139877943417
1996-11-12,15.36,10.147476533601981,5.212523466398018
1996-11-13,14.89,10.176985801306932,4.7130141986930685
1996-11-14,13.79,10.596278592034238,3.1937214079657608
1996-11-15,14.36,10.768075036885797,3.5919249631142023
1996-11-18,15.12,11.211397771910644,3.9086022280893555
1996-11-19,15.23,12.365474515763756,2.8645254842362444
1996-11-20,15.94,12.386287579416313,3.553712420583686
1996-11-21,15.77,12.438223345799946,3.3317766542000538
1996-11-22,14.92,12.270378967252922,2.6496210327470777
1996-11-25,15.91,11.930669721352736,3.9793302786472644
1996-11-26,16.97,11.931393883365134,5.038606116634865
1996-11-27,16.96,11.963875626234287,4.9961243737657135
1996-11-29,17.14,12.400990283038006,4.739009716961995
1996-12-02,17.93,12.603132943835952,5.326867056164048
1996-12-03,18.68,13.409836688043702,5.270163311956297
1996-12-04,17.93,13.361044869320772,4.568955130679228
1996-12-05,18.14,13.585135994902764,4.554864005097237
1996-12-06,18.82,13.406816176855815,5.413183823144186
1996-12-09,17.75,12.77065855780362,4.979341442196381
1996-12-10,17.88,12.819928236928735,5.060071763071264
1996-12-11,19.68,12.338272164286321,7.341727835713678
1996-12-12,20.45,11.707864023809059,8.74213597619094
1996-12-13,21.09,11.671431788773923,9.418568211226077
1996-12-16,21.99,10.606573433489363,11.383426566510636
1996-12-17,20.77,10.696560194754307,10.073439805245693
1996-12-18,19.42,10.519239516238917,8.900760483761085
1996-12-19,18.77,9.503136324393248,9.266863675606752
1996-12-20,18.85,9.530655801150434,9.319344198849567
1996-12-23,19.5,10.042698840451328,9.457301159548672
1996-12-24,18.68,10.775694873185792,7.904305126814208
1996-12-26,18.59,11.041684654073523,7.548315345926477
1996-12-27,19.13,11.03846728490884,8.091532715091159
1996-12-30,19.51,11.165471776866513,8.344528223133489
1996-12-31,20.92,10.99566096239796,9.924339037602042
1997-01-02,21.14,10.415234994948616,10.724765005051385
1997-01-03,19.13,9.620571708583771,9.509428291416228
1997-01-06,19.89,9.602780847233912,10.287219152766088
1997-01-07,19.35,10.696419961837822,8.653580038162179
1997-01-08,20.24,10.511348153305672,9.728651846694326
1997-01-09,20.91,10.710568612356795,10.199431387643205
1997-01-10,19.63,10.98346393447908,8.64653606552092
1997-01-13,19.84,10.991764189610448,8.848235810389552
1997-01-14,19.27,11.524707371556236,7.745292628443764
1997-01-15,19.4,11.821086244504034,7.5789137554959645
1997-01-16,19.61,11.906893801491744,7.703106198508255
1997-01-17,18.63,11.90118313446199,6.728816865538009
1997-01-20,18.6,12.013302626671926,6.586697373328075
1997-01-21,17.81,12.728803557287021,5.081196442712978
1997-01-22,17.09,12.699733855479131,4.390266144520869
1997-01-23,18.47,12.577871044020236,5.8921289559797625
1997-01-24,19.33,11.948559745843955,7.381440254156043
1997-01-27,20.16,11.977133212918801,8.182866787081199
1997-01-28,20.74,12.970250575837106,7.769749424162892
1997-01-29,20.23,12.952919362058998,7.277080637941003
1997-01-30,19.47,12.313124704964332,7.156875295035666
1997-02-03,19.58,12.9735114753101,6.6064885246898974
1997-02-04,19.43,13.02570842603207,6.40429157396793
1997-02-05,21.06,12.305164769315471,8.754835230684527
1997-02-06,20.16,12.56330848144718,7.59669151855282
1997-02-07,18.9,12.253801042941848,6.64619895705815
1997-02-10,20.65,12.377448848611847,8.272551151388152
1997-02-11,19.97,13.715992125982096,6.254007874017903
1997-02-12,19.48,12.602661623641373,6.877338376358628
1997-02-13,19.23,11.969275667307656,7.2607243326923445
1997-02-14,19.18,12.17240157076668,7.007598429233319
1997-02-18,19.7,11.863463238026378,7.836536761973621
1997-02-19,20.61,11.858956109203007,8.751043890796993
1997-02-20,21.41,11.372118536139306,10.037881463860694
1997-02-21,20.55,11.56574251831689,8.98425748168311
1997-02-24,19.84,11.019736838963224,8.820263161036776
1997-02-25,19.98,11.01517861861546,8.96482138138454
1997-02-26,20.74,12.417405526115484,8.322594473884514
1997-02-27,21.08,13.863051612109198,7.216948387890801
1997-02-28,21.1,13.916935007393091,7.18306499260691
1997-03-03,20.89,14.083407258188748,6.806592741811253
1997-03-04,20.62,14.118906473236642,6.501093526763359
1997-03-05,19.49,14.092891825314046,5.397108174685952
1997-03-06,20.48,14.568579889611868,5.911420110388132
1997-03-07,19.32,14.401366601819543,4.918633398180457
1997-03-10,19.0,13.858510742500563,5.141489257499437
1997-03-11,19.25,13.858666602527228,5.391333397472772
1997-03-12,19.61,15.674445444735955,3.9355545552640443
1997-03-13,19.79,15.325406356765994,4.464593643234005
1997-03-14,19.81,16.058261425198044,3.751738574801955
1997-03-17,20.95,16.48167709913052,4.468322900869481
1997-03-18,21.26,16.363522848091215,4.896477151908787
1997-03-19,21.74,16.40505775667989,5.334942243320107
1997-03-20,21.22,16.667621305993343,4.552378694006656
1997-03-21,19.69,17.5281898666121,2.1618101333879025
1997-03-24,20.06,17.402972159950238,2.6570278400497607
1997-03-25,19.26,17.40374442469215,1.856255575307852
1997-03-26,18.32,17.56208643641191,0.7579135635880903
1997-03-27,20.5,16.757489072053815,3.742510927946185
1997-03-31,22.14,16.88408955200139,5.255910447998609
1997-04-01,20.84,17.099319284696758,3.7406807153032418
1997-04-02,21.3,16.41819722137611,4.881802778623889
1997-04-03,21.19,17.39399896516043,3.79600103483957
1997-04-04,19.23,18.321109136730833,0.9088908632691677
1997-04-07,18.51,18.41178318360289,0.09821681639711244
1997-04-08,18.44,19.128683174751007,-0.6886831747510058
1997-04-09,18.56,18.893408374351154,-0.3334083743511549
1997-04-10,19.01,18.722519061280245,0.28748093871975655
1997-04-11,19.76,15.907247404878122,3.8527525951218795
1997-04-14,19.09,16.257568083818743,2.832431916181257
1997-04-15,18.25,16.050087850226923,2.199912149773077
1997-04-16,17.64,16.001779900998574,1.6382200990014262
1997-04-17,18.71,16.799585709177535,1.910414290822466
1997-04-18,18.75,16.801735624631224,1.948264375368776
1997-04-21,20.1,16.14429682581443,3.9557031741855724
1997-04-22,19.52,15.886934254285878,3.6330657457141218
1997-04-23,20.48,15.98731872453921,4.492681275460791
1997-04-24,20.83,16.116767666005547,4.713232333994451
1997-04-25,21.15,15.316500905885839,5.83349909411416
1997-04-28,21.34,15.412741482293207,5.927258517706793
1997-04-29,19.81,13.861264011626142,5.948735988373857
1997-04-30,20.06,13.716083989244238,6.343916010755761
1997-05-01,19.87,13.698202801827769,6.171797198172232
1997-05-02,17.51,12.450368669240374,5.059631330759627
1997-05-05,20.13,10.427947065458406,9.702052934541593
1997-05-06,20.85,10.379953757122548,10.470046242877453
1997-05-07,21.34,10.146778799205306,11.193221200794694
1997-05-08,21.26,10.16357023884827,11.096429761151732
1997-05-09,20.11,10.126588764238544,9.983411235761455
1997-05-12,20.25,9.405358047411188,10.844641952588812
1997-05-13,20.81,9.826606738849492,10.983393261150507
1997-05-14,21.09,10.13213304294817,10.957866957051829
1997-05-15,19.91,10.12157497625751,9.78842502374249
1997-05-16,21.57,8.756814489299297,12.813185510700704
1997-05-19,21.48,9.106628355214797,12.373371644785204
1997-05-20,19.26,9.140824908070504,10.119175091929497
1997-05-21,19.28,9.091184741275592,10.188815258724409
1997-05-22,18.77,11.637030549070598,7.1329694509294015
1997-05-23,18.08,12.091987429699152,5.988012570300846
1997-05-27,19.36,12.546032042044306,6.813967957955693
1997-05-28,19.28,12.742753234682153,6.537246765317848
1997-05-29,19.02,12.646476189041847,6.373523810958153
1997-05-30,19.19,12.636603974169738,6.5533960258302635
1997-06-02,20.85,12.661364855338558,8.188635144661443
1997-06-03,20.01,12.980123265978726,7.0298767340212756
1997-06-04,20.1,13.067764919832392,7.0322350801676095
1997-06-05,20.36,13.296276170417121,7.063723829582878
1997-06-06,18.94,12.781408373102012,6.158591626897989
1997-06-09,19.46,13.459543825850947,6.000456174149054
1997-06-10,19.04,13.507762212890867,5.532237787109132
1997-06-11,18.85,13.512771736398212,5.337228263601789
1997-06-12,18.51,12.969528904320407,5.540471095679594
1997-06-13,19.27,12.80459604985657,6.465403950143429
1997-06-16,19.77,13.200440901727578,6.569559098272421
1997-06-17,20.17,13.476650919275249,6.693349080724753
1997-06-18,20.45,14.474262675521771,5.975737324478228
1997-06-19,20.1,14.29406450244306,5.805935497556941
1997-06-20,20.2,15.719301511199616,4.480698488800384
1997-06-23,21.19,13.882734600935159,7.307265399064843
1997-06-24,20.74,13.014238356507937,7.725761643492062
1997-06-25,21.5,12.634410156394413,8.865589843605587
1997-06-26,21.82,12.464788806875243,9.355211193124758
1997-06-27,21.22,12.487589038721698,8.732410961278301
1997-06-30,21.53,12.718731068782066,8.811268931217935
1997-07-01,21.0,12.702313175166255,8.297686824833745
1997-07-02,19.7,12.659748812674065,7.040251187325934
1997-07-03,17.82,12.16421144176648,5.655788558233521
1997-07-07,19.13,12.014905742451848,7.115094257548151
1997-07-08,18.76,12.04082057004432,6.719179429955682
1997-07-09,20.4,11.834549421080737,8.565450578919261
1997-07-10,19.92,13.698084537627977,6.221915462372024
1997-07-11,19.06,13.649061506198976,5.410938493801023
1997-07-14,19.58,14.097565747319743,5.482434252680255
1997-07-15,19.0,13.903429792680761,5.096570207319239
1997-07-16,19.36,13.327583426863363,6.032416573136636
1997-07-17,20.54,14.96216829206259,5.57783170793741
1997-07-18,22.28,14.505629252121501,7.7743707478785
1997-07-21,23.51,15.191797786963951,8.31820221303605
1997-07-22,21.77,14.324807852114555,7.445192147885445
1997-07-23,21.3,14.955233197780734,6.344766802219267
1997-07-24,20.96,14.928698536711197,6.031301463288804
1997-07-25,20.82,14.928698536711197,5.891301463288803
1997-07-28,21.84,15.043261614424017,6.796738385575983
1997-07-29,22.02,14.915546252149234,7.104453747850766
1997-07-30,21.39,14.471762850461698,6.918237149538303
1997-07-31,21.48,14.413273049519434,7.066726950480566
1997-08-01,22.29,16.973786849138968,5.3162131508610315
1997-08-04,21.94,16.947424583104155,4.992575416895846
1997-08-05,20.64,16.930911375351386,3.709088624648615
1997-08-06,20.05,16.683388145098196,3.366611854901805
1997-08-07,19.77,16.555100724550215,3.2148992754497847
1997-08-08,22.46,15.27781136157934,7.18218863842066
1997-08-11,22.77,15.894059267537758,6.875940732462242
1997-08-12,23.75,15.708262793829334,8.041737206170666
1997-08-13,24.52,16.196910816572483,8.323089183427516
1997-08-14,23.11,16.237039138956426,6.872960861043573
1997-08-15,24.45,16.077357991909068,8.372642008090931
1997-08-18,24.37,15.98208246756356,8.387917532436441
1997-08-19,22.64,15.418412369631401,7.2215876303685995
1997-08-20,21.09,14.802637602805884,6.287362397194116
1997-08-21,23.83,14.024880748156205,9.805119251843793
1997-08-22,24.74,14.024880748156205,10.715119251843793
1997-08-25,24.1,14.269172365628027,9.830827634371975
1997-08-26,24.73,14.276070888028073,10.453929111971927
1997-08-27,24.26,14.370298535521195,9.889701464478806
1997-08-28,24.51,14.008233293317272,10.50176670668273
1997-08-29,24.76,14.121791671031067,10.638208328968934
1997-09-02,24.53,11.780293714504857,12.749706285495144
1997-09-03,24.95,11.855995951416421,13.094004048583578
1997-09-04,25.27,11.897018113796523,13.372981886203476
1997-09-05,24.31,11.996459477696012,12.313540522303986
1997-09-08,24.4,12.221770739136062,12.178229260863937
1997-09-09,23.89,12.579011089906972,11.310988910093029
1997-09-10,24.64,11.575677949908698,13.064322050091302
1997-09-11,25.99,11.297863514842193,14.692136485157805
1997-09-12,25.17,10.804304697665765,14.365695302334236
1997-09-15,25.74,10.650042253437425,15.089957746562574
1997-09-16,23.77,7.907285248427728,15.862714751572272
1997-09-17,24.1,8.865664103720762,15.234335896279239
1997-09-18,23.48,9.996715460590195,13.483284539409805
1997-09-19,22.74,10.670253980107642,12.069746019892357
1997-09-22,22.08,11.97440269909121,10.105597300908789
1997-09-23,22.0,11.982246867762441,10.017753132237559
1997-09-24,22.64,13.546218660571036,9.093781339428965
1997-09-25,22.96,13.675372024190164,9.284627975809837
1997-09-26,22.26,26.434792981977438,-4.174792981977436
1997-09-29,22.23,30.431833990083533,-8.201833990083532
1997-09-30,22.91,30.42690454186892,-7.5169045418689215
1997-10-01,22.32,30.700513350756914,-8.380513350756914
1997-10-02,22.27,30.978072244734722,-8.708072244734723
1997-10-03,21.54,32.127136193567004,-10.587136193567005
1997-10-06,21.61,32.021153633184475,-10.411153633184476
1997-10-07,20.29,31.84691445022584,-11.55691445022584
1997-10-08,20.77,31.831857627226267,-11.061857627226267
1997-10-09,22.31,32.0606618771354,-9.750661877135403
1997-10-10,19.75,32.07740700243714,-12.327407002437141
1997-10-13,20.26,32.071187068769426,-11.811187068769424
1997-10-14,19.99,32.59446271991615,-12.604462719916153
1997-10-15,20.05,32.8489031780363,-12.798903178036301
1997-10-16,20.53,33.114907217143205,-12.584907217143204
1997-10-17,21.69,33.54868223939657,-11.858682239396568
1997-10-20,20.72,33.39166482821728,-12.671664828217281
1997-10-21,19.53,32.84927396457954,-13.319273964579537
1997-10-22,19.86,33.273575100971684,-13.413575100971684
1997-10-23,22.99,32.66515574737097,-9.675155747370969
1997-10-24,23.17,33.07614125015194,-9.90614125015194
1997-10-27,31.12,22.95748766742568,8.16251233257432
1997-10-28,31.22,18.295566676110433,12.924433323889566
1997-10-29,33.75,18.31524283213309,15.434757167866909
1997-10-30,38.2,18.045944696801058,20.154055303198945
1997-10-31,35.09,17.866508332631824,17.22349166736818
1997-11-03,32.09,16.223630912961575,15.866369087038429
1997-11-04,32.24,16.258261899723557,15.981738100276445
1997-11-05,32.18,16.51569072125058,15.664309278749421
1997-11-06,32.57,16.352640153810103,16.217359846189897
1997-11-07,36.27,15.850795563630312,20.41920443636969
1997-11-10,36.63,16.024340236028518,20.605659763971484
1997-11-11,36.38,17.144209518085184,19.23579048191482
1997-11-12,37.84,15.517644151094665,22.32235584890534
1997-11-13,36.64,15.437441497864937,21.202558502135062
1997-11-14,33.66,15.060374497335797,18.5996255026642
1997-11-17,31.58,13.755140130147808,17.82485986985219
1997-11-18,31.55,14.004480711543815,17.545519288456184
1997-11-19,29.93,14.124119795583825,15.805880204416175
1997-11-20,27.32,13.390587739154803,13.929412260845197
1997-11-21,26.65,13.9129119885092,12.7370880114908
1997-11-24,29.8,12.846942048596738,16.953057951403263
1997-11-25,28.95,12.838794335918111,16.111205664081886
1997-11-28,27.43,15.332252280731709,12.097747719268291
1997-12-01,26.01,14.002119839510115,12.007880160489886
1997-12-02,25.66,13.976643373857788,11.683356626142212
1997-12-03,23.92,13.872051037968495,10.047948962031507
1997-12-04,23.84,14.318649377647422,9.521350622352578
1997-12-05,22.65,13.869222040186791,8.780777959813207
1997-12-08,23.22,14.07089336183041,9.149106638169588
1997-12-09,23.36,17.072746703445333,6.287253296554667
1997-12-10,24.55,17.292328935108863,7.257671064891138
1997-12-11,27.63,17.450836083122294,10.179163916877705
1997-12-12,27.92,17.56280046006339,10.357199539936612
1997-12-15,27.37,17.51244014979075,9.857559850209253
1997-12-16,26.11,17.815053185438515,8.294946814561484
1997-12-17,26.33,18.711520515447237,7.618479484552761
1997-12-18,27.19,18.445939390554297,8.744060609445704
1997-12-19,29.18,18.512176533298366,10.667823466701634
1997-12-22,28.56,18.535070542083265,10.024929457916734
1997-12-23,29.86,18.028760356719005,11.831239643280995
1997-12-24,30.27,18.136763768655157,12.133236231344842
1997-12-26,29.27,18.381663689666464,10.888336310333536
1997-12-29,26.79,17.77396410483611,9.016035895163888
1997-12-30,24.38,16.81938524441374,7.560614755586258
1997-12-31,24.01,18.071268909514977,5.938731090485025
1998-01-02,23.42,18.128097528422625,5.291902471577377
1998-01-05,24.36,18.128097528422625,6.231902471577374
1998-01-06,25.66,17.66742765656626,7.992572343433739
1998-01-07,25.07,17.664741152929537,7.4052588470704634
1998-01-08,26.01,17.302995116453168,8.707004883546833
1998-01-09,28.69,12.777793236705696,15.912206763294305
1998-01-12,28.02,12.758714668805862,15.261285331194138
1998-01-13,25.17,12.118633586341405,13.051366413658597
1998-01-14,23.75,12.250338770825975,11.499661229174025
1998-01-15,23.45,11.807953251940067,11.642046748059933
1998-01-16,21.65,11.626435395253441,10.023564604746557
1998-01-20,21.65,10.760014869878304,10.889985130121694
1998-01-21,22.53,10.25280449438114,12.277195505618861
1998-01-22,23.16,9.458659524478188,13.701340475521812
1998-01-23,23.32,9.69458405502794,13.62541594497206
1998-01-26,23.97,9.820230139869523,14.149769860130476
1998-01-27,22.27,9.625410121132598,12.644589878867402
1998-01-28,22.06,9.41669368727697,12.643306312723029
1998-01-29,21.65,9.429861080631149,12.22013891936885
1998-01-30,21.47,9.081596775898056,12.388403224101943
1998-02-02,21.36,7.361440076506922,13.998559923493078
1998-02-03,20.67,8.44176758741926,12.228232412580741
1998-02-04,20.55,10.302374483583979,10.247625516416022
1998-02-05,21.29,10.396691781523689,10.89330821847631
1998-02-06,20.51,10.659305793530939,9.850694206469063
1998-02-09,21.55,10.630706467587284,10.919293532412716
1998-02-10,20.66,10.446813868352505,10.213186131647495
1998-02-11,20.38,10.495839175597265,9.884160824402734
1998-02-12,19.73,10.737116931467321,8.992883068532679
1998-02-13,19.84,10.602890172023956,9.237109827976044
1998-02-17,20.76,10.62210713559236,10.137892864407641
1998-02-18,19.66,10.461604083504698,9.198395916495302
1998-02-19,19.88,10.361098397370913,9.518901602629086
1998-02-20,19.0,10.575556722934364,8.424443277065636
1998-02-23,18.99,10.757750694267001,8.232249305732998
1998-02-24,19.35,10.290539344465968,9.059460655534034
1998-02-25,18.62,9.891693484939887,8.728306515060114
1998-02-26,18.63,10.064297292906362,8.565702707093637
1998-02-27,18.55,10.157865917603083,8.392134082396918
1998-03-02,19.19,10.268230616810389,8.921769383189613
1998-03-03,19.04,10.342255073242113,8.697744926757887
1998-03-04,19.58,10.244573197552063,9.335426802447936
1998-03-05,20.93,9.045445262672368,11.884554737327631
1998-03-06,19.14,7.525907254278528,11.614092745721472
1998-03-09,20.23,8.584068965240336,11.645931034759665
1998-03-10,19.43,8.345221387117444,11.084778612882555
1998-03-11,18.89,8.584516293886473,10.305483706113527
1998-03-12,18.25,8.607968401429131,9.642031598570869
1998-03-13,18.71,8.741555925577684,9.968444074422317
1998-03-16,18.51,8.408980913285651,10.10101908671435
1998-03-17,18.66,9.1619299276955,9.4980700723045
1998-03-18,18.29,9.715004889345265,8.574995110654735
1998-03-19,17.76,9.67341304814399,8.086586951856011
1998-03-20,18.69,9.555823355420634,9.134176644579368
1998-03-23,19.98,9.424113751435856,10.555886248564144
1998-03-24,20.51,10.0582861363158,10.451713863684201
1998-03-25,22.54,10.64629513023205,11.89370486976795
1998-03-26,22.81,13.027979121874694,9.782020878125305
1998-03-27,23.47,12.993738492058505,10.476261507941494
1998-03-30,24.66,13.380013452908134,11.279986547091866
1998-03-31,24.22,14.084983493068165,10.135016506931834
1998-04-01,23.37,14.084983493068165,9.285016506931836
1998-04-02,21.98,13.790322693831452,8.189677306168548
1998-04-03,21.82,13.923391828143128,7.896608171856872
1998-04-06,22.47,14.171275171980922,8.298724828019077
1998-04-07,23.66,13.99629093724487,9.66370906275513
1998-04-08,23.17,14.409496868385194,8.760503131614808
1998-04-09,21.51,14.14327826212872,7.366721737871282
1998-04-13,22.77,14.272186938237699,8.497813061762301
1998-04-14,21.61,14.103195382607545,7.506804617392454
1998-04-15,20.89,14.042461322717001,6.847538677283
1998-04-16,22.06,13.971310604234766,8.088689395765233
1998-04-17,20.76,13.388006573048994,7.371993426951008
1998-04-20,20.39,13.465475854941145,6.9245241450588555
1998-04-21,19.91,13.561875976427562,6.3481240235724385
1998-04-22,19.44,13.519825442660235,5.920174557339767
1998-04-23,20.6,13.117176525457108,7.482823474542894
1998-04-24,21.97,13.672471612696919,8.29752838730308
1998-04-27,26.09,11.585335558368728,14.504664441631272
1998-04-28,24.17,11.752512922775402,12.4174870772246
1998-04-29,22.78,11.343063078375387,11.436936921624614
1998-04-30,21.18,9.870738574190034,11.309261425809966
1998-05-01,19.34,9.565004966020831,9.774995033979168
1998-05-04,20.32,9.700554623319393,10.619445376680607
1998-05-05,21.46,10.46676454306693,10.993235456933071
1998-05-06,22.79,11.527846286275805,11.262153713724194
1998-05-07,23.39,11.205589676585642,12.184410323414358
1998-05-08,20.57,10.570716153601081,9.999283846398919
1998-05-11,21.05,10.8018998328999,10.2481001671001
1998-05-12,20.98,11.623958017818332,9.356041982181669
1998-05-13,20.44,11.559577846963231,8.88042215303677
1998-05-14,19.64,13.081449460973479,6.5585505390265215
1998-05-15,20.44,13.581717122661743,6.858282877338258
1998-05-18,21.69,14.861145312525645,6.828854687474356
1998-05-19,20.39,14.779040564258663,5.6109594357413375
1998-05-20,19.89,14.684432573307117,5.205567426692884
1998-05-21,19.38,14.73705940817241,4.642940591827589
1998-05-22,18.99,15.438980536291986,3.5510194637080126
1998-05-26,22.07,14.891660753589658,7.178339246410342
1998-05-27,22.59,14.875777626732747,7.714222373267253
1998-05-28,20.74,14.806682275243247,5.933317724756751
1998-05-29,21.32,14.744447090345655,6.575552909654345
1998-06-01,22.83,14.696440385345099,8.1335596146549
1998-06-02,22.0,15.068714610078802,6.931285389921198
1998-06-03,22.85,14.712349914272782,8.13765008572722
1998-06-04,21.22,14.630533824847344,6.589466175152655
1998-06-05,19.78,13.999741426183643,5.780258573816358
1998-06-08,20.58,14.230848182733254,6.349151817266744
1998-06-09,20.52,14.431939578587574,6.088060421412425
1998-06-10,21.48,14.100182977536225,7.379817022463776
1998-06-11,23.57,12.756292564848229,10.813707435151771
1998-06-12,22.78,12.877883366454371,9.90211663354563
1998-06-15,25.94,10.151076790173638,15.788923209826363
1998-06-16,24.8,9.967954654792626,14.832045345207375
1998-06-17,22.89,8.883837008860649,14.006162991139352
1998-06-18,22.4,8.877465854623273,13.522534145376726
1998-06-19,21.92,10.811377340561297,11.108622659438705
1998-06-22,21.94,10.965996534743311,10.97400346525669
1998-06-23,20.17,12.765997023343012,7.40400297665699
1998-06-24,20.02,12.180448267613258,7.839551732386742
1998-06-25,20.25,12.137853187446401,8.112146812553599
1998-06-26,19.36,13.195190032735523,6.1648099672644765
1998-06-29,19.57,13.076164575287471,6.493835424712529
1998-06-30,19.71,14.140359259934057,5.569640740065944
1998-07-01,18.0,14.859130526380177,3.140869473619823
1998-07-02,17.67,15.058509886439738,2.6114901135602633
1998-07-06,18.63,18.516639003879828,0.11336099612017136
1998-07-07,18.62,18.75708186259269,-0.1370818625926873
1998-07-08,17.82,18.911482226414822,-1.091482226414822
1998-07-09,18.16,19.082886574100982,-0.922886574100982
1998-07-10,17.92,18.959392395327534,-1.039392395327532
1998-07-13,18.26,19.386791379699837,-1.126791379699835
1998-07-14,17.88,20.120666986956564,-2.2406669869565654
1998-07-15,17.89,20.139269102924363,-2.2492691029243623
1998-07-16,16.97,19.794317366355525,-2.824317366355526
1998-07-17,16.23,20.895006101937465,-4.665006101937465
1998-07-20,17.34,22.08759108639971,-4.747591086399709
1998-07-21,20.1,21.655149041278925,-1.5551490412789235
1998-07-22,20.32,21.685060295051148,-1.3650602950511477
1998-07-23,23.01,21.01601389417136,1.9939861058286432
1998-07-24,23.01,21.146645123990794,1.8633548760092076
1998-07-27,23.13,21.14956169758616,1.9804383024138374
1998-07-28,25.25,20.893866085528632,4.356133914471368
1998-07-29,24.79,24.421282521604056,0.3687174783959435
1998-07-30,22.66,23.781384316309342,-1.1213843163093422
1998-07-31,24.8,31.665257933577685,-6.865257933577684
1998-08-03,25.98,35.09030806362355,-9.110308063623552
1998-08-04,31.06,33.439924042975996,-2.379924042975997
1998-08-05,29.83,33.344008757196605,-3.5140087571966063
1998-08-06,28.2,32.855741050842305,-4.655741050842305
1998-08-07,27.02,37.93720021298361,-10.917200212983612
1998-08-10,28.75,38.24000261506272,-9.490002615062721
1998-08-11,31.91,38.70113641742324,-6.7911364174232425
1998-08-12,28.55,39.62868203713067,-11.078682037130672
1998-08-13,29.92,40.48475416746412,-10.564754167464116
1998-08-14,34.34,40.545099333951605,-6.205099333951601
1998-08-17,31.86,40.25414413448637,-8.394144134486368
1998-08-18,28.4,40.306642132532,-11.906642132532
1998-08-19,28.69,40.406373259672826,-11.716373259672825
1998-08-20,30.0,40.438669117566214,-10.438669117566214
1998-08-21,33.14,40.47378855506367,-7.33378855506367
1998-08-24,31.8,42.201670109131975,-10.401670109131974
1998-08-25,30.33,42.70474165710411,-12.37474165710411
1998-08-26,31.14,42.60063379810215,-11.460633798102151
1998-08-27,38.55,40.383870542581754,-1.8338705425817565
1998-08-28,39.6,39.902819449256995,-0.3028194492569938
1998-08-31,44.28,33.000525450362176,11.279474549637825
1998-09-01,36.48,33.00549954174308,3.4745004582569194
1998-09-02,36.76,33.37055408590038,3.3894459140996176
1998-09-03,41.43,33.84723326950081,7.582766730499188
1998-09-04,43.31,33.79130183937877,9.518698160621234
1998-09-08,37.9,29.199746574242784,8.700253425757214
1998-09-09,39.66,29.144399118870222,10.515600881129775
1998-09-10,45.29,29.655198532466493,15.634801467533507
1998-09-11,43.74,28.661165363606607,15.078834636393395
1998-09-14,38.57,27.62120924217481,10.94879075782519
1998-09-15,36.58,27.96851801579775,8.61148198420225
1998-09-16,35.94,31.465726115886834,4.474273884113163
1998-09-17,39.23,30.50672450460722,8.723275495392777
1998-09-18,38.63,30.59127718811365,8.038722811886352
1998-09-21,38.58,30.59391312009633,7.986086879903667
1998-09-22,36.62,30.57114521898064,6.048854781019358
1998-09-23,32.47,28.580645898929628,3.8893541010703707
1998-09-24,34.66,27.68978223099638,6.970217769003618
1998-09-25,34.55,27.711130615693087,6.838869384306911
1998-09-28,34.87,27.783060306596948,7.08693969340305
1998-09-29,36.08,27.78109501081631,8.29890498918369
1998-09-30,40.95,26.477397908404864,14.472602091595139
1998-10-01,43.48,23.256555204930972,20.223444795069025
1998-10-02,40.47,23.256555204930972,17.213444795069027
1998-10-05,42.81,21.68393691191712,21.126063088082883
1998-10-06,41.2,21.30528948406948,19.894710515930523
1998-10-07,43.51,19.429191439686864,24.080808560313134
1998-10-08,45.74,17.246241329634728,28.493758670365274
1998-10-09,42.2,17.04281314806923,25.157186851930774
1998-10-12,40.07,16.97651554353842,23.09348445646158
1998-10-13,40.23,17.025289424852712,23.204710575147285
1998-10-14,38.96,17.1282433425031,21.8317566574969
1998-10-15,33.34,11.562862967275969,21.777137032724035
1998-10-16,34.82,11.430039370011027,23.389960629988973
1998-10-19,33.13,11.32615557018365,21.80384442981635
1998-10-20,33.11,11.328539182083544,21.781460817916454
1998-10-21,33.21,11.349493380763834,21.86050661923617
1998-10-22,31.53,11.310729419449572,20.21927058055043
1998-10-23,32.27,12.048417323449659,20.221582676550344
1998-10-26,32.38,12.477264123196314,19.90273587680369
1998-10-27,32.95,11.933380074396432,21.01661992560357
1998-10-28,32.42,11.889031920219653,20.53096807978035
1998-10-29,29.5,14.824691565088369,14.675308434911631
1998-10-30,28.05,14.614687133154861,13.43531286684514
1998-11-02,27.26,14.181267926388049,13.078732073611953
1998-11-03,27.76,15.562875055721632,12.19712494427837
1998-11-04,27.37,16.659951980723186,10.710048019276815
1998-11-05,26.01,16.403185056567594,9.606814943432408
1998-11-06,25.7,16.45921504811218,9.240784951887818
1998-11-09,28.09,16.066845365534657,12.023154634465342
1998-11-10,28.17,17.14921339303942,11.02078660696058
1998-11-11,28.47,16.902473191814344,11.567526808185654
1998-11-12,29.28,18.628197980481172,10.65180201951883
1998-11-13,29.03,19.377105046936265,9.652894953063736
1998-11-16,28.9,19.253534740405534,9.646465259594464
1998-11-17,27.95,19.86282759327087,8.087172406729128
1998-11-18,27.13,19.91047663919683,7.219523360803169
1998-11-19,25.5,20.270477054080462,5.229522945919538
1998-11-20,22.47,20.1649755764792,2.3050244235207984
1998-11-23,21.84,20.062068686952568,1.7779313130474321
1998-11-24,23.28,19.968567299633758,3.311432700366243
1998-11-25,22.15,19.95031428323881,2.199685716761188
1998-11-27,22.09,20.20332249903472,1.8866775009652805
1998-11-30,26.01,18.270330046280016,7.739669953719986
1998-12-01,24.97,18.155303357421555,6.814696642578443
1998-12-02,25.43,18.146060729535826,7.283939270464174
1998-12-03,28.7,17.026910465495558,11.673089534504442
1998-12-04,25.31,17.150675788434754,8.159324211565245
1998-12-07,24.9,17.116048609419238,7.783951390580761
1998-12-08,25.58,16.88233396186683,8.697666038133168
1998-12-09,25.66,17.14478346319959,8.51521653680041
1998-12-10,26.81,17.589724272995362,9.220275727004637
1998-12-11,27.72,17.806179826116615,9.913820173883384
1998-12-14,31.31,17.070047451603706,14.239952548396293
1998-12-15,29.42,17.786578085736508,11.633421914263494
1998-12-16,29.96,17.7670526537184,12.1929473462816
1998-12-17,27.96,17.312628916487586,10.647371083512414
1998-12-18,25.04,18.807634620015417,6.232365379984582
1998-12-21,23.86,18.583796167629547,5.276203832370452
1998-12-22,22.78,18.66747438728664,4.1125256127133625
1998-12-23,20.21,18.109278284901436,2.1007217150985653
1998-12-24,21.48,18.354767228161812,3.1252327718381885
1998-12-28,23.5,19.10030366250764,4.399696337492362
1998-12-29,22.18,18.990526059064365,3.1894739409356347
1998-12-30,23.34,18.945605295160213,4.394394704839787
1998-12-31,24.42,19.268505909903933,5.151494090096069
1999-01-04,26.17,19.426591054531485,6.743408945468516
1999-01-05,24.46,20.380676141875252,4.079323858124749
1999-01-06,23.34,19.124344694655644,4.215655305344356
1999-01-07,24.37,19.166120108149258,5.203879891850743
1999-01-08,23.28,20.40969769496853,2.8703023050314727
1999-01-11,25.46,20.45702031088603,5.002979689113971
1999-01-12,28.1,21.55050440244968,6.549495597550322
1999-01-13,30.11,22.48788740633507,7.62211259366493
1999-01-14,32.98,21.830242325727927,11.14975767427207
1999-01-15,29.24,20.824970588214608,8.41502941178539
1999-01-19,29.24,20.896519327390468,8.34348067260953
1999-01-20,28.6,20.898744459895276,7.701255540104725
1999-01-21,30.92,21.708389161796486,9.211610838203516
1999-01-22,31.95,21.541916349294528,10.408083650705471
1999-01-25,31.13,21.985160449721604,9.144839550278395
1999-01-26,29.23,21.527405788900886,7.702594211099115
1999-01-27,29.73,21.448034875018347,8.281965124981653
1999-01-28,28.11,20.54590470142416,7.56409529857584
1999-01-29,26.25,20.226856404295837,6.023143595704163
1999-02-01,27.67,20.232906859865775,7.437093140134227
1999-02-02,28.16,20.74940191909163,7.410598080908372
1999-02-03,27.88,21.79036117185769,6.089638828142309
1999-02-04,29.48,20.80252869244513,8.677471307554871
1999-02-05,29.67,20.52060525423173,9.149394745768273
1999-02-08,30.27,20.56558387209084,9.704416127909159
1999-02-09,31.36,18.739608320346576,12.620391679653423
1999-02-10,30.45,18.849418028151497,11.600581971848502
1999-02-11,27.42,17.21587407017148,10.204125929828521
1999-02-12,29.76,15.537605993202511,14.22239400679749
1999-02-16,29.65,15.7007897890521,13.949210210947898
1999-02-17,30.65,14.929663090639467,15.720336909360531
1999-02-18,30.45,15.793207400651795,14.656792599348204
1999-02-19,29.3,15.90518783290542,13.39481216709458
1999-02-22,25.87,16.605571354217332,9.264428645782669
1999-02-23,26.49,16.718297760238723,9.771702239761275
1999-02-24,27.21,17.161552377334715,10.048447622665286
1999-02-25,28.01,17.06148645341322,10.948513546586781
1999-02-26,27.88,18.056574425953624,9.823425574046375
1999-03-01,28.37,18.297799867743734,10.072200132256267
1999-03-02,29.22,18.442182083473817,10.777817916526182
1999-03-03,29.04,18.463895580294064,10.576104419705935
1999-03-04,26.67,18.951073848201915,7.718926151798087
1999-03-05,24.08,17.861702046557678,6.21829795344232
1999-03-08,24.54,17.793448232425405,6.746551767574594
1999-03-09,25.02,18.15651949025481,6.863480509745191
1999-03-10,24.79,18.139380364279333,6.650619635720666
1999-03-11,24.37,18.197450370862473,6.172549629137528
1999-03-12,24.84,18.208653986497815,6.631346013502185
1999-03-15,25.24,18.82531274640618,6.414687253593819
1999-03-16,25.15,18.880688546766585,6.2693114532334135
1999-03-17,25.57,18.782808096767717,6.787191903232284
1999-03-18,24.13,20.22112459780621,3.9088754021937895
1999-03-19,24.32,20.304272456800884,4.015727543199116
1999-03-22,25.0,21.959729506530874,3.0402704934691265
1999-03-23,27.27,19.741468030518963,7.528531969481037
1999-03-24,26.6,19.753302508694652,6.846697491305349
1999-03-25,24.33,19.063854804314957,5.266145195685041
1999-03-26,24.04,18.865807165345522,5.174192834654477
1999-03-29,23.54,18.276282991899713,5.263717008100286
1999-03-30,22.73,18.18072275791044,4.549277242089559
1999-03-31,23.26,17.91583656991776,5.34416343008224
1999-04-01,22.06,18.150233056355024,3.909766943644975
1999-04-05,22.19,18.066736285228803,4.123263714771198
1999-04-06,22.65,18.32309362525889,4.32690637474111
1999-04-07,22.81,18.82531274640618,3.984687253593819
1999-04-08,22.59,18.56456624863622,4.0254337513637815
1999-04-09,21.77,18.511447269190032,3.258552730809967
1999-04-12,21.93,18.72809440386296,3.2019055961370384
1999-04-13,22.73,18.780453668641847,3.949546331358153
1999-04-14,24.94,17.967944790654354,6.972055209345648
1999-04-15,23.93,19.59780395860728,4.33219604139272
1999-04-16,23.9,19.56697421677667,4.333025783223327
1999-04-19,26.42,17.35059883692787,9.069401163072133
1999-04-20,25.02,16.973129352008215,8.046870647991785
1999-04-21,23.31,14.750879295825154,8.559120704174845
1999-04-22,22.62,14.068513780780235,8.551486219219766
1999-04-23,22.76,15.436407613172292,7.323592386827709
1999-04-26,23.53,16.28095328904311,7.24904671095689
1999-04-27,23.36,17.24134565513967,6.118654344860328
1999-04-28,24.4,17.64238079171866,6.757619208281337
1999-04-29,25.06,18.598628981728826,6.461371018271173
1999-04-30,25.07,18.708595885314416,6.361404114685584
1999-05-03,24.15,18.18678091361975,5.963219086380249
1999-05-04,25.62,17.5884177798915,8.0315822201085
1999-05-05,25.19,18.709076941420797,6.480923058579204
1999-05-06,27.44,18.458519984007467,8.981480015992535
1999-05-07,25.36,18.6617876957167,6.698212304283299
1999-05-10,26.62,18.679488215687368,7.940511784312633
1999-05-11,25.62,18.473378683933362,7.146621316066639
1999-05-12,26.13,18.338192931693232,7.791807068306767
1999-05-13,25.02,18.265337664549314,6.754662335450686
1999-05-14,26.86,17.16346118939893,9.69653881060107
1999-05-17,27.28,19.080908783388782,8.199091216611219
1999-05-18,27.26,19.226859337915876,8.033140662084126
1999-05-19,25.08,19.01107361513292,6.06892638486708
1999-05-20,24.46,19.106098502834193,5.353901497165808
1999-05-21,24.4,19.286508237625675,5.1134917623743235
1999-05-24,27.62,18.023847535973083,9.596152464026918
1999-05-25,28.9,17.442909161031675,11.457090838968323
1999-05-26,27.57,16.789864799932218,10.780135200067782
1999-05-27,28.12,16.36734676115841,11.752653238841592
1999-05-28,25.39,16.336601849834093,9.053398150165908
1999-06-01,26.62,16.642309935823285,9.977690064176716
1999-06-02,26.21,16.664463987779573,9.545536012220428
1999-06-03,26.2,16.72125114936087,9.478748850639128
1999-06-04,23.43,15.553094868867817,7.876905131132183
1999-06-07,23.78,15.449423290207386,8.330576709792615
1999-06-08,24.02,14.579345664329466,9.440654335670533
1999-06-09,23.9,14.608248354953524,9.291751645046475
1999-06-10,25.32,13.743174305814584,11.576825694185416
1999-06-11,25.9,13.392335121255073,12.507664878744926
1999-06-14,26.51,13.061592552212078,13.448407447787924
1999-06-15,25.91,13.147180686367783,12.762819313632217
1999-06-16,22.4,11.301033581049222,11.098966418950777
1999-06-17,21.95,11.84475580161965,10.10524419838035
1999-06-18,21.75,14.568320424812281,7.181679575187719
1999-06-21,21.81,14.467645281800445,7.342354718199553
1999-06-22,21.7,14.876568152635294,6.823431847364706
1999-06-23,21.32,14.92411605422588,6.39588394577412
1999-06-24,23.06,14.607903340315564,8.452096659684434
1999-06-25,21.76,15.035386260419203,6.724613739580798
1999-06-28,22.63,14.513903678886761,8.116096321113238
1999-06-29,22.51,14.958354187543597,7.551645812456405
1999-06-30,21.09,13.914494600954905,7.175505399045095
1999-07-01,19.69,13.664583418458218,6.0254165815417835
1999-07-02,18.66,13.366329339052044,5.2936706609479565
1999-07-06,20.73,13.942447417867626,6.787552582132374
1999-07-07,20.35,14.215366333654703,6.134633666345298
1999-07-08,20.24,14.346015474688558,5.89398452531144
1999-07-09,17.96,13.956925162800141,4.0030748371998595
1999-07-12,19.73,14.171613881277034,5.558386118722966
1999-07-13,19.95,15.903893862825031,4.046106137174968
1999-07-14,19.71,15.64992779536071,4.06007220463929
1999-07-15,18.68,17.59858744331498,1.0814125566850201
1999-07-16,17.42,17.48301575815808,-0.0630157581580768
1999-07-19,19.07,17.965607142537753,1.1043928574622477
1999-07-20,21.79,16.62490902230756,5.16509097769244
1999-07-21,21.46,16.660870325406275,4.7991296745937255
1999-07-22,23.05,16.605864024494576,6.444135975505425
1999-07-23,23.32,17.823790842578997,5.496209157421003
1999-07-26,24.98,17.47837521052809,7.5016247894719115
1999-07-27,23.23,17.519383550798896,5.710616449201105
1999-07-28,22.85,18.009091037584408,4.840908962415593
1999-07-29,24.52,17.27555498384937,7.244445016150628
1999-07-30,24.64,18.18805762031787,6.45194237968213
1999-08-02,25.59,18.179003273007105,7.410996726992895
1999-08-03,26.27,18.173375030522067,8.096624969477933
1999-08-04,27.4,17.677290516365986,9.722709483634013
1999-08-05,27.01,20.07748589838884,6.9325141016111615
1999-08-06,26.6,19.716234934692846,6.883765065307156
1999-08-09,27.66,19.77600364077643,7.88399635922357
1999-08-10,28.45,19.161693035846344,9.288306964153655
1999-08-11,25.39,18.528650247657072,6.861349752342928
1999-08-12,25.03,18.721858882066243,6.308141117933758
1999-08-13,22.31,17.336920141709218,4.973079858290781
1999-08-16,23.07,17.911445502806384,5.158554497193617
1999-08-17,21.67,17.538774187496774,4.131225812503228
1999-08-18,23.3,17.91748084971777,5.382519150282231
1999-08-19,24.39,17.68560431537477,6.704395684625229
1999-08-20,22.95,18.665854387088824,4.284145612911175
1999-08-23,22.55,17.492063343128027,5.0579366568719735
1999-08-24,22.4,19.00216513979403,3.3978348602059683
1999-08-25,20.96,18.248192239233003,2.711807760766998
1999-08-26,21.21,18.151135501670506,3.058864498329495
1999-08-27,21.83,17.958194786781974,3.8718052132180247
1999-08-30,24.63,17.190961578690217,7.439038421309782
1999-08-31,24.45,17.60769490876086,6.84230509123914
1999-09-01,22.93,17.30954072181013,5.62045927818987
1999-09-02,24.53,18.234584722444406,6.295415277555595
1999-09-03,20.98,14.902941991432538,6.077058008567462
1999-09-07,23.44,16.429244657013392,7.010755342986609
1999-09-08,23.82,16.403163109595752,7.416836890404248
1999-09-09,23.01,16.863672197952706,6.146327802047296
1999-09-10,22.03,16.79889996398583,5.231100036014173
1999-09-13,22.89,17.67719547892151,5.212804521078489
1999-09-14,23.77,18.867098346062736,4.902901653937263
1999-09-15,24.56,18.443109282330976,6.116890717669023
1999-09-16,25.25,20.42273439086949,4.82726560913051
1999-09-17,23.3,19.771628157539368,3.5283718424606327
1999-09-20,24.03,20.085337935917423,3.9446620640825785
1999-09-21,25.65,20.390962704100144,5.259037295899855
1999-09-22,25.19,20.349210304088043,4.840789695911958
1999-09-23,27.84,19.1710969952166,8.668903004783399
1999-09-24,27.79,19.231318207548927,8.558681792451072
1999-09-27,26.4,19.447631218223034,6.952368781776965
1999-09-28,26.06,19.6638897474534,6.396110252546599
1999-09-29,26.49,22.392771154995593,4.097228845004405
1999-09-30,25.41,22.85101660758231,2.558983392417691
1999-10-01,24.93,22.91850256888531,2.011497431114691
1999-10-04,24.46,22.434298740990382,2.025701259009619
1999-10-05,24.79,22.475773624060256,2.314226375939743
1999-10-06,22.06,21.786412279216666,0.2735877207833326
1999-10-07,23.58,21.758286697256352,1.821713302743646
1999-10-08,20.49,21.57184832136557,-1.0818483213655732
1999-10-11,20.63,21.83948900501115,-1.2094890050111502
1999-10-12,22.84,20.756829237626896,2.083170762373104
1999-10-13,25.96,18.98792879700159,6.972071202998411
1999-10-14,26.05,19.09415826895761,6.955841731042391
1999-10-15,28.75,15.578019129529979,13.171980870470021
1999-10-18,28.19,16.102309151174616,12.087690848825385
1999-10-19,26.56,16.686311755447996,9.873688244552003
1999-10-20,23.9,16.15884030492294,7.741159695077059
1999-10-21,24.02,16.132325312861813,7.887674687138187
1999-10-22,21.64,15.984177176195283,5.6558228238047175
1999-10-25,23.6,16.84451602154251,6.755483978457491
1999-10-26,24.26,16.212106587362484,8.047893412637517
1999-10-27,24.2,16.192942907328554,8.007057092671445
1999-10-28,21.34,12.962546046205684,8.377453953794316
1999-10-29,22.2,13.044488491313214,9.155511508686786
1999-11-01,22.09,12.946006334001336,9.143993665998664
1999-11-02,23.1,13.180963545962893,9.919036454037109
1999-11-03,23.16,13.888347633898086,9.271652366101915
1999-11-04,23.0,14.055312163022299,8.944687836977701
1999-11-05,21.66,14.117151270706238,7.5428487292937625
1999-11-08,21.87,14.079227251522111,7.79077274847789
1999-11-09,22.7,13.645904880219659,9.05409511978034
1999-11-10,22.26,13.637631759216944,8.622368240783057
1999-11-11,22.07,13.638586437017683,8.431413562982318
1999-11-12,21.65,14.193671829375335,7.456328170624664
1999-11-15,22.74,14.272804910037932,8.467195089962066
1999-11-16,20.73,12.938162156968163,7.791837843031837
1999-11-17,20.96,12.702412369310128,8.257587630689873
1999-11-18,19.76,12.15728423621012,7.602715763789881
1999-11-19,19.11,13.060802425578718,6.049197574421282
1999-11-22,19.98,13.076256344994269,6.903743655005732
1999-11-23,21.0,12.6165795681715,8.3834204318285
1999-11-24,20.26,12.506184070291097,7.753815929708905
1999-11-26,22.33,12.506184070291097,9.823815929708902
1999-11-29,23.57,12.205849417390114,11.364150582609886
1999-11-30,24.18,10.835198198464228,13.344801801535771
1999-12-01,22.23,10.83307158658164,11.39692841341836
1999-12-02,21.77,10.98872331074009,10.78127668925991
1999-12-03,19.32,17.667808013446468,1.6521919865535324
1999-12-06,20.58,17.611797182570644,2.968202817429354
1999-12-07,21.09,17.73734365681635,3.35265634318365
1999-12-08,21.25,20.973397435799544,0.2766025642004557
1999-12-09,21.19,21.708021558861663,-0.5180215588616619
1999-12-10,21.48,22.652070104076646,-1.1720701040766457
1999-12-13,21.72,22.815373764196874,-1.095373764196875
1999-12-14,23.06,22.832907830585288,0.22709216941471055
1999-12-15,22.03,23.039776040578236,-1.0097760405782346
1999-12-16,21.91,23.05661380168395,-1.1466138016839516
1999-12-17,21.35,23.072846378373065,-1.7228463783730632
1999-12-20,23.78,23.13976317942781,0.6402368205721913
1999-12-21,22.66,22.68603094417362,-0.02603094417361973
1999-12-22,22.43,24.530538518344912,-2.100538518344912
1999-12-23,21.12,24.133615560044117,-3.0136155600441157
1999-12-27,23.07,24.164245487910513,-1.0942454879105128
1999-12-28,22.97,24.17743162538163,-1.2074316253816306
1999-12-29,23.09,25.7568476332024,-2.6668476332024014
1999-12-30,24.76,26.446563481859116,-1.686563481859114
2000-01-03,24.21,26.783948924682555,-2.573948924682554
2000-01-04,27.01,23.133575599115737,3.8764244008842645
2000-01-05,26.41,23.12768730331684,3.28231269668316
2000-01-06,25.73,22.905744257718474,2.824255742281526
2000-01-07,21.72,20.537004650143192,1.1829953498568067
2000-01-10,21.71,20.690609464199053,1.019390535800948
2000-01-11,22.5,19.892387488685294,2.6076125113147057
2000-01-12,22.84,20.699446369408125,2.1405536305918744
2000-01-13,21.71,19.904282956188183,1.8057170438118177
2000-01-14,19.66,19.62979877635029,0.030201223649708453
2000-01-18,21.5,19.697565331786652,1.8024346682133476
2000-01-19,21.72,19.694126027828794,2.0258739721712047
2000-01-20,21.75,21.62042367762491,0.1295763223750903
2000-01-21,20.82,21.597377618590727,-0.7773776185907266
2000-01-24,24.07,20.326845303686532,3.743154696313468
2000-01-25,23.02,20.237227082779977,2.782772917220022
2000-01-26,23.03,20.49834822613772,2.531651773862283
2000-01-27,23.54,20.661032888023854,2.878967111976145
2000-01-28,26.14,19.08739793685883,7.052602063141169
2000-01-31,24.95,19.012705225716903,5.937294774283096
2000-02-01,23.45,18.600096773941875,4.8499032260581245
2000-02-02,23.12,20.164892263535723,2.955107736464278
2000-02-03,22.01,19.868801674987928,2.1411983250120734
2000-02-04,21.54,21.453061320007528,0.08693867999247118
2000-02-07,22.79,21.552959889537284,1.237040110462715
2000-02-08,21.25,22.757339036012166,-1.5073390360121657
2000-02-09,22.9,21.75647489829184,1.143525101708157
2000-02-10,23.07,22.392819384793935,0.6771806152060655
2000-02-11,24.42,23.06164868347454,1.3583513165254608
2000-02-14,24.38,23.230083082072756,1.1499169179272428
2000-02-15,22.92,27.395950065657566,-4.475950065657564
2000-02-16,23.51,27.260793825565727,-3.750793825565726
2000-02-17,23.17,28.094197265627695,-4.9241972656276936
2000-02-18,26.0,26.693850977331884,-0.6938509773318842
2000-02-22,25.86,26.832627899629998,-0.9726278996299982
2000-02-23,23.89,26.931138854493362,-3.0411388544933615
2000-02-24,24.38,26.906263954700254,-2.526263954700255
2000-02-25,25.2,26.518597247969243,-1.3185972479692438
2000-02-28,24.68,27.264064260487693,-2.5840642604876933
2000-02-29,23.37,27.089208183333866,-3.7192081833338655
2000-03-01,21.64,27.60708387352787,-5.967083873527869
2000-03-02,21.06,27.829099158973914,-6.769099158973916
2000-03-03,19.21,27.345603668597324,-8.135603668597323
2000-03-06,21.5,27.563382230778632,-6.0633822307786325
2000-03-07,24.31,26.391403145721586,-2.0814031457215876
2000-03-08,23.82,26.756833893418758,-2.9368338934187577
2000-03-09,22.21,25.872521330554605,-3.662521330554604
2000-03-10,21.24,26.769874859625386,-5.529874859625387
2000-03-13,22.85,26.516554074766262,-3.6665540747662604
2000-03-14,24.41,27.322928832758826,-2.9129288327588263
2000-03-15,22.34,27.8052477061436,-5.4652477061436
2000-03-16,20.77,31.660069488237152,-10.890069488237152
2000-03-17,22.37,33.81719089457321,-11.447190894573207
2000-03-20,22.96,36.78361809284134,-13.823618092841336
2000-03-21,21.7,35.87916219757653,-14.179162197576527
2000-03-22,21.49,35.41063569042505,-13.920635690425055
2000-03-23,22.26,34.729217670428525,-12.469217670428524
2000-03-24,23.31,37.854570133604796,-14.544570133604797
2000-03-27,24.53,37.96085457415316,-13.430854574153159
2000-03-28,24.86,38.04374429521895,-13.18374429521895
2000-03-29,24.1,38.00479443438689,-13.904794434386886
2000-03-30,25.47,38.0886613049081,-12.618661304908102
2000-03-31,24.11,38.30868204467499,-14.198682044674989
2000-04-03,24.03,38.5312475790754,-14.501247579075397
2000-04-04,27.12,38.4149970714564,-11.294997071456397
2000-04-05,28.41,38.894164086659636,-10.484164086659636
2000-04-06,27.15,38.47867877149635,-11.32867877149635
2000-04-07,24.39,38.04524727216271,-13.655247272162711
2000-04-10,25.99,38.49139280410627,-12.50139280410627
2000-04-11,27.25,39.43610173432466,-12.186101734324659
2000-04-12,28.98,38.41255263582471,-9.43255263582471
2000-04-13,29.4,38.715988945137426,-9.315988945137427
2000-04-14,33.49,30.08212957887128,3.4078704211287203
2000-04-17,28.95,29.190294962538545,-0.24029496253854532
2000-04-18,26.12,26.29102736676533,-0.1710273667653297
2000-04-19,27.02,27.41855794895136,-0.39855794895136043
2000-04-20,25.85,27.485123976435027,-1.6351239764350254
2000-04-24,27.37,28.41239799805718,-1.0423979980571794
2000-04-25,25.24,25.370504133737743,-0.1305041337377446
2000-04-26,26.97,25.39889603900146,1.5711039609985384
2000-04-27,26.19,25.103171114423056,1.0868288855769457
2000-04-28,26.2,28.92872067686374,-2.728720676863741
2000-05-01,25.88,28.348392547021145,-2.4683925470211463
2000-05-02,28.5,29.089297000787134,-0.5892970007871341
2000-05-03,31.63,29.809515259393322,1.8204847406066769
2000-05-04,30.77,29.870132908977876,0.8998670910221236
2000-05-05,27.53,29.67406342245705,-2.144063422457048
2000-05-08,28.2,29.65753934499629,-1.4575393449962917
2000-05-09,28.93,29.387264588593524,-0.4572645885935245
2000-05-10,29.87,27.471437530642675,2.3985624693573264
2000-05-11,27.76,27.16981928537624,0.590180714623763
2000-05-12,26.05,27.449434966862302,-1.3994349668623016
2000-05-15,24.86,26.5429606487295,-1.6829606487295017
2000-05-16,24.34,26.229158583530715,-1.8891585835307154
2000-05-17,23.98,25.885062101528806,-1.9050621015288058
2000-05-18,23.96,26.058500340579897,-2.0985003405798963
2000-05-19,25.44,24.37314916050042,1.0668508394995797
2000-05-22,26.0,24.088449514238192,1.9115504857618077
2000-05-23,25.87,23.451627662062222,2.418372337937779
2000-05-24,24.32,23.48409759816209,0.8359024018379095
2000-05-25,24.58,22.87322714441498,1.7067728555850188
2000-05-26,24.47,23.02056993212814,1.4494300678718588
2000-05-30,23.62,19.438243747828725,4.181756252171276
2000-05-31,23.65,19.636161539364117,4.013838460635881
2000-06-01,22.36,17.887662787519297,4.472337212480703
2000-06-02,21.48,15.078801013343298,6.401198986656702
2000-06-05,22.71,16.085998881014604,6.624001118985397
2000-06-06,23.05,16.126648752918346,6.923351247081655
2000-06-07,22.48,16.402336418937484,6.077663581062517
2000-06-08,22.77,16.24779615824875,6.522203841751249
2000-06-09,22.14,16.2494910689536,5.890508931046401
2000-06-12,22.32,16.117348417156048,6.202651582843952
2000-06-13,21.67,15.521228044198136,6.148771955801866
2000-06-14,21.48,15.718721322041512,5.761278677958488
2000-06-15,20.68,15.685638016988742,4.994361983011258
2000-06-16,20.5,16.27493778789961,4.22506221210039
2000-06-19,20.63,15.950357989713048,4.679642010286951
2000-06-20,20.88,16.553817686564106,4.326182313435893
2000-06-21,20.61,17.242835033717714,3.367164966282285
2000-06-22,22.0,16.665245272722593,5.3347547272774065
2000-06-23,22.34,16.325881293210564,6.014118706789436
2000-06-26,22.45,16.75701286029234,5.692987139707661
2000-06-27,21.8,16.946057948679478,4.853942051320523
2000-06-28,20.29,18.487667240622958,1.802332759377041
2000-06-29,19.7,18.83371551234655,0.8662844876534486
2000-06-30,19.54,18.62867467105492,0.9113253289450789
2000-07-03,19.83,18.239499993146833,1.5905000068531656
2000-07-05,21.16,17.889671880725004,3.2703281192749962
2000-07-06,20.94,17.883244672038764,3.0567553279612376
2000-07-07,19.22,17.609494030210033,1.6105059697899655
2000-07-10,20.33,17.612042470991344,2.717957529008654
2000-07-11,20.11,17.713096849506666,2.3969031504933334
2000-07-12,20.03,17.271647286810925,2.758352713189076
2000-07-13,20.03,17.49320896805395,2.536791031946052
2000-07-14,19.32,17.74228508394573,1.5777149160542692
2000-07-17,19.45,17.750129013615737,1.699870986384262
2000-07-18,19.75,17.21145781158595,2.5385421884140484
2000-07-19,19.65,17.25970683412679,2.39029316587321
2000-07-20,18.94,16.564611676704132,2.3753883232958692
2000-07-21,18.94,15.988748543898074,2.951251456101927
2000-07-24,19.92,15.11437196842802,4.805628031571981
2000-07-25,19.39,15.122134769932538,4.267865230067462
2000-07-26,19.67,14.27482259084163,5.3951774091583715
2000-07-27,19.6,13.779628442015495,5.820371557984506
2000-07-28,20.84,10.258865434345168,10.581134565654832
2000-07-31,20.74,9.983598549621384,10.756401450378615
2000-08-01,20.55,10.07138917925438,10.47861082074562
2000-08-02,20.0,10.47683158211499,9.52316841788501
2000-08-03,19.99,10.079642850815805,9.910357149184193
2000-08-04,18.62,10.6941198796349,7.9258801203651
2000-08-07,19.03,11.155531363409034,7.874468636590967
2000-08-08,18.79,11.437978842435516,7.352021157564483
2000-08-09,19.18,11.635009239360429,7.544990760639571
2000-08-10,19.19,11.089216383496288,8.100783616503714
2000-08-11,18.55,10.94925750907351,7.600742490926491
2000-08-14,17.88,10.131605993128764,7.748394006871235
2000-08-15,17.98,9.978945836109276,8.001054163890725
2000-08-16,18.02,10.884006615213112,7.135993384786888
2000-08-17,17.48,11.700399993162758,5.779600006837242
2000-08-18,17.05,12.624224332607648,4.425775667392353
2000-08-21,17.35,12.546878496263641,4.80312150373636
2000-08-22,17.47,12.621044330799377,4.848955669200622
2000-08-23,17.38,12.529292078964522,4.850707921035477
2000-08-24,17.04,12.479754805283765,4.560245194716234
2000-08-25,16.53,12.739772368453187,3.7902276315468146
2000-08-28,16.54,12.482917928112936,4.057082071887063
2000-08-29,16.89,15.364924991681642,1.5250750083183586
2000-08-30,17.69,15.844026003513223,1.8459739964867783
2000-08-31,16.84,15.143366864736633,1.696633135263367
2000-09-01,17.53,15.309855649221635,2.220144350778366
2000-09-05,19.82,15.542362754742387,4.277637245257614
2000-09-06,20.79,15.167631324633495,5.622368675366504
2000-09-07,19.42,16.042358928786115,3.377641071213887
2000-09-08,18.46,15.962841852251861,2.4971581477481397
2000-09-11,18.4,16.388085916299183,2.011914083700816
2000-09-12,18.59,17.046287572371995,1.5437124276280052
2000-09-13,18.32,18.63504762537526,-0.31504762537526076
2000-09-14,18.26,24.269017285419775,-6.009017285419773
2000-09-15,18.52,24.19816687272,-5.678166872720002
2000-09-18,20.25,24.3223403479189,-4.0723403479188995
2000-09-19,19.54,23.642035445367302,-4.102035445367303
2000-09-20,19.93,27.635581412374943,-7.7055814123749435
2000-09-21,20.18,27.923585729630123,-7.743585729630123
2000-09-22,20.74,27.85279447380466,-7.112794473804662
2000-09-25,21.41,27.829562698684345,-6.419562698684345
2000-09-26,21.88,28.855958136925615,-6.975958136925616
2000-09-27,21.67,28.872753938618384,-7.2027539386183825
2000-09-28,19.47,27.662149591092945,-8.192149591092946
2000-09-29,20.57,27.700430321567264,-7.130430321567264
2000-10-02,21.23,29.50760308801789,-8.27760308801789
2000-10-03,21.85,29.22417218673615,-7.37417218673615
2000-10-04,21.54,29.37192945654069,-7.831929456540692
2000-10-05,21.03,29.362729437162393,-8.332729437162392
2000-10-06,22.71,28.2999908127194,-5.5899908127194
2000-10-09,24.02,28.25388044145445,-4.233880441454449
2000-10-10,24.86,28.684865696042618,-3.824865696042618
2000-10-11,26.57,28.16373412742001,-1.59373412742001
2000-10-12,30.51,27.98264748017961,2.52735251982039
2000-10-13,27.6,24.852685166798434,2.7473148332015676
2000-10-16,26.79,26.63879952250106,0.15120047749893928
2000-10-17,27.84,25.744517086168123,2.0954829138318765
2000-10-18,28.72,26.28964206679129,2.4303579332087075
2000-10-19,25.09,22.88255580130862,2.2074441986913804
2000-10-20,24.24,23.910134253073597,0.32986574692640147
2000-10-23,24.69,23.897031614826208,0.7929683851737934
2000-10-24,24.28,24.704900728398073,-0.4249007283980717
2000-10-25,26.65,24.84355288601055,1.8064471139894493
2000-10-26,28.62,24.88807666333425,3.7319233366657514
2000-10-27,26.47,25.09804374846779,1.3719562515322075
2000-10-30,25.46,24.874644922088905,0.5853550779110961
2000-10-31,23.63,22.912836576906052,0.7171634230939468
2000-11-01,24.28,23.198061988019685,1.0819380119803164
2000-11-02,23.92,22.744070875725036,1.1759291242749654
2000-11-03,23.67,28.735705315861015,-5.065705315861013
2000-11-06,24.52,29.13481010749862,-4.61481010749862
2000-11-07,24.91,29.119366751356452,-4.209366751356452
2000-11-08,25.66,30.546859740405445,-4.886859740405445
2000-11-09,27.2,30.74691399148869,-3.5469139914886902
2000-11-10,28.53,29.507359082100226,-0.9773590821002252
2000-11-13,29.06,29.37264441619111,-0.3126444161911124
2000-11-14,26.81,28.333941483669424,-1.5239414836694252
2000-11-15,26.15,28.802320739829344,-2.652320739829346
2000-11-16,25.05,28.542683826157678,-3.492683826157677
2000-11-17,24.81,28.943538138935317,-4.133538138935318
2000-11-20,27.43,30.252217769942146,-2.822217769942146
2000-11-21,26.62,30.39112831074232,-3.77112831074232
2000-11-22,27.71,31.755423473794252,-4.045423473794251
2000-11-24,26.0,30.8980601332835,-4.898060133283501
2000-11-27,26.93,31.30620960768012,-4.376209607680121
2000-11-28,27.64,30.915235079164493,-3.275235079164492
2000-11-29,27.49,31.226465698186257,-3.736465698186258
2000-11-30,29.65,32.811439468575635,-3.1614394685756366
2000-12-01,27.48,37.850471067081884,-10.370471067081883
2000-12-04,27.78,38.16832613568485,-10.38832613568485
2000-12-05,24.99,35.83562473293865,-10.84562473293865
2000-12-06,25.07,35.43202619100415,-10.362026191004148
2000-12-07,25.34,35.496975645820925,-10.156975645820925
2000-12-08,22.41,34.363729134073964,-11.953729134073964
2000-12-11,23.51,34.49031690199445,-10.980316901994446
2000-12-12,24.88,34.36413420995797,-9.484134209957968
2000-12-13,23.63,34.31643512954112,-10.68643512954112
2000-12-14,24.86,33.79594650250239,-8.93594650250239
2000-12-15,26.55,33.25599975944195,-6.705999759441948
2000-12-18,27.7,33.30620122439668,-5.606201224396681
2000-12-19,27.17,32.72712269662585,-5.5571226966258465
2000-12-20,31.74,30.06437692685485,1.6756230731451467
2000-12-21,29.66,30.061259454653634,-0.40125945465363344
2000-12-22,27.55,28.69430814639034,-1.1443081463903404
2000-12-26,28.73,28.68452056423469,0.045479435765312104
2000-12-27,28.14,28.48335935243599,-0.34335935243598925
2000-12-28,26.57,28.420451087201325,-1.850451087201325
2000-12-29,26.85,28.149889520209538,-1.2998895202095362
2001-01-02,29.99,24.749082407232844,5.240917592767154
2001-01-03,26.6,18.152424631437064,8.447575368562937
2001-01-04,26.97,17.511398573500717,9.458601426499282
2001-01-05,28.67,13.575164087406186,15.094835912593815
2001-01-08,29.84,13.959242099770409,15.880757900229591
2001-01-09,27.99,14.227748943525913,13.762251056474085
2001-01-10,26.8,14.393802833164104,12.406197166835897
2001-01-11,25.79,14.08552022468475,11.70447977531525
2001-01-12,24.56,14.367667869212564,10.192332130787435
2001-01-16,25.28,14.130673020065363,11.149326979934639
2001-01-17,24.93,14.47263348530609,10.45736651469391
2001-01-18,23.37,15.150409895445192,8.21959010455481
2001-01-19,23.24,16.27806008098028,6.96193991901972
2001-01-22,23.25,17.145973288209795,6.104026711790205
2001-01-23,21.57,15.660819901908205,5.909180098091795
2001-01-24,22.03,15.4193112686658,6.610688731334202
2001-01-25,22.64,17.41291589596653,5.2270841040334695
2001-01-26,22.57,17.61926672708044,4.95073327291956
2001-01-29,22.61,17.353565627847328,5.256434372152672
2001-01-30,22.57,16.9533005636072,5.6166994363928
2001-01-31,22.02,16.942888773760046,5.077111226239953
2001-02-01,21.66,17.05185854973012,4.60814145026988
2001-02-02,21.95,17.108198034860475,4.841801965139524
2001-02-05,22.19,17.32878876321146,4.861211236788542
2001-02-06,21.98,17.288855369861935,4.691144630138066
2001-02-07,21.67,18.758546852035316,2.9114531479646857
2001-02-08,21.46,23.11075853363547,-1.650758533635468
2001-02-09,22.03,24.135838083646576,-2.1058380836465744
2001-02-12,21.92,24.401804031669556,-2.4818040316695544
2001-02-13,21.37,24.61188737175604,-3.2418873717560395
2001-02-14,21.52,25.07977751097495,-3.55977751097495
2001-02-15,20.27,26.028165513535612,-5.758165513535612
2001-02-16,22.12,26.38975937745558,-4.269759377455578
2001-02-20,24.69,26.359935508267174,-1.669935508267173
2001-02-21,25.75,26.0176978228283,-0.2676978228282998
2001-02-22,26.76,27.603067220872475,-0.8430672208724737
2001-02-23,27.21,28.12660448756665,-0.9166044875666479
2001-02-26,25.43,28.668878596833956,-3.238878596833956
2001-02-27,26.49,29.557788821222807,-3.067788821222809
2001-02-28,28.35,29.319633012710167,-0.9696330127101653
2001-03-01,28.08,29.805245846998208,-1.7252458469982095
2001-03-02,27.43,30.125204729594856,-2.695204729594856
2001-03-05,27.12,31.981305789476526,-4.861305789476525
2001-03-06,25.89,31.42007192862557,-5.530071928625571
2001-03-07,24.12,36.27817525730869,-12.158175257308688
2001-03-08,24.29,36.67184751277204,-12.38184751277204
2001-03-09,25.62,36.27340347968473,-10.65340347968473
2001-03-12,30.32,34.999334279383135,-4.679334279383134
2001-03-13,27.55,34.469584853896976,-6.919584853896975
2001-03-14,29.61,33.83607601362787,-4.226076013627868
2001-03-15,28.56,33.86429447072541,-5.304294470725413
2001-03-16,29.91,33.14342106663105,-3.233421066631049
2001-03-19,29.78,35.17406715180948,-5.39406715180948
2001-03-20,30.96,34.01664004571883,-3.0566400457188294
2001-03-21,31.93,33.31716494541517,-1.3871649454151722
2001-03-22,32.84,34.061997005460526,-1.2219970054605227
2001-03-23,30.45,33.94438333509688,-3.494383335096881
2001-03-26,29.04,34.181437067507886,-5.141437067507887
2001-03-27,27.04,33.33824290510828,-6.298242905108282
2001-03-28,28.58,31.988330997412195,-3.4083309974121967
2001-03-29,29.17,31.838932771058797,-2.6689327710587953
2001-03-30,28.64,31.894850995105813,-3.254850995105812
2001-04-02,31.21,31.014982186033922,0.19501781396607853
2001-04-03,34.72,28.125574127473406,6.5944258725265925
2001-04-04,34.07,28.00105569438412,6.068944305615879
2001-04-05,29.94,24.238316773241532,5.701683226758469
2001-04-06,31.69,22.51984991068994,9.170150089310063
2001-04-09,31.91,22.800097368213184,9.109902631786817
2001-04-10,29.44,21.204894717965523,8.235105282034478
2001-04-11,28.46,21.502867715725785,6.957132284274216
2001-04-12,26.12,21.044740910735925,5.075259089264076
2001-04-16,26.33,20.894291086323133,5.435708913676866
2001-04-17,25.61,22.445167854128474,3.164832145871525
2001-04-18,24.13,18.409749590909776,5.720250409090223
2001-04-19,24.16,17.826840437946448,6.333159562053552
2001-04-20,25.38,18.33945909780336,7.040540902196639
2001-04-23,28.16,16.937483874531132,11.222516125468868
2001-04-24,28.49,17.675956551202606,10.814043448797392
2001-04-25,27.4,16.988799839894593,10.411200160105405
2001-04-26,25.96,17.57365414477031,8.386345855229692
2001-04-27,24.02,17.46142605860137,6.558573941398631
2001-04-30,25.48,18.58817043175587,6.89182956824413
2001-05-01,24.2,18.121423785122495,6.078576214877504
2001-05-02,24.23,18.188120298700557,6.041879701299443
2001-05-03,25.78,17.34146706596656,8.43853293403344
2001-05-04,23.91,17.34146706596656,6.568532934033438
2001-05-07,24.86,17.661150585395138,7.198849414604862
2001-05-08,24.44,17.732279041341613,6.707720958658388
2001-05-09,24.35,18.017594734037143,6.3324052659628585
2001-05-10,24.0,18.36904679072932,5.630953209270679
2001-05-11,23.54,18.162589022493545,5.377410977506454
2001-05-14,24.26,18.563231399732192,5.696768600267809
2001-05-15,23.71,19.756269890847395,3.9537301091526054
2001-05-16,21.89,16.767085614381642,5.122914385618358
2001-05-17,21.47,16.57004405546358,4.899955944536419
2001-05-18,21.23,16.566056863357794,4.663943136642207
2001-05-21,20.76,15.450972784909172,5.309027215090829
2001-05-22,21.35,16.115334312387187,5.234665687612814
2001-05-23,22.08,15.510822028506539,6.56917797149346
2001-05-24,20.57,15.336419399586193,5.2335806004138075
2001-05-25,20.6,15.124344613899925,5.475655386100076
2001-05-29,22.14,14.839747976296755,7.300252023703246
2001-05-30,22.76,14.641708916653249,8.118291083346753
2001-05-31,22.64,14.43738064885744,8.20261935114256
2001-06-01,21.59,14.448530721149583,7.141469278850417
2001-06-04,21.38,14.298043222763154,7.0819567772368455
2001-06-05,19.58,13.590841033578593,5.989158966421405
2001-06-06,20.39,15.156982549307227,5.233017450692774
2001-06-07,19.67,15.19339725012164,4.476602749878362
2001-06-08,19.92,15.55049452589865,4.369505474101352
2001-06-11,20.7,15.37760319425637,5.3223968057436295
2001-06-12,20.7,18.055497777685428,2.6445022223145713
2001-06-13,21.45,17.9191919460673,3.5308080539326987
2001-06-14,23.12,17.06973462008133,6.05026537991867
2001-06-15,22.81,17.436582233912784,5.373417766087215
2001-06-18,23.17,17.470392096344117,5.699607903655885
2001-06-19,22.34,17.539109441474015,4.800890558525985
2001-06-20,21.71,17.14281307137201,4.56718692862799
2001-06-21,19.38,17.47388108005784,1.906118919942159
2001-06-22,20.02,18.04524314050668,1.9747568594933185
2001-06-25,20.67,18.79493016746812,1.8750698325318815
2001-06-26,21.2,19.330602680723718,1.8693973192762812
2001-06-27,20.88,19.345123416509985,1.5348765834900142
2001-06-28,20.01,18.71747098301486,1.2925290169851422
2001-06-29,19.06,18.770192327198014,0.2898076728019845
2001-07-02,18.76,18.737072343351915,0.02292765664808627
2001-07-03,18.92,18.789738688976048,0.1302613110239541
2001-07-05,20.09,18.377602672818977,1.7123973271810229
2001-07-06,21.63,16.99685735658222,4.633142643417781
2001-07-09,22.48,16.88455862615316,5.595441373846839
2001-07-10,23.25,17.178193152948396,6.0718068470516044
2001-07-11,24.01,17.168550317368183,6.8414496826318185
2001-07-12,22.09,14.816785076392359,7.273214923607641
2001-07-13,21.14,14.688436268030827,6.451563731969173
2001-07-16,22.91,14.211592451235127,8.698407548764873
2001-07-17,22.61,13.75984592937012,8.850154070629879
2001-07-18,23.6,13.67187039142792,9.928129608572082
2001-07-19,22.51,14.44723918262599,8.062760817374011
2001-07-20,22.34,14.79342962264003,7.54657037735997
2001-07-23,23.74,14.43354842026047,9.306451579739528
2001-07-24,25.24,13.570195282309063,11.669804717690935
2001-07-25,24.0,12.583536863696285,11.416463136303715
2001-07-26,23.01,13.614426172263128,9.395573827736873
2001-07-27,22.0,13.609268900275406,8.390731099724594
2001-07-30,22.69,14.379652290650268,8.310347709349733
2001-07-31,21.62,14.40110412433726,7.21889587566274
2001-08-01,20.56,14.872316564678279,5.68768343532172
2001-08-02,20.09,14.914729632145665,5.175270367854335
2001-08-03,19.89,14.927717842992742,4.962282157007259
2001-08-06,21.89,14.620491099823008,7.269508900176993
2001-08-07,21.01,15.800143037327352,5.209856962672649
2001-08-08,22.32,15.90871836446934,6.41128163553066
2001-08-09,21.75,16.10121361885507,5.64878638114493
2001-08-10,20.55,22.43139139687961,-1.8813913968796108
2001-08-13,20.42,22.213231192242265,-1.7932311922422635
2001-08-14,20.48,22.404830729108507,-1.924830729108507
2001-08-15,20.91,23.75494138068973,-2.844941380689729
2001-08-16,21.54,23.69649341147347,-2.1564934114734697
2001-08-17,23.84,28.80439341489428,-4.964393414894282
2001-08-20,22.87,28.82958688569791,-5.9595868856979095
2001-08-21,24.4,28.769852971470062,-4.369852971470063
2001-08-22,22.44,29.04590229275043,-6.605902292750429
2001-08-23,22.23,30.754468943553626,-8.524468943553625
2001-08-24,19.71,29.507798291299274,-9.797798291299273
2001-08-27,20.56,30.17119752346606,-9.61119752346606
2001-08-28,22.0,31.539900443723724,-9.539900443723724
2001-08-29,23.03,31.483734848330876,-8.453734848330875
2001-08-30,25.41,31.173099942097576,-5.7630999420975755
2001-08-31,24.92,31.121551375212707,-6.201551375212706
2001-09-04,25.85,31.115998457385295,-5.265998457385294
2001-09-05,26.35,32.50691987869666,-6.156919878696655
2001-09-06,28.61,32.42416876343946,-3.8141687634394614
2001-09-07,30.99,31.844885303608855,-0.8548853036088566
2001-09-10,31.84,31.818613420449402,0.021386579550597418
2001-09-17,41.76,26.137072521611955,15.622927478388043
2001-09-18,38.87,27.09686623947504,11.773133760524956
2001-09-19,40.56,26.46656607873418,14.093433921265824
2001-09-20,43.74,23.59614205754835,20.143857942451653
2001-09-21,42.66,22.205545253382134,20.454454746617863
2001-09-24,37.75,19.078257782093264,18.671742217906736
2001-09-25,35.81,19.060285412343706,16.749714587656296
2001-09-26,35.26,19.028174899343394,16.231825100656604
2001-09-27,34.0,18.87748500198059,15.122514998019408
2001-09-28,31.93,19.92313830700381,12.006861692996189
2001-10-01,32.32,20.96372295180421,11.356277048195789
2001-10-02,31.18,20.62724024197136,10.552759758028639
2001-10-03,31.34,20.39461105292285,10.945388947077149
2001-10-04,31.97,20.38496799114492,11.58503200885508
2001-10-05,33.39,20.89167776891082,12.49832223108918
2001-10-08,35.12,21.033370628598792,14.086629371401205
2001-10-09,34.83,20.921891883861804,13.908108116138195
2001-10-10,31.6,19.51235608531175,12.08764391468825
2001-10-11,31.5,18.6613825854357,12.8386174145643
2001-10-12,35.27,18.517267617010962,16.75273238298904
2001-10-15,35.31,19.452878450244906,15.857121549755096
2001-10-16,32.88,19.350751923375036,13.529248076624967
2001-10-17,35.08,17.617741058376424,17.462258941623574
2001-10-18,34.95,17.352922520428724,17.59707747957128
2001-10-19,34.11,17.58277452508569,16.52722547491431
2001-10-22,32.25,17.461752489369516,14.788247510630484
2001-10-23,32.0,17.451393067603586,14.548606932396414
2001-10-24,30.95,17.739467861241003,13.210532138758996
2001-10-25,29.46,17.33399896157844,12.12600103842156
2001-10-26,28.42,17.543586862440716,10.876413137559286
2001-10-29,31.64,16.6036959740897,15.036304025910301
2001-10-30,33.46,15.19890522373247,18.26109477626753
2001-10-31,33.56,15.288583976287736,18.271416023712266
2001-11-01,32.31,14.437817009506754,17.87218299049325
2001-11-02,30.71,15.051049132867862,15.65895086713214
2001-11-05,30.5,16.18087760289912,14.31912239710088
2001-11-06,28.8,15.707124498137858,13.092875501862142
2001-11-07,29.13,15.998989968119941,13.131010031880058
2001-11-08,28.62,17.089968987684053,11.530031012315948
2001-11-09,27.44,17.12907353011256,10.310926469887441
2001-11-12,29.35,17.11751033298951,12.23248966701049
2001-11-13,26.47,16.805174203203105,9.664825796796894
2001-11-14,26.56,16.791815863687976,9.768184136312023
2001-11-15,25.56,17.206158199900493,8.353841800099506
2001-11-16,25.07,17.405692172390122,7.664307827609878
2001-11-19,24.46,17.016896309256953,7.4431036907430475
2001-11-20,24.12,17.103034818417548,7.016965181582453
2001-11-21,24.19,17.096034627948168,7.093965372051834
2001-11-23,23.25,16.629149106313378,6.620850893686622
2001-11-26,23.79,16.526676616912518,7.2633233830874815
2001-11-27,24.0,16.54753878980203,7.452461210197971
2001-11-28,25.9,15.136669382661516,10.763330617338482
2001-11-29,25.18,15.26374528089364,9.91625471910636
2001-11-30,23.84,15.291279867950974,8.548720132049025
2001-12-03,25.77,15.170301249480927,10.599698750519073
2001-12-04,24.08,14.606975046189497,9.473024953810501
2001-12-05,23.02,12.581085803697666,10.438914196302333
2001-12-06,23.71,12.601161851194636,11.108838148805365
2001-12-07,23.49,12.4239993560851,11.066000643914899
2001-12-10,25.62,11.09236494170665,14.52763505829335
2001-12-11,25.3,11.539941074373077,13.760058925626923
2001-12-12,24.87,11.966568430423274,12.903431569576727
2001-12-13,25.91,10.776045656918996,15.133954343081005
2001-12-14,24.63,12.340951340962452,12.289048659037547
2001-12-17,24.26,12.361897912537657,11.898102087462345
2001-12-18,23.29,12.571658601791697,10.718341398208302
2001-12-19,22.58,12.698845616826882,9.881154383173117
2001-12-20,23.67,12.822366396262552,10.84763360373745
2001-12-21,22.5,12.735603637048504,9.764396362951496
2001-12-24,22.62,12.74183503267889,9.87816496732111
2001-12-26,22.29,12.604556319046026,9.685443680953973
2001-12-27,21.59,14.949507015283265,6.640492984716735
2001-12-28,21.4,15.439287548329533,5.9607124516704655
2001-12-31,23.8,15.968009268534484,7.831990731465517
2002-01-02,22.71,16.016763718055007,6.693236281944994
2002-01-03,21.34,17.266932559085408,4.073067440914592
2002-01-04,20.45,16.896270594424198,3.553729405575801
2002-01-07,21.94,16.923382640595342,5.016617359404659
2002-01-08,21.83,16.92108507159053,4.9089149284094695
2002-01-09,22.13,18.18463307300985,3.9453669269901503
2002-01-10,22.36,18.964331783640663,3.3956682163593364
2002-01-11,22.6,18.809928229528243,3.7900717704717586
2002-01-14,23.58,19.034552792225067,4.545447207774931
2002-01-15,22.7,18.849207940918983,3.850792059081016
2002-01-16,23.45,18.409658334689514,5.0403416653104856
2002-01-17,22.25,18.967254941082103,3.2827450589178966
2002-01-18,22.52,19.440870350887153,3.079129649112847
2002-01-22,23.61,19.90962681719583,3.700373182804171
2002-01-23,21.88,19.802830100771036,2.077169899228963
2002-01-24,21.15,20.711208559618225,0.43879144038177387
2002-01-25,21.01,20.713624501762197,0.2963754982378042
2002-01-28,21.14,20.716587556834817,0.42341244316518356
2002-01-29,24.35,18.74956639498639,5.60043360501361
2002-01-30,23.22,19.96623249388835,3.25376750611165
2002-01-31,21.09,20.58664907166785,0.50335092833215
2002-02-01,21.12,20.506121037387903,0.6138789626120982
2002-02-04,24.87,18.86143684876638,6.00856315123362
2002-02-05,25.45,18.892563616407443,6.557436383592556
2002-02-06,26.09,18.54397368419191,7.5460263158080885
2002-02-07,25.11,18.33945909780335,6.77054090219665
2002-02-08,23.26,17.929876742465414,5.330123257534588
2002-02-11,21.78,17.98002892100017,3.7999710789998318
2002-02-12,21.62,17.922064613208,3.6979353867920004
2002-02-13,20.85,17.962561064614434,2.8874389353855676
2002-02-14,21.77,17.896301293842885,3.873698706157114
2002-02-15,22.37,17.22231343345029,5.147686566549712
2002-02-19,24.43,16.559775360795275,7.870224639204725
2002-02-20,22.66,16.139033428306735,6.520966571693265
2002-02-21,23.8,15.021105152418118,8.778894847581883
2002-02-22,22.86,16.10833324711164,6.751666752888358
2002-02-25,21.84,15.302886002320037,6.537113997679963
2002-02-26,21.68,15.361429620969606,6.318570379030394
2002-02-27,21.49,15.361675689845896,6.1283243101541025
2002-02-28,21.59,15.297944960026571,6.2920550399734285
2002-03-01,19.96,13.867781365452903,6.092218634547098
2002-03-04,20.5,12.38345347631278,8.11654652368722
2002-03-05,20.3,12.293910687816267,8.006089312183734
2002-03-06,19.94,11.111248354708088,8.828751645291913
2002-03-07,20.04,11.18666706396517,8.853332936034828
2002-03-08,19.27,10.893252957679962,8.376747042320037
2002-03-11,19.84,11.722829010098339,8.11717098990166
2002-03-12,19.59,13.789630887010842,5.8003691129891575
2002-03-13,19.46,14.01320520080981,5.44679479919019
2002-03-14,19.2,14.13031634465426,5.06968365534574
2002-03-15,18.42,15.93592921671037,2.4840707832896314
2002-03-18,18.93,15.92561333198829,3.00438666801171
2002-03-19,18.16,15.836571598676375,2.323428401323625
2002-03-20,18.46,15.059083637459587,3.400916362540414
2002-03-21,18.15,15.77133222020268,2.3786677797973184
2002-03-22,17.77,15.796155228409322,1.9738447715906773
2002-03-25,18.48,15.210353053101796,3.269646946898204
2002-03-26,18.13,14.981776930658233,3.148223069341766
2002-03-27,17.7,15.349336141996611,2.3506638580033883
2002-03-28,17.4,15.364878131635262,2.0351218683647367
2002-04-01,18.73,16.223364632529325,2.5066353674706754
2002-04-02,19.16,16.37004459370845,2.7899554062915506
2002-04-03,20.2,16.101996149546277,4.098003850453722
2002-04-04,19.78,16.325407192471594,3.4545928075284067
2002-04-05,19.13,17.299759535901167,1.8302404640988321
2002-04-08,19.61,17.162118750317614,2.4478812496823856
2002-04-09,19.47,21.66928332917365,-2.1992833291736495
2002-04-10,18.19,21.65141658183139,-3.46141658183139
2002-04-11,20.3,21.05055628718641,-0.7505562871864093
2002-04-12,19.42,21.83057214092208,-2.4105721409220777
2002-04-15,19.82,23.17806549304758,-3.3580654930475795
2002-04-16,18.11,21.684559483651107,-3.5745594836511074
2002-04-17,18.43,21.743575602922423,-3.3135756029224233
2002-04-18,19.29,21.915358997744097,-2.6253589977440974
2002-04-19,18.3,22.306966624801394,-4.006966624801393
2002-04-22,19.77,22.067409453762423,-2.2974094537624232
2002-04-23,20.28,22.075151641608333,-1.7951516416083315
2002-04-24,20.77,22.29206585312368,-1.5220658531236815
2002-04-25,20.95,22.65842889522579,-1.70842889522579
2002-04-26,22.14,22.2667051895875,-0.12670518958750066
2002-04-29,24.05,22.174561100504402,1.8754388994955988
2002-04-30,21.91,21.75286188068143,0.1571381193185708
2002-05-01,20.06,21.57922612143455,-1.5192261214345528
2002-05-02,20.07,23.053498649879664,-2.983498649879664
2002-05-03,20.19,22.886310318616314,-2.6963103186163124
2002-05-06,22.56,22.282091463774293,0.27790853622570566
2002-05-07,21.94,23.19836201114215,-1.2583620111421503
2002-05-08,20.39,19.033414827613136,1.3565851723868647
2002-05-09,21.56,18.61576106421662,2.9442389357833783
2002-05-10,22.41,18.685413562455704,3.7245864375442963
2002-05-13,20.72,17.539779930204475,3.1802200697955243
2002-05-14,19.35,15.313480335965563,4.036519664034438
2002-05-15,19.19,15.358300687250653,3.8316993127493486
2002-05-16,18.5,18.747175787302034,-0.2471757873020337
2002-05-17,17.7,18.45984940350283,-0.7598494035028303
2002-05-20,19.24,18.72987560022767,0.5101243997723302
2002-05-21,20.05,18.867012482107594,1.182987517892407
2002-05-22,19.58,19.118508310012157,0.4614916899878416
2002-05-23,18.23,18.504347597254114,-0.2743475972541134
2002-05-24,18.9,18.84255396701849,0.05744603298150963
2002-05-28,20.31,18.833075160472443,1.4769248395275554
2002-05-29,20.39,20.225091347136207,0.16490865286379375
2002-05-30,20.61,20.28970773569703,0.32029226430297086
2002-05-31,19.98,21.30140558742554,-1.321405587425538
2002-06-03,23.37,21.121366433069714,2.2486335669302875
2002-06-04,23.89,21.303456057644823,2.5865439423551777
2002-06-05,22.61,25.075638376719418,-2.4656383767194185
2002-06-06,24.16,24.62164169993552,-0.4616416999355195
2002-06-07,23.51,25.62223643634576,-2.112236436345757
2002-06-10,23.72,27.097213878921288,-3.377213878921289
2002-06-11,24.45,27.003473109953912,-2.553473109953913
2002-06-12,24.15,26.76978072379384,-2.6197807237938413
2002-06-13,25.02,26.674493434740317,-1.654493434740317
2002-06-14,25.96,26.87828789190272,-0.9182878919027182
2002-06-17,24.64,24.492173443775965,0.14782655622403595
2002-06-18,24.24,25.38276107912622,-1.1427610791262204
2002-06-19,26.06,26.84225474880985,-0.7822547488098515
2002-06-20,27.48,28.005325922045703,-0.5253259220457025
2002-06-21,27.23,28.73996868474295,-1.509968684742951
2002-06-24,26.98,36.198762962289265,-9.218762962289265
2002-06-25,27.84,36.03465332149048,-8.194653321490481
2002-06-26,28.42,36.793863618815635,-8.373863618815633
2002-06-27,26.29,41.63045135474758,-15.340451354747579
2002-06-28,25.4,41.69219207477588,-16.292192074775883
2002-07-01,27.11,41.23880066151299,-14.12880066151299
2002-07-02,28.96,41.51389550499933,-12.553895504999332
2002-07-03,29.42,42.03824258933768,-12.618242589337676
2002-07-05,27.11,40.604598261773326,-13.494598261773326
2002-07-08,28.25,42.5957589438198,-14.345758943819803
2002-07-09,30.22,42.79909531754152,-12.579095317541523
2002-07-10,34.1,43.16658707843376,-9.066587078433756
2002-07-11,33.85,43.12956480188507,-9.279564801885066
2002-07-12,32.94,43.11452098771369,-10.174520987713692
2002-07-15,35.03,43.70821616126657,-8.678216161266569
2002-07-16,36.65,45.41019180756676,-8.760191807566763
2002-07-17,35.45,45.52769398948296,-10.07769398948296
2002-07-18,35.12,44.349218256920864,-9.229218256920866
2002-07-19,38.17,42.72243672825793,-4.5524367282579306
2002-07-22,41.87,41.13023851134348,0.7397614886565194
2002-07-23,44.92,39.17928483267659,5.740715167323408
2002-07-24,39.86,35.50562209002966,4.354377909970339
2002-07-25,39.27,36.688880604346636,2.581119395653367
2002-07-26,35.51,36.54712245854662,-1.0371224585466194
2002-07-29,31.33,32.55592664938295,-1.2259266493829486
2002-07-30,31.92,33.24750637265904,-1.3275063726590375
2002-07-31,32.03,33.18726321949436,-1.1572632194943608
2002-08-01,36.95,31.701750109418303,5.2482498905817
2002-08-02,41.29,33.716547865996056,7.573452134003944
2002-08-05,45.08,31.783418318362212,13.296581681637786
2002-08-06,42.03,30.900357279487935,11.129642720512066
2002-08-07,38.73,30.907259341455738,7.822740658544259
2002-08-08,36.33,29.20250605684388,7.127493943156118
2002-08-09,35.33,29.272320714285765,6.057679285714233
2002-08-12,37.05,29.224400079385777,7.82559992061422
2002-08-13,35.82,29.45328029269411,6.36671970730589
2002-08-14,32.36,26.235503425701662,6.1244965742983375
2002-08-15,29.43,25.825433975056523,3.6045660249434768
2002-08-16,28.81,26.49816974811664,2.3118302518833573
2002-08-19,28.61,24.978305787222723,3.631694212777276
2002-08-20,29.59,26.365313576743297,3.2246864232567027
2002-08-21,28.23,25.648897052310154,2.581102947689846
2002-08-22,27.75,24.938875676341244,2.811124323658756
2002-08-23,29.32,24.48411239967675,4.83588760032325
2002-08-26,29.89,26.251395391483566,3.6386046085164345
2002-08-27,30.11,27.12492654367942,2.985073456320581
2002-08-28,33.32,28.19160513344362,5.1283948665563805
2002-08-29,33.67,28.22403018705877,5.445969812941232
2002-08-30,32.64,31.565976620405777,1.0740233795942231
2002-09-03,39.97,29.642538352846977,10.327461647153022
2002-09-04,37.44,28.771273173080203,8.668726826919794
2002-09-05,38.86,29.188794425258546,9.671205574741453
2002-09-06,36.33,28.476535603896853,7.853464396103146
2002-09-09,36.45,28.965748048341595,7.484251951658408
2002-09-10,35.08,29.548878151293756,5.531121848706242
2002-09-11,34.81,32.81543843985639,1.9945615601436089
2002-09-12,37.5,35.33282949326312,2.1671705067368805
2002-09-13,35.82,35.4511782596856,0.3688217403144023
2002-09-16,36.74,39.220518099586656,-2.4805180995866536
2002-09-17,38.01,39.563323925069845,-1.5533239250698472
2002-09-18,37.52,40.443980516264766,-2.9239805162647627
2002-09-19,40.65,38.93514299447228,1.714857005527719
2002-09-20,38.98,39.246280842902856,-0.2662808429028587
2002-09-23,39.68,39.05604127404624,0.6239587259537629
2002-09-24,40.52,38.4908503413474,2.0291496586526065
2002-09-25,37.33,38.27249612972746,-0.9424961297274592
2002-09-26,34.6,38.24812622861417,-3.648126228614167
2002-09-27,36.97,36.66421906982341,0.3057809301765886
2002-09-30,39.69,36.469090473989105,3.2209095260108924
2002-10-01,34.12,34.67683030497458,-0.5568303049745822
2002-10-02,36.83,33.535386086938125,3.2946139130618732
2002-10-03,37.31,33.43545603098607,3.874543969013935
2002-10-04,39.46,31.955410809438867,7.504589190561134
2002-10-07,42.64,30.51974377349852,12.120256226501482
2002-10-08,41.02,30.39408955701753,10.625910442982473
2002-10-09,42.13,29.652606630783772,12.47739336921623
2002-10-10,37.55,28.49359506976967,9.056404930230329
2002-10-11,35.7,27.337005688260792,8.362994311739211
2002-10-14,36.04,27.35226425727864,8.687735742721358
2002-10-15,34.02,22.387285677366144,11.63271432263386
2002-10-16,36.0,22.00498670756251,13.995013292437491
2002-10-17,34.1,20.64778051026315,13.452219489736851
2002-10-18,33.53,21.007055957463507,12.522944042536494
2002-10-21,33.11,20.321808974596802,12.788191025403197
2002-10-22,34.09,20.968665193569258,13.121334806430745
2002-10-23,33.2,22.003116142946727,11.196883857053276
2002-10-24,34.03,21.245677207375685,12.784322792624316
2002-10-25,30.0,20.620484960349568,9.379515039650432
2002-10-28,31.07,21.73395408111471,9.33604591888529
2002-10-29,32.27,23.19055756121449,9.079442438785513
2002-10-30,31.23,23.142677459619982,8.087322540380018
2002-10-31,31.14,23.05313167446026,8.08686832553974
2002-11-01,29.3,23.247211445676733,6.052788554323268
2002-11-04,30.82,23.179471089738076,7.640528910261924
2002-11-05,31.23,23.43256452034227,7.797435479657729
2002-11-06,30.73,23.26961366245696,7.460386337543042
2002-11-07,31.42,23.317410662421405,8.102589337578596
2002-11-08,29.41,23.61609705264617,5.793902947353828
2002-11-11,31.3,22.25958220632191,9.040417793678092
2002-11-12,30.58,22.183845473677533,8.396154526322466
2002-11-13,31.24,22.78694099698341,8.453059003016588
2002-11-14,28.67,22.49713048368621,6.172869516313792
2002-11-15,26.65,22.5719090907261,4.0780909092739
2002-11-18,27.66,22.79677345590826,4.8632265440917415
2002-11-19,27.41,22.864534983244322,4.545465016755678
2002-11-20,25.32,22.19104143567858,3.128958564321419
2002-11-21,23.81,20.716526735917963,3.0934732640820357
2002-11-22,23.16,20.75184232785137,2.4081576721486293
2002-11-25,24.07,20.660042594341473,3.4099574056585276
2002-11-26,25.97,20.20388972450612,5.7661102754938796
2002-11-27,27.25,17.25212682540921,9.99787317459079
2002-11-29,27.5,17.312202632825326,10.187797367174674
2002-12-02,27.46,20.958252789772427,6.501747210227574
2002-12-03,28.33,20.315439448852775,8.014560551147223
2002-12-04,28.92,21.61543615104732,7.304563848952682
2002-12-05,30.1,21.35344562359909,8.746554376400912
2002-12-06,28.88,21.830256068127177,7.049743931872822
2002-12-09,30.78,21.147084905489997,9.632915094510004
2002-12-10,28.76,20.655299562097937,8.104700437902064
2002-12-11,27.76,20.673864660483854,7.086135339516147
2002-12-12,27.29,20.67574521027001,6.614254789729991
2002-12-13,28.18,20.63911335304894,7.5408866469510585
2002-12-16,26.24,19.28406284992878,6.955937150071218
2002-12-17,26.66,19.75473310374006,6.905266896259938
2002-12-18,28.29,19.928419907258164,8.361580092741836
2002-12-19,30.21,20.05589489402065,10.154105105979351
2002-12-20,26.71,19.877170824843347,6.832829175156654
2002-12-23,26.2,22.010673774330577,4.189326225669422
2002-12-24,26.49,22.580984920946293,3.909015079053706
2002-12-26,27.37,23.158253820182637,4.211746179817364
2002-12-27,29.55,22.753652893546644,6.796347106453357
2002-12-30,29.62,23.800747887409,5.819252112591002
2002-12-31,28.62,24.310738368054636,4.309261631945365
2003-01-02,25.39,21.352391903484815,4.037608096515186
2003-01-03,24.68,21.676210000828192,3.003789999171808
2003-01-06,24.91,19.78580703433662,5.124192965663379
2003-01-07,25.13,19.787113988654443,5.342886011345556
2003-01-08,25.53,19.64219234199697,5.88780765800303
2003-01-09,24.25,18.25805356548185,5.991946434518152
2003-01-10,24.32,18.17703276115232,6.142967238847682
2003-01-13,24.9,18.293408649019042,6.606591350980956
2003-01-14,24.57,17.88313059841606,6.686869401583941
2003-01-15,25.51,19.64483138130751,5.86516861869249
2003-01-16,25.01,21.37353223030775,3.6364677696922527
2003-01-17,25.7,21.063951196297527,4.636048803702472
2003-01-21,27.59,20.686711676822974,6.903288323177026
2003-01-22,29.01,21.230356567895974,7.779643432104027
2003-01-23,27.53,21.501059508777796,6.028940491222205
2003-01-24,31.51,19.74124312195166,11.768756878048343
2003-01-27,34.69,19.37677991824244,15.313220081757557
2003-01-28,31.93,19.282370186260913,12.647629813739087
2003-01-29,31.26,19.190213130656044,12.069786869343957
2003-01-30,31.32,17.890409721412297,13.429590278587703
2003-01-31,31.17,17.813618385942924,13.356381614057078
2003-02-03,31.02,18.02980865123099,12.99019134876901
2003-02-04,32.76,17.699491518120052,15.060508481879946
2003-02-05,33.04,17.91764493453321,15.122355065466788
2003-02-06,33.35,19.512377610122343,13.837622389877659
2003-02-07,34.01,19.386512837537435,14.623487162462563
2003-02-10,33.99,19.22575772238909,14.764242277610911
2003-02-11,33.68,22.704795969133997,10.975204030866003
2003-02-12,34.33,22.226027985224963,12.103972014775035
2003-02-13,33.7,24.96240373041032,8.737596269589684
2003-02-14,32.62,24.260867255726925,8.359132744273072
2003-02-18,31.11,23.47374022178833,7.63625977821167
2003-02-19,31.31,23.278293751905508,8.03170624809449
2003-02-20,31.16,23.96257582147635,7.197424178523651
2003-02-21,30.25,26.83738586375363,3.4126141362463684
2003-02-24,31.98,26.18231158625997,5.79768841374003
2003-02-25,31.74,26.26782137901815,5.472178620981847
2003-02-26,31.94,25.792205799427144,6.147794200572857
2003-02-27,30.53,25.68657626076319,4.843423739236812
2003-02-28,29.63,26.42681819667293,3.2031818033270696
2003-03-03,30.43,26.526605512202334,3.903394487797666
2003-03-04,31.83,27.158733401983287,4.671266598016711
2003-03-05,30.38,27.25731608210909,3.1226839178909103
2003-03-06,31.37,26.957769195539953,4.412230804460048
2003-03-07,31.08,26.91591127939017,4.164088720609829
2003-03-10,33.31,25.222796831438078,8.087203168561924
2003-03-11,33.61,25.55788254140008,8.05211745859992
2003-03-12,33.51,25.56130982559389,7.9486901744061065
2003-03-13,31.76,23.196416964695285,8.563583035304717
2003-03-14,30.98,23.89871879411118,7.081281205888821
2003-03-17,31.75,21.11079629005034,10.639203709949658
2003-03-18,30.43,21.533873780627662,8.896126219372338
2003-03-19,31.54,22.00201172620366,9.53798827379634
2003-03-20,30.44,22.00956155855912,8.43043844144088
2003-03-21,28.67,21.87012208470733,6.799877915292672
2003-03-24,30.39,18.002173202144316,12.387826797855684
2003-03-25,28.75,18.08412342360014,10.66587657639986
2003-03-26,28.23,18.65876523245853,9.571234767541469
2003-03-27,27.96,19.413874420115192,8.546125579884809
2003-03-28,27.75,19.22567970189879,8.524320298101209
2003-03-31,29.15,17.89878878583696,11.251211214163039
2003-04-01,28.36,17.74391839476284,10.61608160523716
2003-04-02,28.02,16.378607999460858,11.641392000539142
2003-04-03,28.21,16.23007578540541,11.97992421459459
2003-04-04,29.13,16.31420117566297,12.81579882433703
2003-04-07,28.45,16.53420817577918,11.915791824220818
2003-04-08,27.13,17.035288080922,10.094711919077998
2003-04-09,27.11,16.502203489231455,10.607796510768544
2003-04-10,25.6,16.769440062208478,8.830559937791524
2003-04-11,24.44,16.72229529699804,7.71770470300196
2003-04-14,23.41,15.987697770473494,7.422302229526506
2003-04-15,22.56,16.021168496710942,6.538831503289057
2003-04-16,22.52,15.341324584272472,7.178675415727527
2003-04-17,21.5,17.304350897967925,4.195649102032075
2003-04-21,21.95,17.306531714933627,4.643468285066373
2003-04-22,20.7,15.927964088357422,4.772035911642577
2003-04-23,20.8,15.973201307189605,4.826798692810396
2003-04-24,20.33,15.624135176066659,4.705864823933339
2003-04-25,20.8,15.853346649840317,4.946653350159684
2003-04-28,20.84,14.956019523924253,5.883980476075747
2003-04-29,20.76,15.050080398456462,5.70991960154354
2003-04-30,21.21,15.703850483241466,5.506149516758535
2003-05-01,21.59,15.665451158520879,5.924548841479121
2003-05-02,20.63,14.993186452519137,5.6368135474808625
2003-05-05,21.13,15.56777826152477,5.562221738475229
2003-05-06,20.8,15.496797088430988,5.303202911569013
2003-05-07,21.0,15.420809317283032,5.579190682716968
2003-05-08,21.24,15.799881012210287,5.440118987789711
2003-05-09,19.69,15.49142988881282,4.1985701111871805
2003-05-12,19.52,15.523280581114394,3.996719418885606
2003-05-13,19.91,15.414504857438763,4.4954951425612375
2003-05-14,20.0,15.995498116657805,4.004501883342195
2003-05-15,19.24,17.20048720240224,2.0395127975977587
2003-05-16,18.4,17.058078438089186,1.3419215619108122
2003-05-19,20.51,14.223341379577544,6.2866586204224575
2003-05-20,21.29,15.650840233035513,5.639159766964486
2003-05-21,21.21,15.69686847750223,5.513131522497771
2003-05-22,19.78,16.851663419378024,2.928336580621977
2003-05-23,19.17,16.853051949127888,2.3169480508721136
2003-05-27,19.99,15.91933918226519,4.070660817734808
2003-05-28,20.03,16.271678462899995,3.758321537100006
2003-05-29,20.43,16.59042856589316,3.8395714341068405
2003-05-30,19.47,15.842590697231431,3.6274093027685677
2003-06-02,20.85,15.971987978958783,4.878012021041219
2003-06-03,20.84,16.473961272262468,4.366038727737532
2003-06-04,20.62,15.862223047227772,4.757776952772229
2003-06-05,20.83,17.085681724766026,3.7443182752339723
2003-06-06,21.25,17.075649328795777,4.174350671204223
2003-06-09,22.15,16.3634458473759,5.786554152624099
2003-06-10,20.64,16.89568820735053,3.7443117926494693
2003-06-11,20.21,16.603435789016793,3.6065642109832083
2003-06-12,20.41,16.767786973837776,3.6422130261622243
2003-06-13,20.66,16.396090997551937,4.263909002448063
2003-06-16,20.22,14.79048477907347,5.429515220926529
2003-06-17,20.01,15.566205703382058,4.443794296617943
2003-06-18,19.76,16.096696555504924,3.663303444495078
2003-06-19,19.8,16.019303355639533,3.780696644360468
2003-06-20,19.14,16.3926032099848,2.747396790015202
2003-06-23,20.58,15.43766303557646,5.142336964423539
2003-06-24,20.75,15.633970704846668,5.116029295153332
2003-06-25,20.81,16.24319796099289,4.566802039007108
2003-06-26,19.4,15.860093316245141,3.5399066837548574
2003-06-27,19.16,15.688070627072143,3.471929372927857
2003-06-30,19.52,15.688070627072143,3.8319293729278563
2003-07-01,19.46,15.543930004989207,3.916069995010794
2003-07-02,19.03,15.379573466127205,3.650426533872796
2003-07-03,19.39,15.179126457079272,4.210873542920728
2003-07-07,20.06,14.63269899915953,5.427301000840469
2003-07-08,19.48,14.44524558462072,5.034754415379281
2003-07-09,18.93,14.666930149148602,4.263069850851398
2003-07-10,19.19,14.092734298212111,5.09726570178789
2003-07-11,18.47,13.759170033108978,4.710829966891021
2003-07-14,19.59,14.081916062809213,5.508083937190786
2003-07-15,19.55,14.112560363024285,5.437439636975716
2003-07-16,19.76,14.153214475870982,5.60678552412902
2003-07-17,20.22,13.157864568386609,7.06213543161339
2003-07-18,19.11,13.109942791637335,6.000057208362664
2003-07-21,19.78,12.007797466646561,7.77220253335344
2003-07-22,19.17,11.664304522773902,7.5056954772261
2003-07-23,18.64,11.731516526008209,6.908483473991792
2003-07-24,18.6,12.154159781737434,6.445840218262568
2003-07-25,17.75,10.993025061374322,6.756974938625678
2003-07-28,18.36,11.034737876361351,7.325262123638648
2003-07-29,18.67,10.827997044698702,7.8420029553013
2003-07-30,18.85,11.009817437178677,7.840182562821324
2003-07-31,19.49,11.086001984484923,8.403998015515075
2003-08-01,20.75,11.084670495779447,9.665329504220553
2003-08-04,21.27,11.096788724671807,10.173211275328192
2003-08-05,22.68,8.531639936143762,14.148360063856238
2003-08-06,21.5,9.086887255821061,12.413112744178939
2003-08-07,20.26,9.428442077034953,10.831557922965048
2003-08-08,19.59,10.195504891863045,9.394495108136955
2003-08-11,19.75,11.656462585192966,8.093537414807034
2003-08-12,17.94,11.308209407328974,6.631790592671027
2003-08-13,18.77,11.044064469207134,7.725935530792865
2003-08-14,18.47,11.09401460247838,7.375985397521619
2003-08-15,18.27,11.893436845588553,6.376563154411446
2003-08-18,18.18,11.622223539409468,6.5577764605905315
2003-08-19,17.86,12.196865171018473,5.663134828981526
2003-08-20,17.82,12.232144538060508,5.587855461939492
2003-08-21,17.84,13.226800066531727,4.613199933468273
2003-08-22,18.55,12.6231691741814,5.9268308258186
2003-08-25,19.53,14.514833791676834,5.015166208323167
2003-08-26,19.49,14.833273408118785,4.656726591881213
2003-08-27,19.13,15.140581230587019,3.98941876941298
2003-08-28,18.48,15.340831789704362,3.1391682102956384
2003-08-29,18.63,15.579078278255235,3.050921721744764
2003-09-02,19.02,16.658071917241923,2.3619280827580766
2003-09-03,19.44,16.622548541063253,2.8174514589367483
2003-09-04,18.71,16.997185649395135,1.7128143506048659
2003-09-05,18.17,16.91505601527834,1.2549439847216632
2003-09-08,18.26,16.604917343967838,1.6550826560321639
2003-09-09,18.85,16.443616390563356,2.406383609436645
2003-09-10,20.01,15.674617698687381,4.33538230131262
2003-09-11,19.25,15.59537239055239,3.6546276094476102
2003-09-12,18.68,15.778612106265994,2.9013878937340056
2003-09-15,19.28,15.706349034705793,3.573650965294208
2003-09-16,18.03,15.151019767659331,2.8789802323406697
2003-09-17,18.15,15.120297616118664,3.029702383881334
2003-09-18,17.57,15.116551193972915,2.453448806027085
2003-09-19,17.54,15.150045544486126,2.389954455513873
2003-09-22,19.65,14.349929616552263,5.300070383447736
2003-09-23,19.47,15.259467880630831,4.210532119369168
2003-09-24,21.22,13.62263410651566,7.597365893484339
2003-09-25,22.26,13.369924457527937,8.890075542472065
2003-09-26,22.23,12.91822898078539,9.31177101921461
2003-09-29,21.67,13.538974850408858,8.131025149591144
2003-09-30,22.72,12.842971618749432,9.877028381250566
2003-10-01,21.07,10.911909090530568,10.158090909469433
2003-10-02,20.8,10.907520341489334,9.892479658510666
2003-10-03,19.5,10.823030998754628,8.676969001245372
2003-10-06,19.51,10.954593557042806,8.555406442957196
2003-10-07,19.41,10.872346572842671,8.537653427157329
2003-10-08,19.18,10.78896102504795,8.39103897495205
2003-10-09,18.82,10.801188823458453,8.018811176541547
2003-10-10,18.45,11.175977809570126,7.274022190429873
2003-10-13,17.55,10.87906613639259,6.670933863607411
2003-10-14,17.37,11.715702283687644,5.654297716312357
2003-10-15,17.69,11.620344228980647,6.069655771019354
2003-10-16,17.19,11.986317199206933,5.203682800793068
2003-10-17,17.62,11.590710073157897,6.029289926842104
2003-10-20,17.04,11.923848372065288,5.116151627934711
2003-10-21,16.55,12.195851753772837,4.3541482462271635
2003-10-22,17.67,11.27063440982822,6.399365590171781
2003-10-23,17.68,11.268696464099294,6.411303535900705
2003-10-24,17.71,12.49885114720564,5.211148852794361
2003-10-27,18.05,12.479524029385246,5.570475970614755
2003-10-28,16.82,11.368778298480619,5.451221701519382
2003-10-29,16.43,11.346622404927551,5.083377595072449
2003-10-30,16.33,11.871239193951226,4.4587608060487725
2003-10-31,16.1,11.938045066090336,4.161954933909666
2003-11-03,16.55,11.64138136133354,4.908618638666461
2003-11-04,16.55,11.519249975584515,5.030750024415486
2003-11-05,16.86,11.90424798128819,4.955752018711809
2003-11-06,16.74,11.946335002836808,4.793664997163191
2003-11-07,16.93,12.378515258301539,4.551484741698461
2003-11-10,17.62,12.126864392744068,5.493135607255933
2003-11-11,17.54,12.889702867017677,4.650297132982322
2003-11-12,16.75,12.139029615253596,4.610970384746404
2003-11-13,16.47,12.448011889454635,4.021988110545363
2003-11-14,16.94,12.141001606128048,4.798998393871953
2003-11-17,18.6,11.776524105185015,6.823475894814987
2003-11-18,19.11,11.779748723975546,7.330251276024454
2003-11-19,18.8,11.654805017674196,7.145194982325805
2003-11-20,19.48,11.12014388396137,8.35985611603863
2003-11-21,18.98,11.12678929431143,7.85321070568857
2003-11-24,17.44,9.872890154357217,7.5671098456427845
2003-11-25,16.71,9.859754560839924,6.850245439160076
2003-11-26,16.23,10.586342144480481,5.643657855519519
2003-11-28,16.32,10.593934113444524,5.726065886555476
2003-12-01,16.77,10.07798789441641,6.69201210558359
2003-12-02,16.27,10.031442568245291,6.238557431754709
2003-12-03,16.63,10.484525740347225,6.145474259652774
2003-12-04,16.3,10.484216708939373,5.815783291060628
2003-12-05,17.09,9.816251830510637,7.273748169489362
2003-12-08,16.54,9.744967932220376,6.795032067779623
2003-12-09,17.63,9.40937617485896,8.22062382514104
2003-12-10,17.87,9.223277074879803,8.646722925120198
2003-12-11,16.73,8.866151363472403,7.863848636527598
2003-12-12,16.41,9.080103523639114,7.3298964763608865
2003-12-15,17.23,8.359538264761001,8.870461735239
2003-12-16,15.93,8.460773014329327,7.469226985670673
2003-12-17,15.58,8.460773014329327,7.119226985670673
2003-12-18,16.16,7.862205797357599,8.2977942026424
2003-12-19,16.42,8.062855573554785,8.357144426445217
2003-12-22,16.94,8.174817429154215,8.765182570845786
2003-12-23,16.49,8.71720368008018,7.772796319919818
2003-12-24,16.66,9.607016186100841,7.052983813899159
2003-12-26,17.45,11.23701383820469,6.212986161795309
2003-12-29,17.09,10.4748269675448,6.6151730324552
2003-12-30,17.68,10.513020498410713,7.166979501589287
2003-12-31,18.31,10.522216496537402,7.787783503462597
2004-01-02,18.22,10.48025572207109,7.739744277928908
2004-01-05,17.49,10.370353899458014,7.119646100541985
2004-01-06,16.73,10.377381172531152,6.352618827468849
2004-01-07,15.5,11.371527601866159,4.128472398133841
2004-01-08,15.61,11.301081364188295,4.308918635811704
2004-01-09,16.75,11.074549200757737,5.675450799242263
2004-01-12,16.82,11.435597054811078,5.384402945188922
2004-01-13,18.04,11.401599887735221,6.638400112264778
2004-01-14,16.75,11.37850605308113,5.37149394691887
2004-01-15,15.56,11.809751902559338,3.7502480974406627
2004-01-16,15.0,11.713766260259934,3.286233739740066
2004-01-20,15.21,11.88464050781529,3.3253594921847114
2004-01-21,14.34,11.71207069650812,2.6279293034918805
2004-01-22,14.71,11.790745523502922,2.9192544764970787
2004-01-23,14.84,11.790745523502922,3.0492544764970777
2004-01-26,14.55,11.233937867017259,3.3160621329827418
2004-01-27,15.35,10.79959999259251,4.5504000074074895
2004-01-28,16.78,9.44832048567384,7.3316795143261615
2004-01-29,17.14,9.991600472396996,7.148399527603004
2004-01-30,16.63,10.248297419571895,6.3817025804281045
2004-02-02,17.11,10.229099667126327,6.880900332873672
2004-02-03,17.34,10.293967165286857,7.046032834713143
2004-02-04,17.87,9.53078800519683,8.33921199480317
2004-02-05,17.71,10.133471270991198,7.576528729008803
2004-02-06,16.0,9.32433590128563,6.675664098714369
2004-02-09,16.39,10.69553364727559,5.69446635272441
2004-02-10,15.94,11.434217069830558,4.505782930169442
2004-02-11,15.39,11.866512545815828,3.5234874541841723
2004-02-12,15.31,12.819380640265136,2.4906193597348647
2004-02-13,15.58,12.911255554747747,2.668744445252253
2004-02-17,15.4,13.197176970852686,2.2028230291473143
2004-02-18,15.59,13.163490418578366,2.4265095814216338
2004-02-19,15.8,13.442334618659235,2.357665381340766
2004-02-20,16.04,14.15055193269876,1.88944806730124
2004-02-23,16.29,14.107210922078275,2.182789077921724
2004-02-24,15.9,14.110417428269251,1.7895825717307492
2004-02-25,14.93,15.34265035774473,-0.4126503577447309
2004-02-26,14.83,15.276275724141817,-0.4462757241418167
2004-02-27,14.55,16.10181356245328,-1.5518135624532796
2004-03-01,14.44,15.736346462886628,-1.2963464628866284
2004-03-02,14.86,15.640900229846247,-0.7809002298462477
2004-03-03,14.55,15.82415116206883,-1.2741511620688293
2004-03-04,14.4,16.094836439057225,-1.6948364390572248
2004-03-05,14.48,16.323466543599256,-1.8434665435992557
2004-03-08,15.79,16.079041016180167,-0.28904101618016753
2004-03-09,16.6,16.003215926806842,0.5967840731931595
2004-03-10,18.67,15.031961947796567,3.6380380522034343
2004-03-11,20.67,14.037260416477421,6.63273958352258
2004-03-12,18.3,14.514221990861381,3.7857780091386193
2004-03-15,21.13,13.331499540561968,7.798500459438031
2004-03-16,20.34,13.291473958895756,7.048526041104244
2004-03-17,18.11,12.722452593741668,5.3875474062583315
2004-03-18,18.53,12.700050393600964,5.829949606399037
2004-03-19,19.15,13.305821282431388,5.84417871756861
2004-03-22,21.58,12.293588572910837,9.286411427089162
2004-03-23,20.67,13.041466175242864,7.628533824757138
2004-03-24,19.81,12.94915286804522,6.860847131954779
2004-03-25,17.88,11.951441754031348,5.9285582459686506
2004-03-26,17.33,11.941190895384091,5.388809104615907
2004-03-29,16.5,12.33700287752273,4.16299712247727
2004-03-30,16.28,12.569610972500472,3.710389027499529
2004-03-31,16.74,12.740775486602232,3.999224513397767
2004-04-01,16.65,12.911023197252971,3.738976802747027
2004-04-02,15.64,12.457725314037246,3.1822746859627546
2004-04-05,14.97,12.110526000137419,2.8594739998625816
2004-04-06,15.32,12.320694785603795,2.9993052143962053
2004-04-07,15.76,13.106477787720264,2.6535222122797357
2004-04-08,16.26,13.63036169732868,2.629638302671321
2004-04-12,15.28,14.029410536441105,1.250589463558894
2004-04-13,17.26,13.30856716555184,3.951432834448161
2004-04-14,15.62,13.310622825397935,2.309377174602064
2004-04-15,15.74,13.305158398155378,2.4348416018446226
2004-04-16,14.94,13.515115981744469,1.424884018255531
2004-04-19,15.42,13.869585429997707,1.5504145700022924
2004-04-20,16.67,13.079178873308697,3.5908211266913046
2004-04-21,15.6,12.812245704793702,2.787754295206298
2004-04-22,14.61,11.636736655953193,2.9732633440468064
2004-04-23,14.01,11.752175968730416,2.2578240312695836
2004-04-26,14.77,13.402129681509745,1.3678703184902545
2004-04-27,15.07,13.446712609407715,1.623287390592285
2004-04-28,16.29,12.659815164527652,3.630184835472347
2004-04-29,16.6,12.280438102934443,4.319561897065558
2004-04-30,17.19,12.026086645289235,5.1639133547107665
2004-05-03,16.62,11.72405220049809,4.895947799501911
2004-05-04,16.55,12.144272724210545,4.405727275789456
2004-05-05,15.77,12.276064515959673,3.4939354840403265
2004-05-06,17.05,13.047606677088483,4.002393322911518
2004-05-07,18.13,11.694814235378166,6.435185764621833
2004-05-10,19.77,11.322706390258638,8.447293609741362
2004-05-11,18.57,11.010765640953577,7.559234359046423
2004-05-12,18.14,11.798650770321325,6.341349229678675
2004-05-13,18.86,11.949147249908835,6.9108527500911645
2004-05-14,18.47,11.891257292650085,6.578742707349914
2004-05-17,19.96,10.988837973143646,8.971162026856355
2004-05-18,19.33,10.80935150691307,8.520648493086929
2004-05-19,18.93,10.93955392143591,7.990446078564089
2004-05-20,18.67,10.945081086954259,7.724918913045743
2004-05-21,18.49,11.187997139792438,7.30200286020756
2004-05-24,18.08,11.289878653023859,6.7901213469761394
2004-05-25,15.96,10.02131727868168,5.938682721318321
2004-05-26,15.97,10.07101385164394,5.898986148356061
2004-05-27,15.28,9.98617644546721,5.293823554532789
2004-05-28,15.5,10.08036308869894,5.41963691130106
2004-06-01,16.3,10.83295527545481,5.467044724545191
2004-06-02,16.08,10.838271079835762,5.2417289201642365
2004-06-03,17.03,10.870227228535946,6.1597727714640556
2004-06-04,16.78,10.689523843464887,6.090476156535114
2004-06-07,15.39,9.47766426921763,5.91233573078237
2004-06-08,15.01,9.577461041424524,5.432538958575476
2004-06-09,15.39,8.994064709573998,6.395935290426003
2004-06-10,15.04,8.876945420582716,6.163054579417283
2004-06-14,16.07,8.221036431010651,7.848963568989349
2004-06-15,15.05,7.77599382715833,7.274006172841671
2004-06-16,14.79,7.883719934143054,6.906280065856945
2004-06-17,15.15,7.883948249449924,7.266051750550076
2004-06-18,14.99,8.505311281781783,6.484688718218218
2004-06-21,15.26,9.740521546611587,5.5194784533884125
2004-06-22,14.31,9.612310856396842,4.697689143603158
2004-06-23,13.98,9.226282024738069,4.753717975261932
2004-06-24,14.81,9.236265479077831,5.573734520922169
2004-06-25,15.19,10.383265382335399,4.806734617664601
2004-06-28,16.07,10.38927331433747,5.680726685662531
2004-06-29,15.47,10.681432488201413,4.788567511798588
2004-06-30,14.34,10.487821508778868,3.8521784912211317
2004-07-01,15.2,10.167979150254219,5.032020849745781
2004-07-02,15.08,10.375895142107236,4.704104857892764
2004-07-06,16.25,9.98334613243498,6.2666538675650205
2004-07-07,15.81,11.202456873382939,4.6075431266170614
2004-07-08,16.2,11.916872072821992,4.283127927178008
2004-07-09,15.78,11.796575774350995,3.9834242256490047
2004-07-12,14.96,13.07605445078922,1.8839455492107806
2004-07-13,14.46,13.043927322704796,1.4160726772952046
2004-07-14,13.76,13.471975356272173,0.28802464372782666
2004-07-15,14.71,13.519576916457288,1.1904230835427132
2004-07-16,14.34,14.561164788573908,-0.2211647885739083
2004-07-19,15.17,14.636802929601961,0.5331970703980389
2004-07-20,14.17,15.15416774356165,-0.9841677435616507
2004-07-21,16.41,14.29543283709886,2.1145671629011407
2004-07-22,15.75,14.567566715138264,1.1824332848617356
2004-07-23,16.5,14.126137476323958,2.373862523676042
2004-07-26,17.3,14.037461308940594,3.2625386910594063
2004-07-27,16.55,13.830557472495608,2.719442527504393
2004-07-28,16.15,13.825090234787046,2.3249097652129525
2004-07-29,15.68,13.68705519825226,1.9929448017477398
2004-07-30,15.32,14.021902866587126,1.298097133412874
2004-08-02,15.37,14.06860334219443,1.3013966578055687
2004-08-03,16.03,13.841979627206658,2.1880203727933427
2004-08-04,16.21,14.27580610683698,1.9341938931630214
2004-08-05,18.32,13.001922934704846,5.318077065295155
2004-08-06,19.34,11.46829019514259,7.87170980485741
2004-08-09,18.89,11.731823387692284,7.158176612307717
2004-08-10,17.47,10.978382394506205,6.4916176054937935
2004-08-11,18.04,10.890641854363025,7.149358145636974
2004-08-12,19.08,9.602849577078857,9.477150422921142
2004-08-13,17.98,9.583936560725116,8.396063439274885
2004-08-16,17.57,9.287779067139992,8.282220932860008
2004-08-17,17.02,9.297541610555115,7.722458389444885
2004-08-18,16.23,8.369580634655712,7.860419365344288
2004-08-19,16.96,8.487388290870397,8.472611709129604
2004-08-20,16.0,8.376660432416006,7.623339567583994
2004-08-23,15.88,9.792090685854786,6.0879093141452145
2004-08-24,15.33,9.92621982428377,5.40378017571623
2004-08-25,14.98,9.542213579668198,5.437786420331802
2004-08-26,14.91,9.896278088251373,5.013721911748627
2004-08-27,14.71,10.068481514111461,4.64151848588854
2004-08-30,15.44,9.642916571245655,5.797083428754345
2004-08-31,15.29,9.542037518266428,5.7479624817335715
2004-09-01,14.91,10.695146562810814,4.214853437189186
2004-09-02,14.28,10.16811486953231,4.111885130467689
2004-09-03,13.91,10.003267466183438,3.9067325338165624
2004-09-07,14.07,9.973256238561408,4.096743761438592
2004-09-08,14.06,10.578325009187612,3.4816749908123885
2004-09-09,14.01,10.965038987618978,3.0449610123810213
2004-09-10,13.76,10.842217485367293,2.917782514632707
2004-09-13,13.17,10.824311525450673,2.345688474549327
2004-09-14,13.56,11.095507198862267,2.464492801137734
2004-09-15,14.64,11.302976599108947,3.337023400891054
2004-09-16,14.39,11.349651977043369,3.040348022956632
2004-09-17,14.03,11.435518352921498,2.594481647078501
2004-09-20,14.43,11.72715822354267,2.70284177645733
2004-09-21,13.66,11.446625703673748,2.2133742963262524
2004-09-22,14.74,10.561448764255989,4.1785512357440115
2004-09-23,14.8,11.043292987148552,3.7567070128514484
2004-09-24,14.28,11.023231831001489,3.2567681689985104
2004-09-27,14.62,11.773971292643964,2.8460287073560355
2004-09-28,13.83,12.506414354242551,1.3235856457574489
2004-09-29,13.21,12.415912370824953,0.7940876291750474
2004-09-30,13.34,12.422347604217334,0.9176523957826657
2004-10-01,12.75,11.316186636849194,1.433813363150806
2004-10-04,13.41,11.228039900178672,2.181960099821328
2004-10-05,13.95,11.946510787673702,2.003489212326297
2004-10-06,13.28,12.811360583482303,0.46863941651769636
2004-10-07,14.5,12.174471651780374,2.325528348219626
2004-10-08,15.05,11.725715329991765,3.324284670008236
2004-10-11,14.71,11.733817793028997,2.9761822069710036
2004-10-12,15.05,11.662051277541352,3.387948722458649
2004-10-13,15.42,11.387161191447309,4.032838808552691
2004-10-14,16.43,10.692621755210624,5.737378244789376
2004-10-15,15.04,10.729234828262618,4.310765171737382
2004-10-18,14.71,11.239234849401614,3.470765150598387
2004-10-19,15.13,10.411051820061388,4.718948179938613
2004-10-20,14.85,10.427060947362088,4.422939052637911
2004-10-21,14.54,11.600008620686612,2.939991379313387
2004-10-22,15.28,10.669106804227031,4.610893195772968
2004-10-25,16.58,10.632755052196186,5.947244947803812
2004-10-26,16.39,10.005030734585658,6.384969265414343
2004-10-27,15.72,9.239792205455908,6.480207794544093
2004-10-28,15.39,9.372414843571736,6.0175851564282645
2004-10-29,16.27,9.607484582345363,6.662515417654637
2004-11-01,16.27,10.535494293102895,5.734505706897105
2004-11-02,16.18,10.55843170172558,5.62156829827442
2004-11-03,14.04,10.070698089010703,3.969301910989296
2004-11-04,13.97,8.976516027947813,4.9934839720521875
2004-11-05,13.84,9.97349687922968,3.8665031207703198
2004-11-08,13.8,10.033302547018309,3.766697452981692
2004-11-09,13.61,10.100247521719657,3.509752478280342
2004-11-10,13.08,10.100247521719657,2.979752478280343
2004-11-11,13.04,10.062061419013704,2.9779385809862955
2004-11-12,13.33,9.785636412620494,3.5443635873795056
2004-11-15,13.38,9.818262575425658,3.5617374245743427
2004-11-16,13.21,9.532833786445877,3.6771662135541234
2004-11-17,13.21,9.631193072512053,3.578806927487948
2004-11-18,12.98,9.653594149331338,3.326405850668662
2004-11-19,13.5,9.078583589966223,4.4214164100337765
2004-11-22,12.97,8.97196299591143,3.9980370040885713
2004-11-23,12.67,8.968872838880257,3.701127161119743
2004-11-24,12.72,9.119019684154878,3.6009803158451223
2004-11-26,12.79,9.45884982437104,3.3311501756289594
2004-11-29,13.3,9.386986736967513,3.9130132630324876
2004-11-30,13.24,9.20679097188613,4.03320902811387
2004-12-01,12.97,7.920825714532803,5.049174285467197
2004-12-02,12.98,8.725335523634847,4.2546644763651535
2004-12-03,12.96,9.898696883933985,3.061303116066016
2004-12-06,13.19,10.040942186866946,3.1490578131330533
2004-12-07,13.67,9.2311711066367,4.438828893363301
2004-12-08,13.19,9.14011597300627,4.049884026993729
2004-12-09,12.88,9.128410595498229,3.7515894045017717
2004-12-10,12.76,9.432494897958037,3.327505102041963
2004-12-13,12.54,9.000646643436484,3.539353356563515
2004-12-14,12.73,9.13865854488527,3.59134145511473
2004-12-15,12.35,9.405377185419232,2.944622814580768
2004-12-16,12.27,10.060934350248212,2.2090656497517873
2004-12-17,11.95,10.425731629003524,1.5242683709964755
2004-12-20,11.83,10.718632375448117,1.1113676245518835
2004-12-21,11.55,10.18769257486722,1.36230742513278
2004-12-22,11.45,10.052038599209853,1.3979614007901464
2004-12-23,11.23,10.177793474029857,1.0522065259701439
2004-12-27,12.14,10.493952544203955,1.6460474557960456
2004-12-28,12.0,9.934437075144455,2.065562924855545
2004-12-29,11.62,9.922634730755977,1.6973652692440222
2004-12-30,12.56,10.679382004592057,1.8806179954079436
2004-12-31,13.29,11.057855126560693,2.2321448734393066
2005-01-03,14.08,10.69093821888446,3.38906178111554
2005-01-04,13.98,9.70560662709984,4.27439337290016
2005-01-05,14.09,10.225732247619442,3.8642677523805578
2005-01-06,13.58,10.206703679445397,3.373296320554603
2005-01-07,13.49,10.152063829586778,3.337936170413222
2005-01-10,13.23,10.735362127101457,2.4946378728985437
2005-01-11,13.19,10.483135027271386,2.7068649727286136
2005-01-12,12.56,10.714948436647012,1.845051563352989
2005-01-13,12.84,10.255303018439001,2.584696981560999
2005-01-14,12.43,10.088764047196472,2.341235952803528
2005-01-18,12.47,9.588198996683591,2.8818010033164096
2005-01-19,13.18,9.361134546624369,3.818865453375631
2005-01-20,13.83,8.852369174407729,4.977630825592271
2005-01-21,14.36,10.181654089587026,4.178345910412974
2005-01-24,14.65,10.091695595884971,4.558304404115029
2005-01-25,14.06,10.368166665327292,3.691833334672708
2005-01-26,13.44,10.640257515680908,2.7997424843190917
2005-01-27,13.24,10.965241447410271,2.274758552589729
2005-01-28,13.24,10.961870278378779,2.2781297216212213
2005-01-31,12.82,10.573054430958166,2.2469455690418343
2005-02-01,12.03,10.371725025279266,1.658274974720733
2005-02-02,11.66,10.70634951792646,0.9536504820735399
2005-02-03,11.79,10.628290549284209,1.1617094507157901
2005-02-04,11.21,10.238808524433114,0.9711914755668865
2005-02-07,11.73,10.819565610504164,0.9104343894958369
2005-02-08,11.6,10.817042109560465,0.7829578904395351
2005-02-09,12.0,10.390283922973628,1.6097160770263717
2005-02-10,11.51,10.52809954360255,0.9819004563974492
2005-02-11,11.43,10.46224067779003,0.9677593222099699
2005-02-14,11.52,10.826057454124491,0.6939425458755082
2005-02-15,11.27,10.79418732466713,0.47581267533286997
2005-02-16,11.1,10.784143915953855,0.3158560840461444
2005-02-17,11.77,10.535135499840734,1.234864500159265
2005-02-18,11.18,10.940469825377912,0.2395301746220877
2005-02-22,13.14,9.754531254755628,3.3854687452443724
2005-02-23,12.39,9.534551903472154,2.855448096527846
2005-02-24,11.57,9.009062104348295,2.560937895651705
2005-02-25,11.49,8.490802082253756,2.999197917746244
2005-02-28,12.08,9.85966936565342,2.2203306343465794
2005-03-01,12.04,9.560355641920681,2.4796443580793177
2005-03-02,12.5,9.716832817333263,2.7831671826667375
2005-03-03,12.93,9.82625259190932,3.1037474080906797
2005-03-04,11.94,9.315090981842564,2.6249090181574353
2005-03-07,12.26,9.287643404007536,2.972356595992464
2005-03-08,12.4,9.510842233998236,2.889157766001764
2005-03-09,12.7,9.424247450062236,3.2757525499377635
2005-03-10,12.49,9.41526632655734,3.07473367344266
2005-03-11,12.8,9.545231270116217,3.254768729883784
2005-03-14,12.39,10.027673708293696,2.362326291706305
2005-03-15,13.15,10.415125539330031,2.7348744606699693
2005-03-16,13.49,11.313524649728075,2.176475350271925
2005-03-17,13.29,11.362158245685752,1.9278417543142474
2005-03-18,13.14,11.8255114054321,1.3144885945678997
2005-03-21,13.61,12.517419861936595,1.0925801380634041
2005-03-22,14.27,14.121128850060268,0.1488711499397315
2005-03-23,14.06,14.36726278732329,-0.30726278732328893
2005-03-24,13.42,14.80288080070918,-1.3828808007091808
2005-03-28,13.75,15.041430783007467,-1.291430783007467
2005-03-29,14.49,14.843471292120466,-0.35347129212046546
2005-03-30,13.64,14.43588029875576,-0.79588029875576
2005-03-31,14.02,15.029838322483865,-1.0098383224838656
2005-04-01,14.09,15.062681036256611,-0.9726810362566116
2005-04-04,14.11,15.007634057372417,-0.897634057372418
2005-04-05,13.68,15.659137907305256,-1.9791379073052564
2005-04-06,13.15,15.637758151346521,-2.4877581513465206
2005-04-07,12.33,15.47065221637422,-3.140652216374219
2005-04-08,12.62,15.370355883973682,-2.7503558839736826
2005-04-11,11.98,15.766321067389324,-3.7863210673893235
2005-04-12,11.3,15.692655607003056,-4.392655607003055
2005-04-13,13.31,15.522352914426484,-2.212352914426484
2005-04-14,14.53,15.150770277448084,-0.6207702774480843
2005-04-15,17.74,14.458456349140597,3.281543650859401
2005-04-18,16.56,14.578337353758966,1.9816626462410323
2005-04-19,14.96,14.862513919253498,0.09748608074650278
2005-04-20,16.92,13.884748467293303,3.035251532706699
2005-04-21,14.41,12.547280183370576,1.8627198166294239
2005-04-22,15.38,12.095073377206269,3.2849266227937317
2005-04-25,14.62,11.788669136081644,2.831330863918355
2005-04-26,14.91,11.413039910558616,3.4969600894413837
2005-04-27,14.87,11.581808148989682,3.2881918510103176
2005-04-28,16.86,10.439522977607917,6.420477022392083
2005-04-29,15.31,10.318348705098304,4.991651294901697
2005-05-02,15.12,10.560340903588472,4.559659096411528
2005-05-03,14.53,10.527518226058968,4.002481773941032
2005-05-04,13.85,10.179461675354151,3.6705383246458485
2005-05-05,13.98,10.120158101532008,3.8598418984679927
2005-05-06,14.05,10.120158101532008,3.929841898467993
2005-05-09,13.75,10.055046494174158,3.6949535058258416
2005-05-10,14.91,9.331038527409683,5.578961472590317
2005-05-11,14.45,9.377989123474388,5.072010876525612
2005-05-12,16.12,8.392132029466874,7.7278679705331275
2005-05-13,16.32,8.007523961875087,8.312476038124913
2005-05-16,15.68,7.467344909671963,8.212655090328036
2005-05-17,14.57,7.341909833279336,7.228090166720664
2005-05-18,13.63,6.497291743488505,7.132708256511496
2005-05-19,13.32,6.430122860412851,6.889877139587149
2005-05-20,13.14,6.457219215730868,6.6827807842691325
2005-05-23,12.95,6.361528118306483,6.588471881693517
2005-05-24,12.69,7.550740361050969,5.139259638949031
2005-05-25,12.58,7.836361400548355,4.7436385994516455
2005-05-26,12.24,7.4105060555946,4.8294939444054
2005-05-27,12.15,8.24602449668955,3.90397550331045
2005-05-31,13.29,8.0320781868707,5.257921813129299
2005-06-01,12.36,7.757662018933558,4.602337981066442
2005-06-02,11.84,7.795498701173919,4.044501298826081
2005-06-03,12.15,8.041276018145634,4.108723981854366
2005-06-06,12.28,8.492130474739785,3.7878695252602146
2005-06-07,12.39,8.52811585287185,3.8618841471281513
2005-06-08,12.7,9.335410007064713,3.3645899929352865
2005-06-09,12.08,9.40654453027274,2.6734554697272603
2005-06-10,11.96,9.33593059100184,2.62406940899816
2005-06-13,11.65,9.32916073395694,2.320839266043061
2005-06-14,11.79,9.301786925102295,2.488213074897704
2005-06-15,11.46,9.293591340273363,2.1664086597266383
2005-06-16,11.15,9.467371335275919,1.6826286647240813
2005-06-17,11.48,9.716690794710106,1.7633092052898949
2005-06-20,11.47,9.82904267973255,1.6409573202674501
2005-06-21,11.08,10.218547842037246,0.8614521579627539
2005-06-22,11.05,10.357142463054375,0.6928575369456258
2005-06-23,12.13,9.68648543074339,2.4435145692566103
2005-06-24,12.18,9.176496063313266,3.0035039366867338
2005-06-27,12.52,9.166879512680627,3.353120487319373
2005-06-28,11.58,8.811015832468119,2.7689841675318814
2005-06-29,11.77,9.250442151594914,2.5195578484050856
2005-06-30,12.04,8.80035226567686,3.239647734323139
2005-07-01,11.4,8.966919203383277,2.433080796616723
2005-07-05,11.68,8.613382610798379,3.066617389201621
2005-07-06,12.27,8.736015109877266,3.533984890122733
2005-07-07,12.49,9.348050064051005,3.141949935948995
2005-07-08,11.45,8.56501488615193,2.884985113848069
2005-07-11,11.28,8.443522961418664,2.836477038581336
2005-07-12,10.95,8.437658442957039,2.5123415570429604
2005-07-13,10.84,8.773920446414143,2.0660795535858565
2005-07-14,10.81,9.011998668442214,1.7980013315577867
2005-07-15,10.33,9.063840245723895,1.2661597542761047
2005-07-18,10.77,9.860436095832895,0.9095639041671042
2005-07-19,10.45,9.472877070880017,0.9771229291199823
2005-07-20,10.23,9.237895864319126,0.992104135680874
2005-07-21,10.97,8.923192253896827,2.0468077461031733
2005-07-22,10.52,8.692286235508146,1.827713764491854
2005-07-25,11.1,8.613069139395337,2.4869308606046623
2005-07-26,10.99,8.736626351172655,2.2533736488273455
2005-07-27,10.36,8.613751795820708,1.7462482041792917
2005-07-28,10.52,8.357966259802954,2.162033740197046
2005-07-29,11.57,8.591684351744101,2.978315648255899
2005-08-01,12.08,8.574963556774135,3.5050364432258654
2005-08-02,11.75,9.180431362414538,2.569568637585462
2005-08-03,11.83,9.21067424242137,2.619325757578631
2005-08-04,12.52,8.882398324777178,3.6376016752228217
2005-08-05,12.48,9.503780300491178,2.976219699508823
2005-08-08,13.21,9.458659524478302,3.7513404755216992
2005-08-09,12.4,9.410326243016456,2.989673756983544
2005-08-10,12.38,9.710946400840864,2.6690535991591364
2005-08-11,12.42,9.414705518496273,3.005294481503727
2005-08-12,12.74,9.594116947380003,3.145883052619997
2005-08-15,12.26,9.652102361662163,2.607897638337837
2005-08-16,13.52,8.618020654419677,4.9019793455803224
2005-08-17,13.3,8.940832176033958,4.359167823966043
2005-08-18,13.42,9.166683151500555,4.253316848499445
2005-08-19,13.42,9.601462388615822,3.818537611384178
2005-08-22,13.42,10.21680967817275,3.2031903218272504
2005-08-23,13.34,10.241497937313872,3.098502062686128
2005-08-24,14.17,10.066550551206916,4.103449448793084
2005-08-25,13.73,10.048886505479313,3.6811134945206874
2005-08-26,13.72,9.754537405741196,3.9654625942588044
2005-08-29,13.52,9.497850283090603,4.0221497169093965
2005-08-30,13.65,9.924188631822961,3.7258113681770393
2005-08-31,12.6,9.17806515557632,3.4219348444236797
2005-09-01,13.15,9.170073064049394,3.9799269359506066
2005-09-02,13.57,9.70116694011624,3.8688330598837606
2005-09-06,12.93,10.137502651047969,2.792497348952031
2005-09-07,12.52,10.097722515498466,2.4222774845015334
2005-09-08,12.93,10.278334495432839,2.651665504567161
2005-09-09,11.98,9.944795623842895,2.0352043761571057
2005-09-12,11.65,9.91927819954682,1.7307218004531801
2005-09-13,12.39,9.939853117627283,2.4501468823727173
2005-09-14,12.91,9.922937065204271,2.9870629347957287
2005-09-15,12.49,10.653506465009757,1.8364935349902431
2005-09-16,11.22,10.302857855954567,0.9171421440454335
2005-09-19,12.14,10.640319544074076,1.4996804559259242
2005-09-20,12.64,11.885322040231157,0.7546779597688431
2005-09-21,13.79,12.373555673289898,1.416444326710101
2005-09-22,13.33,12.382523167755616,0.9474768322443836
2005-09-23,12.96,13.87992507184403,-0.9199250718440286
2005-09-26,13.04,13.890887660621424,-0.8508876606214244
2005-09-27,12.76,13.951571954443146,-1.1915719544431465
2005-09-28,12.63,14.492084736158725,-1.8620847361587245
2005-09-29,12.24,15.229476681751237,-2.9894766817512366
2005-09-30,11.92,15.667300980066875,-3.747300980066875
2005-10-03,12.46,15.674847367678083,-3.2148473676780824
2005-10-04,13.2,15.929613931291756,-2.729613931291757
2005-10-05,14.55,14.859784655236567,-0.30978465523656595
2005-10-06,14.96,14.674974616673245,0.2850253833267562
2005-10-07,14.59,14.642757936946307,-0.05275793694630693
2005-10-10,15.55,14.434013994728009,1.115986005271992
2005-10-11,15.63,14.337719483934816,1.2922805160651851
2005-10-12,16.22,14.079218728324513,2.140781271675486
2005-10-13,16.47,14.03250227151251,2.4374977284874895
2005-10-14,14.87,13.86305594015994,1.006944059840059
2005-10-17,14.67,14.056597027730572,0.6134029722694283
2005-10-18,15.33,13.381524576818734,1.9484754231812662
2005-10-19,13.5,12.989318688830597,0.5106813111694031
2005-10-20,16.11,11.54472347005348,4.5652765299465194
2005-10-21,16.13,11.596702979726766,4.533297020273233
2005-10-24,14.74,10.466741613319961,4.273258386680039
2005-10-25,14.53,10.275923316179608,4.254076683820392
2005-10-26,14.59,9.938162808084986,4.651837191915014
2005-10-27,16.02,9.491707960109371,6.528292039890628
2005-10-28,14.25,8.392246421549107,5.857753578450893
2005-10-31,15.32,8.250927220622172,7.069072779377828
2005-11-01,14.85,8.928684113574842,5.921315886425157
2005-11-02,13.48,8.311880653618884,5.168119346381117
2005-11-03,13.0,8.42544716914206,4.5745528308579395
2005-11-04,13.17,8.409194967415367,4.760805032584633
2005-11-07,13.1,8.689939010142938,4.410060989857062
2005-11-08,13.08,8.519838026629612,4.560161973370388
2005-11-09,12.8,8.532645545198978,4.267354454801023
2005-11-10,11.9,8.200114633345319,3.699885366654682
2005-11-11,11.63,8.265443726745952,3.364556273254049
2005-11-14,12.18,8.256619162829539,3.923380837170461
2005-11-15,12.23,8.043737937054136,4.186262062945865
2005-11-16,12.26,8.187329234860655,4.072670765139344
2005-11-17,11.25,7.994610684705301,3.255389315294699
2005-11-18,11.12,7.881200416180533,3.238799583819466
2005-11-21,10.82,7.701773821659802,3.1182261783401986
2005-11-22,10.6,7.687191945047569,2.9128080549524302
2005-11-23,10.96,7.621661236240053,3.338338763759948
2005-11-25,10.88,8.343653875851057,2.5363461241489436
2005-11-28,11.84,7.593852777082544,4.246147222917456
2005-11-29,11.89,7.653775538909166,4.236224461090835
2005-11-30,12.06,7.699218142123543,4.360781857876457
2005-12-01,11.24,8.205585902298768,3.034414097701232
2005-12-02,11.01,8.357966259802934,2.6520337401970657
2005-12-05,11.6,8.276310772319041,3.3236892276809584
2005-12-06,11.52,8.836358978674651,2.6836410213253483
2005-12-07,12.18,8.677923714806672,3.5020762851933274
2005-12-08,12.21,8.66497085973196,3.5450291402680403
2005-12-09,11.69,8.667172549338337,3.022827450661662
2005-12-12,11.47,9.073030364768107,2.396969635231894
2005-12-13,11.11,8.987638176963076,2.1223618230369237
2005-12-14,10.48,9.077592191765623,1.4024078082343774
2005-12-15,10.73,9.131840997301925,1.5981590026980754
2005-12-16,10.68,9.26833965713407,1.411660342865929
2005-12-19,11.38,11.039298890781254,0.3407011092187471
2005-12-20,11.19,11.050598173854853,0.1394018261451464
2005-12-21,10.81,11.095301708381085,-0.28530170838108404
2005-12-22,10.29,11.028912911071712,-0.7389129110717132
2005-12-23,10.27,11.364961944503122,-1.0949619445031225
2005-12-27,11.57,10.897779590357112,0.6722204096428879
2005-12-28,11.35,10.895004359797387,0.45499564020261296
2005-12-29,11.61,10.87002851882202,0.7399714811779798
2005-12-30,12.07,10.632873553278248,1.4371264467217522
2006-01-03,11.14,10.007441231403972,1.132558768596029
2006-01-04,11.37,10.056174222834663,1.313825777165336
2006-01-05,11.31,10.062437080548845,1.2475629194511555
2006-01-06,11.0,9.937003572506379,1.062996427493621
2006-01-09,11.13,10.215206312160538,0.9147936878394631
2006-01-10,10.86,10.211258492468229,0.6487415075317706
2006-01-11,10.94,10.161869906666023,0.7781300933339761
2006-01-12,11.2,10.056639597798288,1.1433604022017114
2006-01-13,11.23,10.727982102893554,0.5020178971064464
2006-01-17,11.91,10.75829168595109,1.1517083140489106
2006-01-18,12.25,10.98954230166135,1.2604576983386497
2006-01-19,11.98,10.805737364937402,1.1742626350625986
2006-01-20,14.56,8.706494127948638,5.853505872051363
2006-01-23,13.93,8.99324413101324,4.93675586898676
2006-01-24,13.31,8.997686369284281,4.312313630715719
2006-01-25,12.87,8.94065098301036,3.9293490169896383
2006-01-26,12.42,8.640881899436199,3.7791181005638013
2006-01-27,11.97,9.240727244108243,2.729272755891758
2006-01-30,12.39,9.767390644384212,2.622609355615788
2006-01-31,12.95,9.754020709430765,3.195979290569234
2006-02-01,12.36,9.762044867752056,2.597955132247943
2006-02-02,13.23,9.622174390438175,3.607825609561825
2006-02-03,12.96,9.553751095774073,3.4062489042259276
2006-02-06,13.04,9.558924625709958,3.4810753742900413
2006-02-07,13.59,9.138415617600472,4.451584382399528
2006-02-08,12.83,9.062092473595943,3.7679075264040574
2006-02-09,13.12,9.04511359796018,4.0748864020398194
2006-02-10,12.87,9.614170791077308,3.255829208922691
2006-02-13,13.35,9.46720021970614,3.88279978029386
2006-02-14,12.25,8.928845390082868,3.321154609917132
2006-02-15,12.31,8.864161550874627,3.4458384491253735
2006-02-16,11.48,8.545384719250748,2.9346152807492523
2006-02-17,12.01,8.900820186926833,3.109179813073167
2006-02-21,12.41,9.006404387989923,3.4035956120100774
2006-02-22,11.88,8.719323368243904,3.160676631756097
2006-02-23,11.87,8.661223931985836,3.2087760680141635
2006-02-24,11.46,8.657260536682733,2.802739463317268
2006-02-27,11.59,8.838069925046096,2.751930074953904
2006-02-28,12.34,8.385122539355288,3.9548774606447115
2006-03-01,11.54,7.882342291476828,3.657657708523171
2006-03-02,11.72,7.908248857996579,3.8117511420034216
2006-03-03,11.96,7.880454301625267,4.079545698374734
2006-03-06,12.74,7.495878867751536,5.244121132248464
2006-03-07,12.66,7.3326366335721245,5.327363366427876
2006-03-08,12.32,7.399689182661931,4.920310817338069
2006-03-09,12.68,8.142444350439494,4.537555649560506
2006-03-10,11.85,7.870557794718498,3.9794422052815017
2006-03-13,11.37,8.442876287143157,2.927123712856842
2006-03-14,10.74,7.696692796260242,3.043307203739758
2006-03-15,11.35,7.504006929634617,3.845993070365383
2006-03-16,11.98,7.532951612748112,4.447048387251888
2006-03-17,12.12,9.702082250733818,2.4179177492661807
2006-03-20,11.79,9.748759921138902,2.0412400788610974
2006-03-21,11.62,9.381232328431276,2.2387676715687235
2006-03-22,11.21,9.17588796793009,2.0341120320699115
2006-03-23,11.17,9.22152048200318,1.9484795179968195
2006-03-24,11.19,9.337170877734016,1.8528291222659838
2006-03-27,11.46,9.357275244429022,2.1027247555709785
2006-03-28,11.58,9.100307687106195,2.479692312893805
2006-03-29,10.95,8.606839141055456,2.343160858944543
2006-03-30,11.57,8.714739238784155,2.8552607612158454
2006-03-31,11.39,8.859327288231547,2.530672711768453
2006-04-03,11.57,8.941093892807759,2.6289061071922415
2006-04-04,11.14,8.836209594617152,2.3037904053828484
2006-04-05,11.13,9.43440300178046,1.695596998219541
2006-04-06,11.45,9.417273490772377,2.032726509227622
2006-04-07,12.26,8.586794512506051,3.6732054874939486
2006-04-10,12.19,8.640208330821894,3.5497916691781057
2006-04-11,13.0,9.502233421675355,3.4977665783246454
2006-04-12,12.76,10.515662603944854,2.244337396055146
2006-04-13,12.38,10.507306029615977,1.8726939703840237
2006-04-17,12.58,10.471355213151936,2.108644786848064
2006-04-18,11.4,10.003855256849963,1.3961447431500371
2006-04-19,11.32,10.001431897483716,1.3185681025162843
2006-04-20,11.64,10.184871133205599,1.4551288667944018
2006-04-21,11.59,10.251985173614168,1.338014826385832
2006-04-24,11.75,10.278089316599887,1.4719106834001128
2006-04-25,11.75,10.283971995294653,1.4660280047053469
2006-04-26,11.76,11.335332372718703,0.4246676272812966
2006-04-27,11.84,11.557812941902311,0.28218705809768885
2006-04-28,11.59,12.666074372117226,-1.0760743721172261
2006-05-01,12.54,13.252359789864016,-0.712359789864017
2006-05-02,11.99,13.978806816034211,-1.9888068160342112
2006-05-03,11.99,13.990502492762886,-2.0005024927628856
2006-05-04,11.86,15.261280418104006,-3.4012804181040064
2006-05-05,11.62,14.578086294161002,-2.958086294161003
2006-05-08,12.0,14.593059994394766,-2.593059994394766
2006-05-09,11.99,14.600397254869643,-2.6103972548696426
2006-05-10,11.78,14.60591934799056,-2.8259193479905598
2006-05-11,12.49,14.721209189465547,-2.231209189465547
2006-05-12,14.19,14.64417973121079,-0.45417973121079136
2006-05-15,13.57,14.838037606098892,-1.2680376060988916
2006-05-16,13.35,17.380602981484987,-4.0306029814849875
2006-05-17,16.26,16.547952139162252,-0.2879521391622504
2006-05-18,16.99,16.726826357680785,0.26317364231921303
2006-05-19,17.18,16.630429940323392,0.5495700596766078
2006-05-22,17.72,17.102841869116503,0.6171581308834959
2006-05-23,18.26,17.127381586220483,1.132618413779518
2006-05-24,17.36,17.126642402993195,0.2333575970068047
2006-05-25,15.5,16.619707578655063,-1.1197075786550634
2006-05-26,14.26,16.688447501190897,-2.428447501190897
2006-05-30,18.66,15.927173007159947,2.732826992840053
2006-05-31,16.44,17.625208083878167,-1.185208083878166
2006-06-01,14.52,16.980151942783213,-2.460151942783213
2006-06-02,14.32,17.186277083766697,-2.866277083766697
2006-06-05,16.65,16.0701947716885,0.5798052283114998
2006-06-06,17.34,16.053429540132676,1.286570459867324
2006-06-07,17.8,16.18083681396004,1.6191631860399625
2006-06-08,18.35,16.180981428825767,2.1690185711742345
2006-06-09,18.12,16.134359609231606,1.9856403907683955
2006-06-12,20.96,15.834366422437125,5.125633577562876
2006-06-13,23.81,16.13328856743114,7.676711432568858
2006-06-14,21.46,16.217823528451785,5.242176471548216
2006-06-15,15.9,13.848501724013493,2.051498275986507
2006-06-16,17.25,13.832114805770104,3.4178851942298962
2006-06-19,17.83,15.131606656267676,2.698393343732322
2006-06-20,16.69,15.661498012642477,1.028501987357524
2006-06-21,15.52,15.41669614411611,0.10330385588389035
2006-06-22,15.88,16.57799384726645,-0.6979938472664475
2006-06-23,15.89,16.74011111074249,-0.850111110742489
2006-06-26,15.62,16.669284327768974,-1.0492843277689747
2006-06-27,16.4,16.414538677648064,-0.014538677648065601
2006-06-28,15.79,16.94096927569388,-1.1509692756938819
2006-06-29,13.03,14.895105236284985,-1.865105236284986
2006-06-30,13.08,15.02351756413938,-1.9435175641393805
2006-07-03,13.05,14.973592755247637,-1.9235927552476362
2006-07-05,14.15,14.712337679648476,-0.5623376796484756
2006-07-06,13.65,14.691181028086353,-1.0411810280863527
2006-07-07,13.97,14.473997374602646,-0.5039973746026458
2006-07-10,14.02,14.54324172940835,-0.5232417294083511
2006-07-11,13.14,14.563422674632653,-1.4234226746326524
2006-07-12,14.49,14.068961582149706,0.42103841785029417
2006-07-13,17.79,13.206271237559989,4.5837287624400105
2006-07-14,18.05,12.989577360330248,5.060422639669753
2006-07-17,18.64,13.764946785222381,4.875053214777619
2006-07-18,17.74,14.001605622213614,3.738394377786385
2006-07-19,15.55,12.426655221740246,3.1233447782597548
2006-07-20,16.21,11.601358541136635,4.6086414588633655
2006-07-21,17.4,11.201990894479602,6.198009105520397
2006-07-24,14.98,9.69508535289938,5.284914647100621
2006-07-25,14.85,9.737964879789011,5.112035120210988
2006-07-26,14.62,9.715783035865106,4.904216964134893
2006-07-27,14.94,9.435204290316355,5.504795709683645
2006-07-28,14.33,8.55891815593561,5.7710818440643905
2006-07-31,14.95,8.579874124951028,6.370125875048972
2006-08-01,15.05,8.204620649366069,6.845379350633932
2006-08-02,14.34,7.991292761500117,6.348707238499883
2006-08-03,14.46,8.087508887166933,6.3724911128330675
2006-08-04,14.34,8.04806312102509,6.29193687897491
2006-08-07,15.23,9.019824832002236,6.210175167997765
2006-08-08,15.23,9.080341403273568,6.149658596726432
2006-08-09,15.2,8.845337754998624,6.354662245001375
2006-08-10,14.46,8.75564275196311,5.7043572480368905
2006-08-11,14.3,9.242227004353659,5.057772995646342
2006-08-14,14.26,9.283889271205465,4.976110728794534
2006-08-15,13.42,8.118785623478681,5.301214376521319
2006-08-16,12.41,7.598386670866667,4.811613329133333
2006-08-17,12.24,7.5908655632940985,4.649134436705902
2006-08-18,11.64,7.6447707617694,3.9952292382306007
2006-08-21,12.22,7.62355035400201,4.596449645997991
2006-08-22,12.19,7.998227303596981,4.191772696403018
2006-08-23,12.4,7.876204669763491,4.523795330236509
2006-08-24,12.4,8.33427861305369,4.06572138694631
2006-08-25,12.31,8.56196005596873,3.7480399440312713
2006-08-28,12.18,8.41487967828442,3.76512032171558
2006-08-29,12.28,8.383634056899439,3.8963659431005606
2006-08-30,12.22,8.520133801766507,3.6998661982334937
2006-08-31,12.31,8.706625063708913,3.603374936291088
2006-09-01,11.96,8.573011139617414,3.386988860382587
2006-09-05,12.63,9.57016614275866,3.0598338572413404
2006-09-06,13.74,8.512123119410573,5.227876880589427
2006-09-07,13.88,8.346450742681226,5.533549257318775
2006-09-08,13.16,8.32970587716061,4.8302941228393905
2006-09-11,12.99,8.296100288690099,4.693899711309902
2006-09-12,11.92,7.623385074886622,4.296614925113378
2006-09-13,11.18,8.246024496689545,2.933975503310455
2006-09-14,11.55,8.172145373156551,3.3778546268434493
2006-09-15,11.76,8.196557814107335,3.563442185892665
2006-09-18,11.78,8.467897023464802,3.312102976535197
2006-09-19,11.98,8.321656085179441,3.658343914820559
2006-09-20,11.39,8.172879541508248,3.2171204584917525
2006-09-21,12.25,7.7439137391892485,4.5060862608107515
2006-09-22,12.59,7.553687841048497,5.036312158951503
2006-09-25,12.12,7.208203659720222,4.9117963402797775
2006-09-26,11.53,6.964352087596091,4.565647912403908
2006-09-27,11.58,7.135670956539686,4.444329043460314
2006-09-28,11.72,8.032974542472052,3.687025457527948
2006-09-29,11.98,7.858694548078837,4.121305451921163
2006-10-02,12.57,7.61666856309266,4.95333143690734
2006-10-03,12.24,8.444503537805174,3.7954964621948264
2006-10-04,11.86,7.333863920199518,4.526136079800481
2006-10-05,11.98,7.228850531032184,4.751149468967816
2006-10-06,11.56,8.087998516320596,3.4720014836794046
2006-10-09,11.68,8.093115592897716,3.586884407102284
2006-10-10,11.52,8.110770616902203,3.409229383097797
2006-10-11,11.62,8.34376174156502,3.2762382584349794
2006-10-12,11.09,7.594469040031979,3.495530959968021
2006-10-13,10.75,7.609819971589619,3.1401800284103807
2006-10-16,11.09,7.879517751741168,3.210482248258832
2006-10-17,11.73,7.69288762429324,4.03711237570676
2006-10-18,11.34,7.693074807903801,3.646925192096199
2006-10-19,10.9,7.699241521085313,3.200758478914687
2006-10-20,10.63,7.709459124997298,2.920540875002703
2006-10-23,11.08,7.53957558487241,3.54042441512759
2006-10-24,10.78,7.556316562982531,3.2236834370174687
2006-10-25,10.66,7.658179940429982,3.0018200595700177
2006-10-26,10.56,9.204972569215206,1.3550274307847943
2006-10-27,10.8,8.718311763180086,2.0816882368199146
2006-10-30,11.2,9.282085972452753,1.917914027547246
2006-10-31,11.1,9.267679321167956,1.832320678832044
2006-11-01,11.51,8.710593550384733,2.799406449615267
2006-11-02,11.42,9.191137035209735,2.228862964790265
2006-11-03,11.16,9.173474805110871,1.9865251948891292
2006-11-06,11.16,8.494850204683074,2.6651497953169265
2006-11-07,11.09,8.679976958495002,2.4100230415049975
2006-11-08,10.75,8.652352281316576,2.097647718683424
2006-11-09,11.01,8.310407932225955,2.699592067774045
2006-11-10,10.79,8.363513615700288,2.426486384299711
2006-11-13,10.86,8.340237406693177,2.5197625933068224
2006-11-14,10.5,8.429882561459806,2.070117438540194
2006-11-15,10.31,8.374382365285465,1.9356176347145357
2006-11-16,10.16,8.573249092380568,1.5867509076194324
2006-11-17,10.05,8.581069863368098,1.4689301366319025
2006-11-20,9.97,8.593897835092305,1.3761021649076959
2006-11-21,9.9,8.716460290737537,1.1835397092624635
2006-11-22,10.14,8.842040488484793,1.2979595115152076
2006-11-24,10.73,8.893975489060239,1.8360245109397617
2006-11-27,12.3,7.190226700181576,5.109773299818425
2006-11-28,11.62,7.246085839955533,4.373914160044467
2006-11-29,10.83,6.882761073871753,3.9472389261282474
2006-11-30,10.91,6.887466878323573,4.022533121676427
2006-12-01,11.66,6.786138813788309,4.873861186211691
2006-12-04,11.23,6.443350060333863,4.7866499396661375
2006-12-05,11.27,6.334562336894667,4.935437663105333
2006-12-06,11.33,6.329824642121171,5.000175357878829
2006-12-07,12.67,6.225222887576343,6.444777112423657
2006-12-08,12.07,6.71486410882635,5.35513589117365
2006-12-11,10.71,6.899278223119014,3.810721776880987
2006-12-12,10.65,6.8421663236144905,3.80783367638551
2006-12-13,10.18,6.875966841107092,3.3040331588929073
2006-12-14,9.97,6.536999311611129,3.433000688388872
2006-12-15,10.05,6.639057161977472,3.410942838022529
2006-12-18,10.6,6.734885299691775,3.865114700308225
2006-12-19,10.3,6.8377452424029626,3.462254757597038
2006-12-20,10.26,7.373517478110718,2.886482521889282
2006-12-21,10.53,8.357377579121597,2.172622420878403
2006-12-22,11.36,8.16890690361962,3.1910930963803796
2006-12-26,11.26,8.034535456391014,3.225464543608986
2006-12-27,10.64,7.80911774786399,2.8308822521360106
2006-12-28,10.99,8.078534520567716,2.911465479432284
2006-12-29,11.56,8.029366102003578,3.530633897996422
2007-01-03,12.04,8.013164169041097,4.026835830958902
2007-01-04,11.51,8.047056604747112,3.4629433952528874
2007-01-05,12.14,7.474010971359625,4.665989028640375
2007-01-08,12.0,7.469168628435434,4.530831371564566
2007-01-09,11.91,7.498831909037838,4.411168090962162
2007-01-10,11.47,8.070613359590716,3.3993866404092845
2007-01-11,10.87,7.82206110945218,3.047938890547819
2007-01-12,10.15,8.01743100999343,2.13256899000657
2007-01-16,10.74,8.358267763119592,2.381732236880408
2007-01-17,10.59,8.32409995134634,2.265900048653659
2007-01-18,10.85,8.078638499153438,2.7713615008465613
2007-01-19,10.4,8.116250365778777,2.2837496342212233
2007-01-22,10.77,7.784970134817734,2.9850298651822653
2007-01-23,10.34,7.761072090890801,2.578927909109199
2007-01-24,9.89,7.439935483591523,2.450064516408478
2007-01-25,11.22,6.100832730046295,5.119167269953706
2007-01-26,11.13,13.654467400818113,-2.5244674008181125
2007-01-29,11.45,13.775147186146668,-2.325147186146669
2007-01-30,10.96,13.64643689759362,-2.6864368975936195
2007-01-31,10.42,13.950548376318572,-3.5305483763185723
2007-02-01,10.31,14.03171978055452,-3.721719780554519
2007-02-02,10.08,15.350274264650936,-5.270274264650936
2007-02-05,10.55,15.349500317600077,-4.799500317600076
2007-02-06,10.65,15.610946159666451,-4.960946159666451
2007-02-07,10.32,15.581585285201399,-5.261585285201399
2007-02-08,10.44,15.654140666290331,-5.214140666290332
2007-02-09,11.1,16.86611632830762,-5.7661163283076196
2007-02-12,11.61,17.062003399366816,-5.452003399366816
2007-02-13,10.34,16.912565742666153,-6.5725657426661535
2007-02-14,10.23,16.61717665549731,-6.38717665549731
2007-02-15,10.22,17.191115147075383,-6.971115147075382
2007-02-16,10.02,17.426534939568587,-7.406534939568587
2007-02-20,10.24,18.40905538043722,-8.16905538043722
2007-02-21,10.2,18.41046984734514,-8.210469847345141
2007-02-22,10.18,18.420146579221473,-8.240146579221474
2007-02-23,10.58,18.40543724012022,-7.8254372401202215
2007-02-26,11.15,18.504276262529274,-7.3542762625292735
2007-02-27,18.31,14.245361350278346,4.064638649721653
2007-02-28,15.42,14.191887823683084,1.228112176316916
2007-03-01,15.82,14.159127091738535,1.6608729082614655
2007-03-02,18.61,13.378134399085845,5.231865600914155
2007-03-05,19.63,12.895496888449228,6.7345031115507705
2007-03-06,15.96,11.902876963154911,4.0571230368450895
2007-03-07,15.24,11.843752783640996,3.3962472163590043
2007-03-08,14.29,11.702850934708342,2.5871490652916567
2007-03-09,14.09,11.705506396564134,2.3844936034358657
2007-03-12,13.99,12.002599718394508,1.9874002816054919
2007-03-13,18.13,9.266403833203238,8.86359616679676
2007-03-14,17.27,9.191665790269122,8.078334209730878
2007-03-15,16.43,9.620085238707796,6.8099147612922035
2007-03-16,16.79,9.333680945907865,7.456319054092134
2007-03-19,14.59,8.89137109786807,5.698628902131929
2007-03-20,13.27,8.868519605887093,4.401480394112907
2007-03-21,12.19,7.585370129400664,4.604629870599336
2007-03-22,12.93,7.675365789329123,5.2546342106708765
2007-03-23,12.95,7.7122837084746765,5.237716291525323
2007-03-26,13.16,8.175800878201708,4.984199121798293
2007-03-27,13.48,7.703799062800362,5.776200937199638
2007-03-28,14.98,7.036885674785662,7.943114325214339
2007-03-29,15.14,8.074478311321656,7.065521688678345
2007-03-30,14.64,8.032347104053942,6.6076528959460585
2007-04-02,14.53,8.310667843200312,6.2193321567996875
2007-04-03,13.46,7.897088070928662,5.562911929071339
2007-04-04,13.24,7.896290268221132,5.343709731778868
2007-04-05,13.23,7.882547811463231,5.34745218853677
2007-04-09,13.14,7.941206457459961,5.19879354254004
2007-04-10,12.68,7.963931190059578,4.716068809940421
2007-04-11,13.49,9.311921391420992,4.178078608579009
2007-04-12,12.71,9.59993124975402,3.110068750245981
2007-04-13,12.2,9.689866872150715,2.5101331278492847
2007-04-16,11.98,9.150245898335411,2.829754101664589
2007-04-17,12.14,9.522272837931286,2.6177271620687144
2007-04-18,12.42,9.541094276863841,2.8789057231361586
2007-04-19,12.54,9.662335121491278,2.877664878508721
2007-04-20,12.07,9.298941875289033,2.771058124710967
2007-04-23,13.04,9.220603017156954,3.8193969828430454
2007-04-24,13.12,9.251531765064849,3.8684682349351505
2007-04-25,13.21,9.641392015679278,3.568607984320723
2007-04-26,12.79,9.811923358852948,2.9780766411470516
2007-04-27,12.45,9.809061117151023,2.6409388828489764
2007-04-30,14.22,9.395854405002446,4.824145594997555
2007-05-01,13.51,9.3920604768072,4.117939523192799
2007-05-02,13.08,9.162990778125007,3.9170092218749932
2007-05-03,13.09,9.12246677165798,3.9675332283420204
2007-05-04,12.91,9.391070226550541,3.518929773449459
2007-05-07,13.15,10.005678387795811,3.1443216122041893
2007-05-08,13.21,11.74412193397209,1.4658780660279103
2007-05-09,12.88,12.306339829535194,0.573660170464807
2007-05-10,13.6,11.200624982562541,2.3993750174374586
2007-05-11,12.95,11.336544447052828,1.6134555529471708
2007-05-14,13.96,12.30069266342364,1.6593073365763615
2007-05-15,14.01,12.34830028789404,1.6616997121059605
2007-05-16,13.5,12.25706653322907,1.2429334667709302
2007-05-17,13.51,12.260688398291673,1.2493116017083263
2007-05-18,12.76,12.07401176080279,0.6859882391972096
2007-05-21,13.3,12.873983066634981,0.42601693336501967
2007-05-22,13.06,13.035115649659737,0.024884350340263595
2007-05-23,13.24,13.718542196603995,-0.47854219660399444
2007-05-24,14.08,13.281231870576024,0.7987681294239763
2007-05-25,13.34,13.15171167567189,0.18828832432810927
2007-05-29,13.53,13.562393594052793,-0.03239359405279352
2007-05-30,12.83,13.244384470408747,-0.4143844704087467
2007-05-31,13.05,13.228428478092338,-0.17842847809233753
2007-06-01,12.78,13.707109104402878,-0.927109104402879
2007-06-04,13.29,13.760975256136621,-0.4709752561366223
2007-06-05,13.63,13.645328871082743,-0.015328871082742168
2007-06-06,14.87,13.304211363324173,1.5657886366758262
2007-06-07,17.06,11.600768940031685,5.459231059968314
2007-06-08,14.84,12.259601951124031,2.580398048875969
2007-06-11,14.71,12.400714495544364,2.3092855044556373
2007-06-12,16.67,13.114125209101967,3.5558747908980344
2007-06-13,14.73,12.375664830626429,2.354335169373572
2007-06-14,13.64,12.376057530571034,1.263942469428967
2007-06-15,13.94,12.173131068053282,1.7668689319467177
2007-06-18,13.42,12.200662277106275,1.2193377228937248
2007-06-19,12.85,12.275966764373551,0.5740332356264481
2007-06-20,14.67,12.221476179251182,2.448523820748818
2007-06-21,14.21,12.13674091344147,2.073259086558531
2007-06-22,15.75,13.419010395703706,2.3309896042962936
2007-06-25,16.65,13.37759619662681,3.272403803373189
2007-06-26,18.89,15.723988043750362,3.1660119562496387
2007-06-27,15.53,16.075200776351274,-0.5452007763512743
2007-06-28,15.54,16.512991249316535,-0.9729912493165358
2007-06-29,16.23,16.91895032205026,-0.6889503220502604
2007-07-02,15.4,16.520924913575648,-1.1209249135756476
2007-07-03,14.92,16.615053415502597,-1.6950534155025974
2007-07-05,15.48,18.64072959945519,-3.160729599455191
2007-07-06,14.72,20.281130146025017,-5.561130146025016
2007-07-09,15.16,20.48657218765513,-5.326572187655131
2007-07-10,17.57,20.782551335194736,-3.2125513351947355
2007-07-11,16.64,22.57719025919755,-5.93719025919755
2007-07-12,15.54,21.40665130280785,-5.866651302807849
2007-07-13,15.15,21.32296508462191,-6.172965084621909
2007-07-16,15.59,21.935365964578875,-6.345365964578875
2007-07-17,15.63,22.169281449790056,-6.539281449790055
2007-07-18,16.0,22.328605867810136,-6.328605867810136
2007-07-19,15.23,24.20370054351204,-8.973700543512038
2007-07-20,16.95,24.00956309473383,-7.059563094733832
2007-07-23,16.81,23.947978620334638,-7.137978620334639
2007-07-24,18.55,23.633542265179052,-5.083542265179052
2007-07-25,18.1,23.57671732875475,-5.476717328754749
2007-07-26,20.74,22.642413298939758,-1.9024132989397593
2007-07-27,24.17,22.20265930018303,1.9673406998169725
2007-07-30,20.87,23.37526384877836,-2.505263848778359
2007-07-31,23.52,24.29704673411985,-0.7770467341198497
2007-08-01,23.67,24.27545426969399,-0.6054542696939897
2007-08-02,21.22,24.523549498390402,-3.303549498390403
2007-08-03,25.16,22.73583603037292,2.424163969627081
2007-08-06,22.94,22.022087094551324,0.9179129054486772
2007-08-07,21.56,21.955248119754962,-0.39524811975496377
2007-08-08,21.45,22.06758074642538,-0.6175807464253822
2007-08-09,26.48,19.94099195125468,6.53900804874532
2007-08-10,28.3,20.491910599063324,7.808089400936677
2007-08-13,26.57,20.490118594093197,6.079881405906804
2007-08-14,27.68,19.416080963984555,8.263919036015444
2007-08-15,30.67,18.493654046726494,12.176345953273508
2007-08-16,30.83,18.7208942094122,12.109105790587797
2007-08-17,29.99,19.54440789586636,10.445592104133638
2007-08-20,26.33,19.564683488367585,6.765316511632413
2007-08-21,25.25,19.813834560730623,5.436165439269377
2007-08-22,22.89,19.51001588928116,3.3799841107188406
2007-08-23,22.62,19.628145098302166,2.9918549016978346
2007-08-24,20.72,19.263526156963152,1.4564738430368465
2007-08-27,22.72,19.00938820688355,3.710611793116449
2007-08-28,26.3,16.668074873842,9.631925126158002
2007-08-29,23.81,15.427725691105712,8.382274308894287
2007-08-30,25.06,15.765830139894414,9.294169860105585
2007-08-31,23.38,15.46918614536664,7.910813854633359
2007-09-04,22.78,15.36863429195982,7.411365708040181
2007-09-05,24.58,14.744202928609035,9.835797071390964
2007-09-06,23.99,15.043800051848708,8.94619994815129
2007-09-07,26.23,13.45386784534481,12.77613215465519
2007-09-10,27.38,13.371055306145543,14.008944693854456
2007-09-11,25.27,12.970579015603084,12.299420984396916
2007-09-12,24.96,13.277097574394908,11.682902425605093
2007-09-13,24.76,13.21616737182165,11.543832628178352
2007-09-14,24.92,13.803299605529226,11.116700394470776
2007-09-17,26.48,13.864782724586897,12.615217275413103
2007-09-18,20.35,9.878564673068837,10.471435326931164
2007-09-19,20.03,9.714794902621653,10.315205097378348
2007-09-20,20.45,12.854099735104125,7.595900264895874
2007-09-21,19.0,12.86847310289779,6.13152689710221
2007-09-24,19.37,13.072474899574438,6.297525100425563
2007-09-25,18.6,13.132381352976456,5.467618647023546
2007-09-26,17.63,12.969820353420621,4.660179646579378
2007-09-27,17.0,13.760975256136598,3.2390247438634017
2007-09-28,18.0,13.745060203578726,4.254939796421274
2007-10-01,17.84,13.074810897294226,4.765189102705774
2007-10-02,18.49,13.786798032901029,4.70320196709897
2007-10-03,18.8,16.549094235033046,2.250905764966955
2007-10-04,18.44,16.53391423710683,1.90608576289317
2007-10-05,16.91,16.02871672967004,0.8812832703299591
2007-10-08,17.46,16.696322948481924,0.7636770515180764
2007-10-09,16.12,18.710997835497828,-2.590997835497827
2007-10-10,16.67,18.721903749352105,-2.0519037493521033
2007-10-11,18.88,19.147158535929147,-0.2671585359291484
2007-10-12,17.73,19.08218855372739,-1.352188553727391
2007-10-15,19.25,21.945801420773048,-2.695801420773048
2007-10-16,20.02,21.933084598387072,-1.9130845983870728
2007-10-17,18.54,22.167481589030462,-3.627481589030463
2007-10-18,18.5,22.28342971806639,-3.7834297180663903
2007-10-19,22.96,21.576339819348515,1.3836601806514857
2007-10-22,21.64,21.525630304360526,0.11436969563947486
2007-10-23,20.41,21.609717258677968,-1.1997172586779676
2007-10-24,20.8,22.637263968951817,-1.8372639689518167
2007-10-25,21.17,23.519977040805216,-2.3499770408052143
2007-10-26,19.56,23.47492108612944,-3.914921086129443
2007-10-29,19.87,25.947422993430475,-6.077422993430474
2007-10-30,21.07,25.9158121616901,-4.845812161690098
2007-10-31,18.53,25.618793882616814,-7.088793882616812
2007-11-01,23.21,24.095751492742536,-0.8857514927425356
2007-11-02,23.01,24.14363767123762,-1.1336376712376186
2007-11-05,24.31,24.716594425608154,-0.40659442560815506
2007-11-06,21.39,24.97393120836213,-3.583931208362131
2007-11-07,26.49,22.940192675738444,3.549807324261554
2007-11-08,26.16,23.03083671949423,3.1291632805057716
2007-11-09,28.5,24.19750483004402,4.302495169955979
2007-11-12,31.09,23.86078875477514,7.22921124522486
2007-11-13,24.1,21.80539291092926,2.294607089070741
2007-11-14,25.94,22.23535832857218,3.7046416714278223
2007-11-15,28.06,22.50365570301866,5.55634429698134
2007-11-16,25.49,22.583718914297627,2.9062810857023713
2007-11-19,26.01,21.638501796566324,4.371498203433678
2007-11-20,24.88,21.712642400223974,3.1673575997760253
2007-11-21,26.84,21.525248430622206,5.314751569377794
2007-11-23,25.61,21.04946175083828,4.56053824916172
2007-11-26,28.91,19.355114052880275,9.554885947119725
2007-11-27,26.28,19.92427664935427,6.355723350645732
2007-11-28,24.11,17.24258797280745,6.86741202719255
2007-11-29,23.97,17.40794646131485,6.562053538685149
2007-11-30,22.87,17.905686247670165,4.964313752329836
2007-12-03,23.61,17.81983164903654,5.790168350963459
2007-12-04,23.79,19.708729030559137,4.081270969440862
2007-12-05,22.53,18.833033743929963,3.696966256070038
2007-12-06,20.96,18.404250595990188,2.5557494040098128
2007-12-07,20.85,19.100545541947355,1.7494544580526465
2007-12-10,20.74,19.2352644899935,1.5047355100064976
2007-12-11,23.59,18.037125048078057,5.552874951921943
2007-12-12,22.47,18.418048756586693,4.051951243413306
2007-12-13,22.56,19.790015664470936,2.769984335529063
2007-12-14,23.27,19.465289106509694,3.804710893490306
2007-12-17,24.52,20.837309807170527,3.6826901928294724
2007-12-18,22.64,20.489081970649764,2.150918029350237
2007-12-19,21.68,20.527185876295984,1.1528141237040153
2007-12-20,20.58,22.003383376199334,-1.423383376199336
2007-12-21,18.47,21.36607778699697,-2.8960777869969725
2007-12-24,18.6,21.09187616121443,-2.491876161214428
2007-12-26,18.66,22.43270202182531,-3.7727020218253102
2007-12-27,20.26,22.4682415867376,-2.2082415867376
2007-12-28,20.74,22.404825373120076,-1.6648253731200775
2007-12-31,22.5,23.49477984574456,-0.99477984574456
2008-01-02,23.17,23.870925411470843,-0.7009254114708412
2008-01-03,22.49,24.042721975683296,-1.5527219756832977
2008-01-04,23.94,24.654043076136713,-0.7140430761367114
2008-01-07,23.79,24.704626287398167,-0.9146262873981676
2008-01-08,25.43,24.31208094754549,1.1179190524545106
2008-01-09,24.12,23.88746365774325,0.23253634225675057
2008-01-10,23.45,23.735141036025137,-0.28514103602513785
2008-01-11,23.68,23.482656578845678,0.19734342115432213
2008-01-14,22.9,23.80135038185868,-0.9013503818586805
2008-01-15,23.34,22.796749768333296,0.543250231666704
2008-01-16,24.38,22.740271766186172,1.6397282338138268
2008-01-17,28.46,20.423918331211663,8.036081668788338
2008-01-18,27.18,20.4267971057629,6.7532028942370985
2008-01-22,31.01,20.662827492867564,10.347172507132438
2008-01-23,29.02,19.588822322947436,9.431177677052563
2008-01-24,27.78,19.912031538745705,7.867968461254296
2008-01-25,29.08,19.25457244396778,9.825427556032217
2008-01-28,27.78,18.460960971737187,9.319039028262814
2008-01-29,27.32,18.67402366925789,8.645976330742112
2008-01-30,27.62,20.771349498768828,6.848650501231173
2008-01-31,26.2,19.807628833356212,6.3923711666437875
2008-02-01,24.02,18.912922566330263,5.107077433669737
2008-02-04,25.99,18.886522178527322,7.103477821472676
2008-02-05,28.24,17.593769351676865,10.646230648323133
2008-02-06,28.97,17.60971209304696,11.36028790695304
2008-02-07,27.66,18.09439581749014,9.565604182509862
2008-02-08,28.01,22.378466435392845,5.631533564607157
2008-02-11,27.6,22.376278510958972,5.223721489041029
2008-02-12,26.33,22.39326148643838,3.936738513561618
2008-02-13,24.88,22.58632240981264,2.2936775901873574
2008-02-14,25.54,22.5035677171422,3.036432282857799
2008-02-15,25.02,27.138613081732903,-2.118613081732903
2008-02-19,25.59,28.26485520925244,-2.6748552092524385
2008-02-20,24.4,29.36506291496758,-4.965062914967582
2008-02-21,25.12,29.719672272755705,-4.599672272755704
2008-02-22,24.06,29.670646100144232,-5.610646100144233
2008-02-25,23.03,29.311902701803653,-6.281902701803652
2008-02-26,21.9,29.35541926118591,-7.455419261185913
2008-02-27,22.69,29.432665526588053,-6.742665526588052
2008-02-28,23.53,29.440614803363136,-5.910614803363135
2008-02-29,26.54,30.39876971194729,-3.8587697119472892
2008-03-03,26.28,30.40277618902596,-4.122776189025959
2008-03-04,25.52,30.351099485850654,-4.831099485850654
2008-03-05,24.6,30.31661722554157,-5.716617225541569
2008-03-06,27.55,29.04302463587434,-1.4930246358743382
2008-03-07,27.49,28.838486784157098,-1.3484867841570995
2008-03-10,29.38,28.29173589584074,1.0882641041592578
2008-03-11,26.36,25.736421662694365,0.6235783373056343
2008-03-12,27.22,26.666367581656186,0.5536324183438133
2008-03-13,27.29,26.63970270104387,0.6502972989561293
2008-03-14,31.16,25.515294236986648,5.644705763013352
2008-03-17,32.24,25.99282362499318,6.247176375006823
2008-03-18,25.79,22.14941263329581,3.640587366704189
2008-03-19,29.84,20.759679188272717,9.080320811727283
2008-03-20,26.62,19.555904479210458,7.064095520789543
2008-03-24,25.73,19.16997026601773,6.560029733982269
2008-03-25,25.72,19.153540664848467,6.5664593351515315
2008-03-26,26.08,18.95083006097632,7.129169939023679
2008-03-27,25.88,18.433161421742163,7.446838578257836
2008-03-28,25.71,18.058813914540554,7.651186085459447
2008-03-31,25.61,18.157728932881547,7.452271067118453
2008-04-01,22.68,14.19361264794851,8.486387352051489
2008-04-02,23.43,15.216820955771404,8.213179044228596
2008-04-03,23.21,15.218043238209166,7.991956761790835
2008-04-04,22.45,15.339365045529227,7.110634954470772
2008-04-07,22.42,15.49438866170601,6.925611338293992
2008-04-08,22.36,16.65042702155125,5.709572978448751
2008-04-09,22.81,16.230075785405432,6.579924214594566
2008-04-10,21.98,16.336528394980494,5.643471605019506
2008-04-11,23.46,14.716973873728373,8.743026126271628
2008-04-14,23.82,14.555366020818694,9.264633979181307
2008-04-15,22.78,14.543043697933506,8.236956302066496
2008-04-16,20.53,12.90594746618797,7.624052533812032
2008-04-17,20.37,12.863898320493817,7.506101679506184
2008-04-18,20.13,11.721308800641838,8.408691199358161
2008-04-21,20.5,12.123331225368872,8.376668774631128
2008-04-22,20.87,12.927403451583153,7.942596548416848
2008-04-23,20.26,12.955610367713438,7.304389632286563
2008-04-24,20.06,13.544956256850893,6.515043743149105
2008-04-25,19.59,13.571278495410969,6.018721504589031
2008-04-28,19.64,13.679359634135077,5.960640365864924
2008-04-29,20.24,13.754459640422228,6.4855403595777705
2008-04-30,20.79,13.709603933010023,7.080396066989977
2008-05-01,18.88,12.93314346939692,5.946856530603078
2008-05-02,18.18,12.984786482649774,5.195213517350226
2008-05-05,18.9,12.926238431964817,5.973761568035181
2008-05-06,18.21,14.436108894020027,3.773891105979974
2008-05-07,19.73,16.70661545616,3.023384543839999
2008-05-08,19.4,16.63823908951919,2.7617609104808096
2008-05-09,19.41,16.57458415767962,2.83541584232038
2008-05-12,17.79,16.895024119544917,0.8949758804550818
2008-05-13,17.98,16.95926649357231,1.020733506427689
2008-05-14,17.66,17.911502449543544,-0.25150244954354406
2008-05-15,16.3,17.464879043383167,-1.1648790433831664
2008-05-16,16.47,17.486179685683332,-1.0161796856833334
2008-05-19,17.01,17.67258215428647,-0.6625821542864685
2008-05-20,17.58,17.655156753764732,-0.07515675376473396
2008-05-21,18.59,17.90903012449319,0.6809698755068112
2008-05-22,18.05,17.78867954627337,0.26132045372662915
2008-05-23,19.55,17.446768182101934,2.1032318178980667
2008-05-27,19.64,17.396568627174855,2.243431372825146
2008-05-28,19.07,19.443706436788354,-0.37370643678835336
2008-05-29,18.14,19.129570826341215,-0.9895708263412146
2008-05-30,17.83,19.009978432391893,-1.179978432391895
2008-06-02,19.83,19.03961764321975,0.790382356780249
2008-06-03,20.24,19.88052111993056,0.35947888006943884
2008-06-04,20.8,19.841438455918592,0.9585615440814088
2008-06-05,18.63,17.873465248798436,0.7565347512015634
2008-06-06,23.56,17.6041165640314,5.955883435968598
2008-06-09,23.12,18.52660033573362,4.593399664266382
2008-06-10,23.18,18.90179356569119,4.27820643430881
2008-06-11,24.12,18.4363054867293,5.6836945132707015
2008-06-12,23.33,18.37648279731475,4.953517202685248
2008-06-13,21.22,16.997252719189806,4.222747280810193
2008-06-16,20.95,19.91998493975347,1.0300150602465301
2008-06-17,21.13,20.608772889233478,0.521227110766521
2008-06-18,22.24,20.499598044839924,1.740401955160074
2008-06-19,21.58,20.438551807797065,1.1414481922029331
2008-06-20,22.87,20.467379900710412,2.4026200992895888
2008-06-23,22.64,20.53312737991961,2.1068726200803916
2008-06-24,22.42,21.84822647264543,0.5717735273545728
2008-06-25,21.14,21.7681979042824,-0.6281979042823984
2008-06-26,23.93,20.428409629729,3.501590370271
2008-06-27,23.44,22.075706104222444,1.364293895777557
2008-06-30,23.95,22.79280149520905,1.1571985047909479
2008-07-01,23.65,23.141793361794676,0.5082066382053227
2008-07-02,25.92,22.091331331542786,3.8286686684572153
2008-07-03,24.79,22.427309245649692,2.3626907543503073
2008-07-07,25.78,24.02025894947854,1.7597410505214626
2008-07-08,23.15,23.271887761846997,-0.1218877618469989
2008-07-09,25.23,22.924934023896427,2.305065976103574
2008-07-10,25.59,24.090282688254273,1.4997173117457265
2008-07-11,27.49,23.86649869587082,3.623501304129178
2008-07-14,28.48,23.94567852452721,4.53432147547279
2008-07-15,28.54,23.581078855726755,4.958921144273244
2008-07-16,25.1,22.206026209117283,2.8939737908827183
2008-07-17,25.01,21.96983386373242,3.040166136267583
2008-07-18,24.05,22.669936920953354,1.3800630790466464
2008-07-21,23.05,22.990042192218876,0.05995780778112447
2008-07-22,21.18,22.566557557589597,-1.3865575575895974
2008-07-23,21.31,22.54288180335434,-1.232881803354342
2008-07-24,23.44,21.210618095661516,2.229381904338485
2008-07-25,22.91,22.36799678111574,0.5420032188842612
2008-07-28,24.23,21.383060585426115,2.8469394145738853
2008-07-29,22.03,20.1707649830145,1.859235016985501
2008-07-30,21.21,20.097504322676585,1.112495677323416
2008-07-31,22.94,20.162243922738462,2.7777560772615395
2008-08-01,22.57,20.155475682801534,2.4145243171984667
2008-08-04,23.49,19.74134949794476,3.748650502055238
2008-08-05,21.14,20.164350721012678,0.9756492789873228
2008-08-06,20.23,20.134144133784396,0.09585586621560438
2008-08-07,21.15,20.30296037527543,0.8470396247245695
2008-08-08,20.66,21.819619611716533,-1.1596196117165327
2008-08-11,20.12,21.742985075651525,-1.622985075651524
2008-08-12,21.17,22.118716056769767,-0.948716056769765
2008-08-13,21.55,22.170932321397867,-0.6209323213978664
2008-08-14,20.34,26.536365990843684,-6.196365990843685
2008-08-15,19.58,27.350164898954542,-7.770164898954544
2008-08-18,20.98,30.94624888415404,-9.96624888415404
2008-08-19,21.28,35.12801616943384,-13.84801616943384
2008-08-20,20.42,38.34929464801151,-17.929294648011506
2008-08-21,19.82,40.654306044993625,-20.834306044993625
2008-08-22,18.81,40.59073539614681,-21.780735396146813
2008-08-25,20.97,40.184989734974494,-19.214989734974495
2008-08-26,20.49,40.717341268801,-20.227341268801002
2008-08-27,19.76,40.54598870418633,-20.785988704186327
2008-08-28,19.43,48.56254235519395,-29.132542355193948
2008-08-29,20.65,52.20381020576952,-31.553810205769523
2008-09-02,21.99,52.20417224705325,-30.214172247053252
2008-09-03,21.43,53.82131548002154,-32.39131548002154
2008-09-04,24.03,53.274932191416305,-29.244932191416304
2008-09-05,23.06,54.431476187955866,-31.371476187955867
2008-09-08,22.64,56.28252019943676,-33.64252019943676
2008-09-09,25.47,55.663941649868875,-30.193941649868876
2008-09-10,24.52,59.443893883224106,-34.92389388322411
2008-09-11,24.39,58.71303466863221,-34.32303466863221
2008-09-12,25.66,73.56454227411469,-47.90454227411469
2008-09-15,31.7,72.46487010959177,-40.76487010959177
2008-09-16,30.3,76.92230495766495,-46.62230495766495
2008-09-17,36.22,78.27604231180833,-42.056042311808326
2008-09-18,33.1,75.93297149460179,-42.832971494601786
2008-09-19,32.07,76.18817231040529,-44.11817231040529
2008-09-22,33.85,75.80495392782723,-41.954953927827226
2008-09-23,35.72,77.5527469532834,-41.832746953283404
2008-09-24,35.19,77.67262065876243,-42.48262065876243
2008-09-25,32.82,77.23853157589163,-44.41853157589163
2008-09-26,34.74,77.29733966961612,-42.55733966961612
2008-09-29,46.72,82.80426148453958,-36.08426148453958
2008-09-30,39.39,80.2496691581966,-40.859669158196596
2008-10-01,39.81,81.41302770441601,-41.60302770441601
2008-10-02,45.26,80.97226265827088,-35.71226265827088
2008-10-03,45.14,80.9179502953455,-35.777950295345505
2008-10-06,52.05,81.04832410358654,-28.99832410358654
2008-10-07,53.68,80.46124383826046,-26.78124383826046
2008-10-08,57.53,82.04771148545221,-24.51771148545221
2008-10-09,63.92,78.35947396454374,-14.439473964543737
2008-10-10,69.95,78.4350658825503,-8.485065882550302
2008-10-13,54.99,67.43471331591769,-12.444713315917689
2008-10-14,55.13,69.3667003684045,-14.236700368404492
2008-10-15,69.25,67.3121983001596,1.9378016998404064
2008-10-16,67.61,67.08901370567321,0.5209862943267893
2008-10-17,70.33,67.48761841997396,2.842381580026043
2008-10-20,52.97,65.19117762397,-12.221177623970007
2008-10-21,53.11,67.69924549062574,-14.589245490625743
2008-10-22,69.65,68.54946564343159,1.1005343565684171
2008-10-23,67.8,72.57003100454077,-4.770031004540769
2008-10-24,79.13,75.4759418622915,3.654058137708489
2008-10-27,80.06,74.56939184410723,5.490608155892772
2008-10-28,66.96,67.41690440831593,-0.4569044083159355
2008-10-29,69.96,67.53105241294563,2.428947587054367
2008-10-30,62.9,73.17773595841845,-10.277735958418454
2008-10-31,59.89,74.43064530151548,-14.540645301515482
2008-11-03,53.68,75.22617416830401,-21.546174168304013
2008-11-04,47.73,74.25024929251087,-26.520249292510876
2008-11-05,54.56,74.04493338507375,-19.484933385073745
2008-11-06,63.68,73.42202966412744,-9.742029664127436
2008-11-07,56.1,73.26206467197065,-17.162064671970647
2008-11-10,59.98,73.26329804206203,-13.283298042062036
2008-11-11,61.44,73.56390609531287,-12.123906095312876
2008-11-12,66.46,71.22311619130414,-4.7631161913041495
2008-11-13,59.83,67.32682051010586,-7.496820510105863
2008-11-14,66.31,67.94603299678364,-1.6360329967836407
2008-11-17,69.15,67.31413076019038,1.8358692398096252
2008-11-18,67.64,67.74302916167841,-0.10302916167840692
2008-11-19,74.26,63.38635342090605,10.873646579093958
2008-11-20,80.86,58.54170308421176,22.31829691578824
2008-11-21,72.67,55.496621518791656,17.173378481208346
2008-11-24,64.7,51.36406642780543,13.33593357219457
2008-11-25,60.9,51.31979618042154,9.580203819578458
2008-11-26,54.92,49.57879909800166,5.3412009019983415
2008-11-28,55.84,50.20096413416788,5.6390358658321205
2008-12-01,68.51,38.249260385006245,30.26073961499376
2008-12-02,62.98,37.39803898602182,25.58196101397818
2008-12-03,60.72,36.675160531346116,24.044839468653883
2008-12-04,63.64,34.68494255437088,28.955057445629123
2008-12-05,59.93,34.69891006933804,25.23108993066196
2008-12-08,58.49,32.22390665329095,26.26609334670905
2008-12-09,58.91,32.20589635454988,26.704103645450118
2008-12-10,55.73,32.91615165841854,22.813848341581455
2008-12-11,55.78,31.253607791741565,24.526392208258436
2008-12-12,54.28,33.2510739676181,21.028926032381904
2008-12-15,56.76,32.900861994786844,23.859138005213154
2008-12-16,52.37,27.19688217424949,25.173117825750506
2008-12-17,49.84,32.324630856361075,17.515369143638928
2008-12-18,47.34,35.65280073149948,11.687199268500521
2008-12-19,44.93,35.9271679930385,9.002832006961498
2008-12-22,44.56,35.52505876138715,9.034941238612852
2008-12-23,45.02,35.51008138543208,9.509918614567923
2008-12-24,44.21,35.68413597104475,8.525864028955247
2008-12-26,43.38,37.49008348883754,5.889916511162461
2008-12-29,43.9,39.13349920464576,4.76650079535424
2008-12-30,41.63,38.62332093437863,3.0066790656213698
2008-12-31,40.0,37.96810398215864,2.031896017841362
2009-01-02,39.19,36.44874483435623,2.7412551656437643
2009-01-05,39.08,36.445162641975,2.6348373580249955
2009-01-06,38.56,36.875232338251244,1.684767661748758
2009-01-07,43.39,37.27883742822474,6.11116257177526
2009-01-08,42.56,37.21639477434656,5.343605225653441
2009-01-09,42.82,39.73832356806223,3.0816764319377725
2009-01-12,45.84,39.22785285992607,6.612147140073937
2009-01-13,43.27,39.229287528580095,4.0407124714199085
2009-01-14,49.14,37.548728340651024,11.591271659348976
2009-01-15,51.0,40.368249404699355,10.631750595300645
2009-01-16,46.11,40.194407073621704,5.915592926378295
2009-01-20,56.65,36.081313169007714,20.568686830992284
2009-01-21,46.42,32.67293375257279,13.747066247427213
2009-01-22,47.29,34.120467171479504,13.169532828520495
2009-01-23,47.27,37.388042473496924,9.88195752650308
2009-01-26,45.69,37.37358050816124,8.316419491838758
2009-01-27,42.25,37.20349338435855,5.046506615641448
2009-01-28,39.66,34.875824291334126,4.78417570866587
2009-01-29,42.63,36.61876240399191,6.011237596008094
2009-01-30,44.84,36.29098400429521,8.549015995704792
2009-02-02,45.52,37.8400993656202,7.6799006343798055
2009-02-03,43.06,38.96603598006873,4.093964019931271
2009-02-04,43.85,39.143019301019834,4.706980698980168
2009-02-05,43.73,38.09420743367699,5.635792566323005
2009-02-06,43.37,44.098587732488795,-0.7285877324887977
2009-02-09,43.64,44.174455514471376,-0.5344555144713752
2009-02-10,46.67,45.08906785463645,1.5809321453635548
2009-02-11,44.53,45.08588337828161,-0.5558833782816066
2009-02-12,41.25,45.016942144041835,-3.7669421440418347
2009-02-13,42.93,46.70143980649858,-3.7714398064985772
2009-02-17,48.66,44.89027021527058,3.769729784729414
2009-02-18,48.46,45.03384460602947,3.4261553939705323
2009-02-19,47.08,45.38305366543782,1.6969463345621776
2009-02-20,49.3,51.02710573802916,-1.7271057380291595
2009-02-23,52.62,49.86675766480119,2.753242335198806
2009-02-24,45.49,48.21408010114897,-2.724080101148971
2009-02-25,44.67,48.58016755837724,-3.910167558377239
2009-02-26,44.66,48.866845202038654,-4.206845202038657
2009-02-27,46.35,50.065832660608066,-3.715832660608065
2009-03-02,52.65,46.47584404827962,6.17415595172038
2009-03-03,50.93,46.298658295894576,4.631341704105424
2009-03-04,47.56,46.63931774801179,0.920682251988211
2009-03-05,50.17,42.889837957259836,7.280162042740166
2009-03-06,49.33,43.35113147312313,5.978868526876866
2009-03-09,49.68,44.40379578369407,5.276204216305928
2009-03-10,44.37,39.87513661418613,4.494863385813865
2009-03-11,43.61,41.342259735046014,2.2677402649539857
2009-03-12,41.18,39.62734964642485,1.552650353575153
2009-03-13,42.36,40.73394211219935,1.6260578878006484
2009-03-16,43.74,40.56435035841209,3.17564964158791
2009-03-17,40.8,39.69742712065869,1.1025728793413094
2009-03-18,40.06,39.27451845662793,0.7854815433720717
2009-03-19,43.68,42.4205445509603,1.2594554490396987
2009-03-20,45.89,42.01870012268357,3.8712998773164315
2009-03-23,43.23,35.2029993040367,8.027000695963295
2009-03-24,42.93,34.374376503436515,8.555623496563484
2009-03-25,42.25,34.684890658613995,7.565109341386005
2009-03-26,40.36,33.881880113122534,6.478119886877465
2009-03-27,41.04,32.96067293002387,8.07932706997613
2009-03-30,45.54,30.757268409272104,14.782731590727895
2009-03-31,44.14,30.695054324760658,13.444945675239342
2009-04-01,42.28,30.399012483960853,11.880987516039148
2009-04-02,42.04,30.7319215149331,11.3080784850669
2009-04-03,39.7,30.753825127941532,8.94617487205847
2009-04-06,40.93,30.59507803552734,10.33492196447266
2009-04-07,40.39,29.563565414205495,10.826434585794505
2009-04-08,38.85,30.228271535104472,8.62172846489553
2009-04-09,36.53,28.961107713621864,7.568892286378137
2009-04-13,37.81,29.043780745626208,8.766219254373794
2009-04-14,37.67,30.078678827368865,7.591321172631137
2009-04-15,36.17,30.075020199494602,6.094979800505399
2009-04-16,35.79,29.894986201702928,5.895013798297072
2009-04-17,33.94,31.65500339598794,2.2849966040120577
2009-04-20,39.18,27.028693642127944,12.151306357872055
2009-04-21,37.14,26.425101702737265,10.714898297262735
2009-04-22,38.1,27.149607731972996,10.950392268027006
2009-04-23,37.15,27.144416000349096,10.005583999650902
2009-04-24,36.82,28.090859011429465,8.729140988570535
2009-04-27,38.32,28.703814380670874,9.616185619329126
2009-04-28,37.95,28.90814279748888,9.041857202511125
2009-04-29,36.08,28.1732298467891,7.9067701532109
2009-04-30,36.5,29.413511181088325,7.0864888189116755
2009-05-01,35.3,29.414392395560508,5.885607604439489
2009-05-04,34.53,27.913016318556622,6.616983681443379
2009-05-05,33.36,28.08540546262432,5.27459453737568
2009-05-06,32.45,27.74887024727328,4.701129752726722
2009-05-07,33.44,27.198949244410308,6.24105075558969
2009-05-08,32.05,25.943440789533067,6.10655921046693
2009-05-11,32.87,24.85085511607213,8.019144883927869
2009-05-12,31.8,24.824922960605704,6.9750770393942965
2009-05-13,33.65,22.07391764050976,11.57608235949024
2009-05-14,31.37,23.842465476540138,7.527534523459863
2009-05-15,33.12,24.066323358585713,9.053676641414285
2009-05-18,30.24,21.56509123560595,8.674908764394047
2009-05-19,28.8,21.698577833581826,7.101422166418175
2009-05-20,29.03,21.621555910711155,7.408444089288846
2009-05-21,31.35,23.527157074326016,7.822842925673985
2009-05-22,32.63,23.516244598149775,9.113755401850227
2009-05-26,30.62,21.521309439715992,9.098690560284009
2009-05-27,32.36,21.83823069756358,10.521769302436418
2009-05-28,31.67,21.408579588567022,10.26142041143298
2009-05-29,28.92,21.068921187379495,7.851078812620507
2009-06-01,30.04,18.849125178639163,11.190874821360836
2009-06-02,29.63,18.93838007856028,10.69161992143972
2009-06-03,31.02,20.869724483088152,10.150275516911847
2009-06-04,30.18,20.303713945975723,9.876286054024277
2009-06-05,29.62,21.140736978639346,8.479263021360655
2009-06-08,29.77,21.141364194394104,8.628635805605896
2009-06-09,28.27,21.080924078417652,7.189075921582347
2009-06-10,28.46,21.08069353697855,7.37930646302145
2009-06-11,28.11,22.929047952324776,5.180952047675223
2009-06-12,28.15,23.08764084959763,5.062359150402369
2009-06-15,30.81,24.135062461075353,6.674937538924645
2009-06-16,32.68,23.76427486796112,8.91572513203888
2009-06-17,31.54,23.76053282230869,7.779467177691309
2009-06-18,30.03,23.946730883358764,6.083269116641237
2009-06-19,27.99,23.94381423249037,4.046185767509627
2009-06-22,31.17,20.82209499546115,10.347905004538852
2009-06-23,30.58,21.942134809539567,8.637865190460431
2009-06-24,29.05,21.909953902279394,7.140046097720607
2009-06-25,26.36,20.95519219668501,5.404807803314988
2009-06-26,25.93,21.013130180913272,4.9168698190867275
2009-06-29,25.35,21.103939916518158,4.246060083481844
2009-06-30,26.35,21.026677340940207,5.323322659059794
2009-07-01,26.22,21.041795550760593,5.178204449239406
2009-07-02,27.95,17.8691242090934,10.0808757909066
2009-07-06,29.0,17.76575920134031,11.234240798659691
2009-07-07,30.85,15.673687504860101,15.1763124951399
2009-07-08,31.3,16.029963193969216,15.270036806030785
2009-07-09,29.78,16.23589726501149,13.54410273498851
2009-07-10,29.02,16.220220713665015,12.799779286334985
2009-07-13,26.31,16.227025605452404,10.082974394547595
2009-07-14,25.02,16.40917182553732,8.610828174462679
2009-07-15,25.89,13.832531221725402,12.057468778274599
2009-07-16,25.42,14.50624968763492,10.913750312365082
2009-07-17,24.34,17.423621896724242,6.916378103275758
2009-07-20,24.4,17.369708114991695,7.030291885008303
2009-07-21,23.87,17.455040532751802,6.414959467248199
2009-07-22,23.47,17.64063604295515,5.829363957044848
2009-07-23,23.43,16.91932268147896,6.51067731852104
2009-07-24,23.09,16.953955290728132,6.136044709271868
2009-07-27,24.28,16.953247476516363,7.326752523483638
2009-07-28,25.01,16.904964951161787,8.105035048838214
2009-07-29,25.61,16.71316128085912,8.89683871914088
2009-07-30,25.4,16.40172551898149,8.998274481018509
2009-07-31,25.92,16.807819608741898,9.112180391258104
2009-08-03,25.56,17.72211499793433,7.8378850020656685
2009-08-04,24.89,17.699552536717107,7.190447463282894
2009-08-05,24.9,17.986428216853085,6.913571783146914
2009-08-06,25.67,18.37054925689509,7.299450743104913
2009-08-07,24.76,17.96072047552683,6.799279524473171
2009-08-10,24.99,18.116950074447097,6.873049925552902
2009-08-11,25.99,17.66372214455403,8.32627785544597
2009-08-12,25.45,17.343549809655705,8.106450190344294
2009-08-13,24.71,17.314022063056537,7.3959779369434635
2009-08-14,24.27,16.815285903011233,7.454714096988766
2009-08-17,27.89,14.206542154937212,13.683457845062788
2009-08-18,26.18,14.20594664216391,11.97405335783609
2009-08-19,26.26,14.155567102734109,12.104432897265893
2009-08-20,25.09,14.101633947880234,10.988366052119765
2009-08-21,25.01,13.030475048900115,11.979524951099886
2009-08-24,25.14,13.678504304199654,11.461495695800346
2009-08-25,24.92,14.338171431532285,10.581828568467717
2009-08-26,24.95,14.576880324678825,10.373119675321174
2009-08-27,24.68,15.70425165361306,8.97574834638694
2009-08-28,24.76,15.68592107592055,9.074078924079451
2009-08-31,26.01,15.382276814568396,10.627723185431606
2009-09-01,29.15,16.255493840545373,12.894506159454625
2009-09-02,28.9,16.360922956850832,12.539077043149167
2009-09-03,27.1,16.800860692238615,10.299139307761386
2009-09-04,25.26,16.87919903312976,8.380800966870243
2009-09-08,25.62,16.69183752616855,8.928162473831453
2009-09-09,24.32,16.659757501236584,7.660242498763417
2009-09-10,23.55,16.40022926669041,7.149770733309591
2009-09-11,24.15,16.39383298682796,7.756167013172039
2009-09-14,23.86,16.339921664439174,7.520078335560825
2009-09-15,23.42,17.212360674817635,6.207639325182367
2009-09-16,23.69,16.505082853473006,7.184917146526995
2009-09-17,23.65,16.75493240810027,6.895067591899728
2009-09-18,23.92,17.004279461359385,6.915720538640617
2009-09-21,24.06,17.202318448395516,6.8576815516044825
2009-09-22,23.08,17.40181369857777,5.67818630142223
2009-09-23,23.49,17.297210179679514,6.192789820320485
2009-09-24,24.95,17.454414914284825,7.495585085715174
2009-09-25,25.61,17.8488688717243,7.7611311282757
2009-09-28,24.88,16.87355682717811,8.00644317282189
2009-09-29,25.19,18.43484743630956,6.755152563690441
2009-09-30,25.61,20.001081970733704,5.608918029266295
2009-10-01,28.27,20.285812776421082,7.9841872235789175
2009-10-02,28.68,20.264269046773162,8.415730953226838
2009-10-05,26.84,19.652096071412046,7.187903928587954
2009-10-06,25.7,18.995065675064378,6.704934324935621
2009-10-07,24.68,20.320701759535986,4.359298240464014
2009-10-08,24.18,20.12798350555785,4.0520164944421495
2009-10-09,23.12,21.414898552176446,1.705101447823555
2009-10-12,23.01,21.393482185002252,1.6165178149977493
2009-10-13,22.99,21.42956369131226,1.5604363086877377
2009-10-14,22.86,20.977144705607788,1.8828552943922112
2009-10-15,21.72,21.06473735891357,0.6552626410864306
2009-10-16,21.43,21.551837972665087,-0.12183797266508734
2009-10-19,21.49,21.32998171588548,0.16001828411451768
2009-10-20,20.9,21.16515910641847,-0.26515910641847285
2009-10-21,22.22,21.5231410347098,0.6968589652902004
2009-10-22,20.69,21.25839881082319,-0.5683988108231901
2009-10-23,22.27,21.23982485803517,1.030175141964829
2009-10-26,24.31,20.73398369826717,3.576016301732828
2009-10-27,24.83,20.60946578638099,4.220534213619008
2009-10-28,27.91,20.059996011963925,7.850003988036075
2009-10-29,24.76,18.77924599125345,5.980754008746551
2009-10-30,30.69,15.966385940469069,14.723614059530933
2009-11-02,29.78,15.956642503985869,13.823357496014133
2009-11-03,28.81,16.45175856861535,12.358241431384648
2009-11-04,27.72,16.50909930916913,11.210900690830869
2009-11-05,25.43,15.262507002455683,10.167492997544317
2009-11-06,24.19,15.773591854742811,8.41640814525719
2009-11-09,23.15,13.938819175238946,9.211180824761053
2009-11-10,22.84,14.029641477956908,8.810358522043092
2009-11-11,23.04,13.994764735429063,9.045235264570936
2009-11-12,24.24,13.553361206726866,10.686638793273133
2009-11-13,23.36,13.584208478965893,9.775791521034106
2009-11-16,22.89,12.499849599095539,10.390150400904462
2009-11-17,22.41,13.142292037540829,9.267707962459172
2009-11-18,21.63,13.360874222894584,8.269125777105415
2009-11-19,22.63,12.811782077447651,9.818217922552348
2009-11-20,22.19,12.749701172969063,9.440298827030938
2009-11-23,21.16,12.08603160677684,9.07396839322316
2009-11-24,20.47,12.141930653730846,8.328069346269153
2009-11-25,20.48,12.07700293947173,8.40299706052827
2009-11-27,24.85,10.067939213166152,14.78206078683385
2009-11-30,24.51,10.090072348601307,14.419927651398694
2009-12-01,21.92,10.037738789189968,11.882261210810034
2009-12-02,21.12,11.498135501028363,9.621864498971638
2009-12-03,22.46,10.911722137225116,11.548277862774885
2009-12-04,21.25,10.759273209655413,10.490726790344587
2009-12-07,22.1,10.724888810612846,11.375111189387155
2009-12-08,23.69,9.836493277586712,13.85350672241329
2009-12-09,22.66,9.842834957470767,12.817165042529233
2009-12-10,22.32,10.697261331761915,11.622738668238085
2009-12-11,21.59,10.9155705302109,10.6744294697891
2009-12-14,21.15,10.711224019691153,10.438775980308845
2009-12-15,21.49,11.4087124602213,10.081287539778698
2009-12-16,20.54,12.050115352145335,8.489884647854664
2009-12-17,22.51,11.809213352294414,10.700786647705588
2009-12-18,21.68,13.442374790192723,8.237625209807277
2009-12-21,20.49,15.022630928036845,5.467369071963153
2009-12-22,19.54,14.999223979926732,4.540776020073267
2009-12-23,19.71,14.963655970384016,4.746344029615985
2009-12-24,19.47,14.979309730425136,4.490690269574863
2009-12-28,19.93,15.411573573130333,4.518426426869667
2009-12-29,20.01,15.657313945885143,4.352686054114859
2009-12-30,19.96,16.601502341655987,3.358497658344014
2009-12-31,21.68,16.91388187259238,4.766118127407619
2010-01-04,20.04,15.760166242778318,4.279833757221681
2010-01-05,19.35,18.76846930359558,0.5815306964044211
2010-01-06,19.16,18.823017823930613,0.3369821760693874
2010-01-07,19.06,18.720701909918063,0.339298090081936
2010-01-08,18.13,19.48426749970369,-1.3542674997036919
2010-01-11,17.55,19.427739961200057,-1.8777399612000565
2010-01-12,18.25,19.881598527281692,-1.6315985272816924
2010-01-13,17.85,19.51166727883626,-1.6616672788362585
2010-01-14,17.63,20.66665139784405,-3.03665139784405
2010-01-15,17.91,20.510448069216075,-2.6004480692160747
2010-01-19,17.58,20.086311757015256,-2.5063117570152578
2010-01-20,18.68,19.897993868729813,-1.2179938687298133
2010-01-21,22.27,18.96388567778263,3.3061143222173683
2010-01-22,27.31,17.928076305058752,9.381923694941246
2010-01-25,25.41,18.167411483202798,7.242588516797202
2010-01-26,24.55,18.08627656539646,6.463723434603541
2010-01-27,23.14,18.014044520873405,5.1259554791265955
2010-01-28,23.73,17.83078798034481,5.899212019655192
2010-01-29,24.62,17.33914184727747,7.28085815272253
2010-02-01,22.59,16.827769905724548,5.762230094275452
2010-02-02,21.48,16.42398490013946,5.0560150998605415
2010-02-03,21.6,16.843678933059987,4.756321066940014
2010-02-04,26.08,11.636339630657421,14.443660369342577
2010-02-05,26.11,11.647224562100986,14.462775437899014
2010-02-08,26.51,10.857181954817205,15.652818045182796
2010-02-09,26.0,10.360907296178674,15.639092703821326
2010-02-10,25.4,10.270608550617071,15.129391449382927
2010-02-11,23.96,10.012062724534267,13.947937275465733
2010-02-12,22.73,9.999319976878853,12.730680023121147
2010-02-16,22.25,8.727501360642036,13.522498639357964
2010-02-17,21.72,8.83072816929661,12.88927183070339
2010-02-18,20.63,9.29012378819619,11.339876211803809
2010-02-19,20.02,9.406519016087126,10.613480983912874
2010-02-22,19.94,9.51058357830941,10.429416421690592
2010-02-23,21.37,8.394969922519591,12.97503007748041
2010-02-24,20.27,8.332125779175964,11.937874220824035
2010-02-25,20.1,8.240776662427434,11.859223337572567
2010-02-26,19.5,8.282419936226889,11.217580063773111
2010-03-01,19.26,7.659864228562325,11.600135771437676
2010-03-02,19.06,7.941773101770712,11.118226898229286
2010-03-03,18.83,8.131966551825501,10.698033448174497
2010-03-04,18.72,8.47890087216549,10.24109912783451
2010-03-05,17.42,7.375152879771971,10.044847120228031
2010-03-08,17.79,7.740728647873454,10.049271352126546
2010-03-09,17.92,7.750643844224091,10.169356155775912
2010-03-10,18.57,7.827459357927628,10.742540642072372
2010-03-11,18.06,7.786264829814667,10.273735170185333
2010-03-12,17.58,7.760770580297345,9.819229419702653
2010-03-15,18.0,8.499108188510645,9.500891811489355
2010-03-16,17.69,8.299043318359578,9.390956681640423
2010-03-17,16.91,10.188293281998165,6.721706718001835
2010-03-18,16.62,10.165217164429343,6.454782835570658
2010-03-19,16.97,10.07511191004888,6.8948880899511185
2010-03-22,16.87,9.980328651903646,6.889671348096355
2010-03-23,16.35,9.754685028231764,6.5953149717682376
2010-03-24,17.55,9.508495149076367,8.041504850923634
2010-03-25,18.4,9.635303835375861,8.764696164624137
2010-03-26,17.77,13.095490826998772,4.674509173001228
2010-03-29,17.59,13.081848493237072,4.508151506762928
2010-03-30,17.13,13.761786221272617,3.368213778727382
2010-03-31,17.59,15.150378213101115,2.4396217868988845
2010-04-01,17.47,15.620678602417021,1.8493213975829779
2010-04-05,17.02,17.758918886013564,-0.7389188860135647
2010-04-06,16.23,17.90598782530607,-1.6759878253060698
2010-04-07,16.62,21.025932559580074,-4.405932559580073
2010-04-08,16.48,21.582887665926673,-5.102887665926673
2010-04-09,16.14,27.08004357455891,-10.94004357455891
2010-04-12,15.58,27.04838553407595,-11.468385534075951
2010-04-13,16.2,27.738930765262186,-11.538930765262187
2010-04-14,15.59,27.53295552606021,-11.94295552606021
2010-04-15,15.89,28.140334752806506,-12.250334752806506
2010-04-16,18.36,27.796601950598376,-9.436601950598376
2010-04-19,17.34,28.03994793147822,-10.69994793147822
2010-04-20,15.73,27.734887776949986,-12.004887776949985
2010-04-21,16.32,30.414480761637382,-14.094480761637382
2010-04-22,16.47,31.03178499538836,-14.561784995388361
2010-04-23,16.62,30.804752230784306,-14.184752230784305
2010-04-26,17.47,30.861185330443973,-13.391185330443975
2010-04-27,22.81,30.182065535678802,-7.372065535678804
2010-04-28,21.08,32.94407807178719,-11.86407807178719
2010-04-29,18.44,32.48420354572373,-14.044203545723729
2010-04-30,22.05,32.57291267295589,-10.522912672955886
2010-05-03,20.19,33.74400213371274,-13.55400213371274
2010-05-04,23.84,32.99681075498069,-9.156810754980693
2010-05-05,24.91,34.97587968872276,-10.065879688722763
2010-05-06,32.8,33.663053337450094,-0.863053337450097
2010-05-07,40.95,33.49003254701329,7.45996745298671
2010-05-10,28.84,28.898608270987896,-0.05860827098789656
2010-05-11,28.32,31.168070200126436,-2.848070200126436
2010-05-12,25.52,30.57953629471856,-5.059536294718562
2010-05-13,26.68,30.449478813273796,-3.769478813273796
2010-05-14,31.24,31.132600276880336,0.10739972311966284
2010-05-17,30.84,31.126409365681894,-0.28640936568189446
2010-05-18,33.55,30.74669152933384,2.803308470666156
2010-05-19,35.32,30.664269761401613,4.655730238598387
2010-05-20,45.79,27.05884254730806,18.73115745269194
2010-05-21,40.1,27.38058436191618,12.71941563808382
2010-05-24,38.32,27.040636087193082,11.279363912806918
2010-05-25,34.61,27.71063478161424,6.899365218385761
2010-05-26,35.02,27.720158008207836,7.299841991792167
2010-05-27,29.68,24.84741435240313,4.8325856475968685
2010-05-28,32.07,26.885490510682697,5.184509489317303
2010-06-01,35.54,26.349697531471012,9.190302468528987
2010-06-02,30.17,24.304668687312105,5.865331312687896
2010-06-03,29.46,24.109878473356304,5.350121526643697
2010-06-04,35.48,21.081476229145085,14.398523770854911
2010-06-07,36.57,23.437887276800545,13.132112723199455
2010-06-08,33.7,23.481575756324553,10.21842424367545
2010-06-09,33.73,23.543799183649377,10.18620081635062
2010-06-10,30.57,21.165286674174983,9.404713325825018
2010-06-11,28.79,21.97454709430911,6.81545290569089
2010-06-14,28.58,21.973700644179374,6.606299355820624
2010-06-15,25.87,20.268653630668446,5.601346369331555
2010-06-16,25.92,22.55116848413867,3.3688315158613307
2010-06-17,25.05,22.684666186655893,2.365333813344108
2010-06-18,23.95,23.200467236674548,0.7495327633254512
2010-06-21,24.88,23.5217218757473,1.3582781242526991
2010-06-22,27.05,24.491455652941678,2.558544347058323
2010-06-23,26.91,24.72798657392083,2.1820134260791697
2010-06-24,29.74,24.21534141820033,5.524658581799667
2010-06-25,28.53,24.238376183234895,4.291623816765107
2010-06-28,29.0,24.451463759865348,4.548536240134652
2010-06-29,34.13,21.280207705753444,12.849792294246559
2010-06-30,34.54,20.804850396001605,13.735149603998394
2010-07-01,32.86,21.483865573960568,11.376134426039432
2010-07-02,30.12,21.517804720742497,8.602195279257504
2010-07-06,29.65,21.538094623248547,8.111905376751452
2010-07-07,26.84,19.249127772447466,7.590872227552534
2010-07-08,25.71,19.203715265541934,6.506284734458067
2010-07-09,24.98,19.1434260256624,5.8365739743376
2010-07-12,24.43,19.430849698353605,4.999150301646395
2010-07-13,24.56,21.32420596411526,3.2357940358847372
2010-07-14,24.89,21.38714567210896,3.50285432789104
2010-07-15,25.14,21.432209405472154,3.7077905945278467
2010-07-16,26.25,18.72217295080912,7.527827049190879
2010-07-19,25.97,19.14938641314673,6.82061358685327
2010-07-20,23.93,18.718522377581216,5.2114776224187835
2010-07-21,25.64,19.17802179579554,6.46197820420446
2010-07-22,24.63,17.21827865961081,7.411721340389189
2010-07-23,23.47,16.76065392519066,6.709346074809339
2010-07-26,22.73,16.55665545936163,6.173344540638372
2010-07-27,23.19,16.7536109540603,6.436389045939702
2010-07-28,24.25,16.725158295215305,7.524841704784695
2010-07-29,24.13,18.19065364411101,5.93934635588899
2010-07-30,23.5,18.79286779605522,4.707132203944781
2010-08-02,22.01,16.843639749175637,5.166360250824365
2010-08-03,22.63,20.464471652109886,2.1655283478901133
2010-08-04,22.21,20.60599815587707,1.60400184412293
2010-08-05,22.1,21.239468919914387,0.8605310800856145
2010-08-06,21.74,21.601111082534832,0.13888891746516663
2010-08-09,22.14,21.61411483267379,0.5258851673262122
2010-08-10,22.37,21.54899255185748,0.8210074481425202
2010-08-11,25.39,18.911161783454997,6.478838216545004
2010-08-12,25.73,19.204708797584217,6.525291202415783
2010-08-13,26.24,19.082097369000316,7.157902630999683
2010-08-16,26.1,19.083568848619713,7.016431151380289
2010-08-17,24.33,18.692097795592893,5.637902204407105
2010-08-18,24.59,18.69130814041673,5.89869185958327
2010-08-19,26.44,17.983135432955187,8.456864567044814
2010-08-20,25.49,17.996002889531006,7.493997110468992
2010-08-23,25.66,18.007568408866543,7.652431591133457
2010-08-24,27.46,17.276461443247232,10.183538556752769
2010-08-25,26.7,18.418302853412094,8.281697146587906
2010-08-26,27.37,18.20173288453624,9.16826711546376
2010-08-27,24.45,17.515081501380696,6.934918498619304
2010-08-30,27.21,16.210633547150714,10.999366452849287
2010-08-31,26.05,16.32991610511236,9.72008389488764
2010-09-01,23.89,13.291103791634773,10.598896208365227
2010-09-02,23.19,13.680425431981579,9.509574568018422
2010-09-03,21.31,14.683611272435959,6.62638872756404
2010-09-07,23.8,13.730997050469727,10.069002949530274
2010-09-08,23.25,13.769169909620851,9.480830090379149
2010-09-09,22.81,13.852842307628002,8.957157692371997
2010-09-10,21.99,13.866509293979085,8.123490706020913
2010-09-13,21.21,13.365664966622811,7.84433503337719
2010-09-14,21.56,13.45361364095195,8.106386359048049
2010-09-15,22.1,13.633266666503976,8.466733333496025
2010-09-16,21.72,13.590620294894876,8.129379705105123
2010-09-17,22.01,13.671435915806665,8.338564084193337
2010-09-20,21.5,14.342388922352114,7.157611077647886
2010-09-21,22.35,14.61321319901987,7.736786800980131
2010-09-22,22.51,14.394027928276662,8.11597207172334
2010-09-23,23.87,13.93627066327317,9.933729336726831
2010-09-24,21.71,12.05256985045134,9.657430149548661
2010-09-27,22.54,11.848447999633056,10.691552000366944
2010-09-28,22.6,11.857468532532929,10.742531467467073
2010-09-29,23.25,11.802311637980441,11.447688362019559
2010-09-30,23.7,11.706464880569564,11.993535119430435
2010-10-01,22.5,11.689087218427648,10.810912781572352
2010-10-04,23.53,11.308278383556377,12.221721616443624
2010-10-05,21.76,9.088432208032838,12.671567791967163
2010-10-06,21.49,10.90003669718632,10.589963302813679
2010-10-07,21.56,10.799799998148503,10.760200001851496
2010-10-08,20.71,10.759111487479275,9.950888512520725
2010-10-11,18.96,11.320204945141612,7.639795054858389
2010-10-12,18.93,11.35857737571077,7.57142262428923
2010-10-13,19.07,11.326897192082598,7.743102807917403
2010-10-14,19.88,12.27536557500463,7.6046344249953695
2010-10-15,19.03,12.294223033604391,6.73577696639561
2010-10-18,19.09,13.387199856579754,5.702800143420246
2010-10-19,20.63,11.931635260935899,8.6983647390641
2010-10-20,19.79,12.586726341666795,7.203273658333204
2010-10-21,19.27,12.606445970217328,6.663554029782672
2010-10-22,18.78,12.598328460554153,6.181671539445848
2010-10-25,19.85,13.568656528927574,6.281343471072427
2010-10-26,20.22,14.629672586903947,5.590327413096052
2010-10-27,20.71,14.82865739033743,5.881342609662571
2010-10-28,20.88,14.845726657863834,6.034273342136165
2010-10-29,21.2,15.023649356930857,6.176350643069142
2010-11-01,21.83,16.66737291836985,5.1626270816301485
2010-11-02,21.57,16.895794743071683,4.6742052569283175
2010-11-03,19.56,16.890989313832648,2.6690106861673506
2010-11-04,18.52,15.588133948616456,2.931866051383544
2010-11-05,18.26,15.536262098716309,2.723737901283693
2010-11-08,18.29,15.553584795795755,2.736415204204244
2010-11-09,19.08,15.288387750185068,3.7916122498149303
2010-11-10,18.47,15.343397277005138,3.1266027229948605
2010-11-11,18.64,15.266233327183516,3.373766672816485
2010-11-12,20.61,14.360733964530104,6.249266035469896
2010-11-15,20.2,14.529868547237742,5.6701314527622575
2010-11-16,22.58,13.135647681024656,9.444352318975342
2010-11-17,21.76,13.12142522746704,8.638574772532962
2010-11-18,18.75,12.263727002832725,6.486272997167275
2010-11-19,18.04,12.359655335000587,5.680344664999412
2010-11-22,18.37,12.320767833215934,6.049232166784067
2010-11-23,20.63,10.9124204464458,9.717579553554199
2010-11-24,19.56,9.894659165429017,9.665340834570982
2010-11-26,22.22,9.36705503346748,12.852944966532519
2010-11-29,21.53,9.257457534334597,12.272542465665405
2010-11-30,23.54,8.803624253681456,14.736375746318544
2010-12-01,21.36,5.997669547416608,15.362330452583391
2010-12-02,19.39,5.892608929838169,13.497391070161832
2010-12-03,18.01,6.088724004256439,11.921275995743564
2010-12-06,18.02,6.200683833256501,11.819316166743498
2010-12-07,17.99,6.317632467943078,11.67236753205692
2010-12-08,17.74,6.457525841993092,11.282474158006906
2010-12-09,17.25,6.428023024228261,10.82197697577174
2010-12-10,17.61,6.215152451871849,11.394847548128151
2010-12-13,17.55,6.644224559721668,10.905775440278333
2010-12-14,17.61,6.758807587142026,10.851192412857973
2010-12-15,17.94,6.529707497277999,11.410292502722001
2010-12-16,17.39,6.303113516351148,11.086886483648852
2010-12-17,16.11,8.053943133646317,8.056056866353682
2010-12-20,16.41,8.180782358675037,8.229217641324963
2010-12-21,16.49,7.918643823282415,8.571356176717583
2010-12-22,15.45,8.138471600983117,7.311528399016883
2010-12-23,16.47,8.088287828706934,8.381712171293065
2010-12-27,17.67,8.259670695615453,9.410329304384549
2010-12-28,17.52,8.255550859876562,9.264449140123437
2010-12-29,17.28,10.845493073162178,6.434506926837823
2010-12-30,17.52,11.066403209715824,6.453596790284175
2010-12-31,17.75,12.43069105078268,5.319308949217319
2011-01-03,17.61,11.96532991605366,5.644670083946339
2011-01-04,17.38,11.896554122938653,5.483445877061346
2011-01-05,17.02,11.792755403212968,5.227244596787031
2011-01-06,17.4,11.911946944140098,5.4880530558599006
2011-01-07,17.14,11.87923229842773,5.26076770157227
2011-01-10,17.54,11.987713710295578,5.552286289704421
2011-01-11,16.89,11.965259713019545,4.924740286980455
2011-01-12,16.24,11.837104375648996,4.402895624351002
2011-01-13,16.39,11.78003395580881,4.609966044191191
2011-01-14,15.46,11.78275859041543,3.677241409584571
2011-01-18,15.87,11.93479786171549,3.9352021382845095
2011-01-19,17.31,10.812847913478134,6.497152086521865
2011-01-20,17.99,10.655404262626943,7.334595737373055
2011-01-21,18.47,13.610379862443539,4.85962013755646
2011-01-24,17.65,13.832652674017693,3.817347325982306
2011-01-25,17.59,13.831845863803165,3.7581541361968345
2011-01-26,16.64,14.287724801381382,2.352275198618619
2011-01-27,16.15,14.319060025015911,1.8309399749840871
2011-01-28,20.04,13.822455642902556,6.217544357097443
2011-01-31,19.53,13.667261613066778,5.8627383869332235
2011-02-01,17.63,13.682464690252585,3.9475353097474137
2011-02-02,17.3,13.892468463164088,3.407531536835913
2011-02-03,16.69,14.335384194363568,2.354615805636433
2011-02-04,15.93,14.6815598626307,1.2484401373693004
2011-02-07,16.28,14.513730051231105,1.7662699487688958
2011-02-08,15.81,15.883738854564722,-0.07373885456472173
2011-02-09,15.87,16.090903020029952,-0.22090302002995266
2011-02-10,16.09,16.184614916642566,-0.09461491664256627
2011-02-11,15.69,16.27300586861595,-0.5830058686159507
2011-02-14,15.95,17.0875884781911,-1.1375884781911019
2011-02-15,16.37,17.73628145920134,-1.366281459201339
2011-02-16,16.72,17.630490634126133,-0.9104906341261341
2011-02-17,16.59,18.5960447407509,-2.0060447407509017
2011-02-18,16.43,18.582236679151656,-2.152236679151656
2011-02-22,20.8,17.10963237477676,3.6903676252232422
2011-02-23,22.13,17.230630864829322,4.8993691351706765
2011-02-24,21.32,17.27913539503666,4.040864604963339
2011-02-25,19.22,16.793659517806383,2.4263404821936163
2011-02-28,18.35,16.92989072616858,1.4201092738314216
2011-03-01,21.01,16.124557668351983,4.885442331648019
2011-03-02,20.7,16.12847543942107,4.571524560578929
2011-03-03,18.6,15.044936689797295,3.5550633102027067
2011-03-04,19.06,14.828487448152247,4.231512551847752
2011-03-07,20.66,14.352049331019199,6.307950668980801
2011-03-08,19.82,14.018213866253031,5.801786133746969
2011-03-09,20.22,14.023032482313116,6.196967517686883
2011-03-10,21.88,12.18032511881389,9.699674881186109
2011-03-11,20.08,12.148362852664908,7.93163714733509
2011-03-14,21.13,12.355270939967632,8.774729060032367
2011-03-15,24.32,11.64716274463479,12.672837255365211
2011-03-16,29.4,9.386162155002886,20.013837844997113
2011-03-17,26.37,8.847799726486153,17.522200273513846
2011-03-18,24.44,9.909577185733436,14.530422814266565
2011-03-21,20.61,8.507554290159346,12.102445709840653
2011-03-22,20.21,9.645106531293916,10.564893468706085
2011-03-23,19.17,9.736584616794977,9.433415383205025
2011-03-24,18.0,9.337845575934988,8.662154424065012
2011-03-25,17.91,9.67622240339734,8.23377759660266
2011-03-28,19.44,9.678101053409627,9.761898946590374
2011-03-29,18.16,9.4855490088876,8.6744509911124
2011-03-30,17.71,9.220284160480555,8.489715839519446
2011-03-31,17.74,9.295534411748935,8.444465588251063
2011-04-01,17.4,9.421745061293512,7.9782549387064865
2011-04-04,17.5,9.837536276934827,7.662463723065173
2011-04-05,17.25,10.273593334369862,6.9764066656301384
2011-04-06,16.9,10.372401843353776,6.5275981566462224
2011-04-07,17.11,10.508173961255531,6.601826038744468
2011-04-08,17.87,10.69857934494149,7.171420655058512
2011-04-11,16.59,11.361883646649826,5.228116353350174
2011-04-12,17.09,10.954549739720415,6.135450260279585
2011-04-13,16.92,11.508796635617848,5.411203364382153
2011-04-14,16.27,11.88792664849547,4.382073351504529
2011-04-15,15.32,11.815252853832996,3.504747146167004
2011-04-18,16.96,11.4765012089926,5.483498791007401
2011-04-19,15.83,11.399526305948356,4.430473694051644
2011-04-20,15.07,10.6486055425116,4.4213944574884
2011-04-21,14.69,11.355835504268672,3.3341644957313274
2011-04-25,15.77,11.355835504268672,4.4141644957313275
2011-04-26,15.62,10.980693967141102,4.639306032858897
2011-04-27,15.35,10.869360606770252,4.4806393932297475
2011-04-28,14.62,10.968195840702744,3.6518041592972548
2011-04-29,14.75,11.58979378591392,3.160206214086079
2011-05-02,15.99,14.005988719116157,1.984011280883843
2011-05-03,16.7,13.950875241360633,2.7491247586393666
2011-05-04,17.08,14.200243659881654,2.8797563401183446
2011-05-05,18.2,14.465032319355844,3.7349676806441554
2011-05-06,18.4,14.29689336884098,4.103106631159019
2011-05-09,17.16,14.077467101720012,3.0825328982799878
2011-05-10,15.91,13.973187181169846,1.9368128188301537
2011-05-11,16.95,14.21610495177949,2.733895048220509
2011-05-12,16.03,13.968347074726106,2.0616529252738953
2011-05-13,17.07,14.901291219220205,2.168708780779795
2011-05-16,18.24,15.70150820781269,2.5384917921873082
2011-05-17,17.55,15.74629099184977,1.8037090081502303
2011-05-18,16.23,15.200492097297685,1.0295079027023153
2011-05-19,15.52,15.391834198691503,0.12816580130849609
2011-05-20,17.43,16.422136280034007,1.007863719965993
2011-05-23,18.27,15.983737985840769,2.286262014159231
2011-05-24,17.82,15.983362599903971,1.8366374000960288
2011-05-25,17.07,16.222262480924453,0.8477375190755474
2011-05-26,16.09,16.469714023018405,-0.37971402301840484
2011-05-27,15.98,17.159520972335123,-1.1795209723351228
2011-05-31,15.45,16.95532836603317,-1.5053283660331722
2011-06-01,18.3,15.339255523004002,2.9607444769959983
2011-06-02,18.09,16.09140640217656,1.9985935978234401
2011-06-03,17.95,15.503029381382486,2.446970618617513
2011-06-06,18.49,14.723210247768947,3.766789752231052
2011-06-07,18.07,14.993942777001932,3.0760572229980685
2011-06-08,18.79,15.08940953119135,3.700590468808649
2011-06-09,17.77,16.72753657894696,1.0424634210530392
2011-06-10,18.86,15.965720779219724,2.894279220780275
2011-06-13,19.61,15.97729138496286,3.6327086150371386
2011-06-14,18.26,15.771423524844188,2.4885764751558135
2011-06-15,21.32,14.384170466175949,6.935829533824052
2011-06-16,22.73,14.928646288260985,7.801353711739015
2011-06-17,21.85,15.865131578402003,5.984868421597998
2011-06-20,19.99,15.851495828470211,4.138504171529787
2011-06-21,18.86,15.628362678156932,3.231637321843067
2011-06-22,18.52,15.356206562820404,3.1637934371795957
2011-06-23,19.29,15.628086255201193,3.661913744798806
2011-06-24,21.1,15.102517670905351,5.99748232909465
2011-06-27,20.56,16.975529446824588,3.584470553175411
2011-06-28,19.17,16.366063668457628,2.803936331542374
2011-06-29,17.27,16.2318908325558,1.0381091674442011
2011-06-30,16.52,15.8060127799521,0.7139872200478994
2011-07-01,15.87,17.03879573209355,-1.1687957320935514
2011-07-05,16.06,17.314070578578836,-1.2540705785788369
2011-07-06,16.34,23.74035046076637,-7.400350460766369
2011-07-07,15.95,22.996239692610832,-7.046239692610833
2011-07-08,15.95,31.829337410634402,-15.879337410634403
2011-07-11,18.39,37.52325039225693,-19.133250392256926
2011-07-12,19.87,39.66132524260895,-19.791325242608952
2011-07-13,19.91,43.84781910198055,-23.937819101980548
2011-07-14,20.8,44.00087771851841,-23.20087771851841
2011-07-15,19.53,44.89058832316646,-25.36058832316646
2011-07-18,20.95,44.91188573195306,-23.961885731953064
2011-07-19,19.21,44.272675545984455,-25.062675545984455
2011-07-20,19.09,46.485885599824925,-27.395885599824926
2011-07-21,17.56,45.97313780894242,-28.41313780894242
2011-07-22,17.52,45.94122984857948,-28.421229848579483
2011-07-25,19.35,48.47876854871636,-29.12876854871636
2011-07-26,20.23,48.97583199905858,-28.745831999058577
2011-07-27,22.98,48.80901351185056,-25.829013511850558
2011-07-28,23.74,49.44843981360797,-25.70843981360797
2011-07-29,25.25,50.9583111965066,-25.7083111965066
2011-08-01,23.66,50.99746228980428,-27.337462289804282
2011-08-02,24.79,50.25605993310667,-25.46605993310667
2011-08-03,23.38,50.366196997589654,-26.986196997589655
2011-08-04,31.66,48.09984116397901,-16.439841163979008
2011-08-05,32.0,48.143066790556766,-16.143066790556766
2011-08-08,48.0,42.283060437958,5.7169395620420005
2011-08-09,35.06,39.134077221777055,-4.074077221777053
2011-08-10,42.99,37.16761493558619,5.822385064413815
2011-08-11,39.0,33.38196039779584,5.618039602204163
2011-08-12,36.36,33.564416872634766,2.7955831273652336
2011-08-15,31.87,33.00080726285358,-1.1308072628535761
2011-08-16,32.85,33.258965708512484,-0.4089657085124827
2011-08-17,31.58,33.28069350238978,-1.7006935023897825
2011-08-18,42.67,28.800599993750282,13.86940000624972
2011-08-19,43.05,28.165730240844255,14.884269759155742
2011-08-22,42.44,30.348555155064773,12.091444844935225
2011-08-23,36.27,30.034997586149547,6.235002413850456
2011-08-24,35.9,29.732115969099972,6.1678840309000265
2011-08-25,39.76,30.32562480807294,9.434375191927057
2011-08-26,35.59,30.010398197958132,5.579601802041871
2011-08-29,32.28,28.801708282669786,3.4782917173302152
2011-08-30,32.89,28.953922014124604,3.9360779858753965
2011-08-31,31.62,29.892936958418954,1.7270630415810473
2011-09-01,31.82,31.30408407859923,0.5159159214007687
2011-09-02,33.92,32.02385735666473,1.8961426433352742
2011-09-06,37.0,32.77383956755768,4.22616043244232
2011-09-07,33.38,31.6370580174581,1.742941982541904
2011-09-08,34.32,31.55674507930134,2.7632549206986603
2011-09-09,38.52,32.422566215523545,6.097433784476458
2011-09-12,38.59,32.37132805431388,6.2186719456861255
2011-09-13,36.91,32.352982551845336,4.55701744815466
2011-09-14,34.6,32.02281749003372,2.577182509966285
2011-09-15,31.97,32.07332162405399,-0.10332162405399004
2011-09-16,30.98,32.86945451327127,-1.8894545132712715
2011-09-19,32.73,33.49390750569436,-0.7639075056943625
2011-09-20,32.86,33.84063474582013,-0.980634745820133
2011-09-21,37.32,32.06735536335993,5.2526446366400705
2011-09-22,41.35,29.890795238668517,11.459204761331485
2011-09-23,41.25,30.12843905681156,11.121560943188442
2011-09-26,39.02,30.724144251712016,8.295855748287988
2011-09-27,37.71,30.688190562495016,7.021809437504984
2011-09-28,41.08,31.150901752597914,9.929098247402084
2011-09-29,38.84,31.206847325547134,7.6331526744528695
2011-09-30,42.96,31.206847325547134,11.753152674452867
2011-10-03,45.45,30.74357103525887,14.706428964741132
2011-10-04,40.82,30.08197400437691,10.73802599562309
2011-10-05,37.81,30.112166311974438,7.697833688025565
2011-10-06,36.27,29.84223718155206,6.427762818447942
2011-10-07,36.2,29.431852133360692,6.7681478666393105
2011-10-10,33.02,27.538976015821802,5.481023984178201
2011-10-11,32.86,31.040200385951263,1.819799614048737
2011-10-12,31.26,30.96281576342838,0.29718423657162063
2011-10-13,30.7,31.56467836047136,-0.864678360471359
2011-10-14,28.24,31.345118280204474,-3.1051182802044757
2011-10-17,33.39,30.33691019204179,3.0530898079582123
2011-10-18,31.56,30.227687969806905,1.3323120301930942
2011-10-19,34.44,30.40546990263444,4.034530097365558
2011-10-20,34.78,30.380793274699215,4.399206725300786
2011-10-21,31.32,30.253617965460087,1.066382034539913
2011-10-24,29.26,29.606509419382913,-0.3465094193829117
2011-10-25,32.22,29.72308799569805,2.4969120043019473
2011-10-26,29.86,29.306977326227447,0.5530226737725528
2011-10-27,25.46,28.624697727661854,-3.164697727661853
2011-10-28,24.53,28.660602226750388,-4.130602226750387
2011-10-31,29.96,31.91740027007226,-1.9574002700722595
2011-11-01,34.77,30.192885917050205,4.577114082949798
2011-11-02,32.74,29.628744826603924,3.111255173396078
2011-11-03,30.5,29.067402360720312,1.4325976392796882
2011-11-04,30.16,29.000640682578183,1.159359317421817
2011-11-07,29.85,28.960492399129006,0.8895076008709957
2011-11-08,27.48,29.623357675996303,-2.1433576759963024
2011-11-09,36.16,27.21546913062512,8.944530869374876
2011-11-10,32.81,27.636434647038122,5.17356535296188
2011-11-11,30.04,26.907824884222975,3.1321751157770237
2011-11-14,31.13,27.03388540332316,4.096114596676838
2011-11-15,31.22,26.987219197242414,4.232780802757585
2011-11-16,33.51,26.50148675074682,7.008513249253177
2011-11-17,34.51,26.261728808286954,8.248271191713044
2011-11-18,32.0,28.411462475557443,3.5885375244425575
2011-11-21,32.91,27.48450618075589,5.425493819244107
2011-11-22,31.97,27.460482151630337,4.509517848369661
2011-11-23,33.98,25.895094516143562,8.084905483856435
2011-11-25,34.47,25.78692226691678,8.68307773308322
2011-11-28,32.13,24.56627688519383,7.563723114806173
2011-11-29,30.64,24.74828236464116,5.891717635358841
2011-11-30,27.8,19.638535586952734,8.161464413047266
2011-12-01,27.41,20.2419939729269,7.168006027073101
2011-12-02,27.52,20.245091256895066,7.274908743104934
2011-12-05,27.84,19.96092182240111,7.879078177598888
2011-12-06,28.13,19.98420976671354,8.145790233286458
2011-12-07,28.67,19.994727304967398,8.675272695032604
2011-12-08,30.59,18.33258083304172,12.257419166958279
2011-12-09,26.38,17.392087856264087,8.987912143735912
2011-12-12,25.67,16.345384669686077,9.324615330313925
2011-12-13,25.41,15.915614973981013,9.494385026018987
2011-12-14,26.04,14.98333874675496,11.05666125324504
2011-12-15,25.11,15.28360690413125,9.826393095868749
2011-12-16,24.29,15.287924646596357,9.002075353403642
2011-12-19,24.92,14.092291509900306,10.827708490099695
2011-12-20,23.22,10.312153994195805,12.907846005804194
2011-12-21,21.43,10.359291481564195,11.070708518435804
2011-12-22,21.16,10.415528791185231,10.744471208814769
2011-12-23,20.73,10.653376929406404,10.076623070593596
2011-12-27,21.91,10.66040336947944,11.24959663052056
2011-12-28,23.52,9.264007772017925,14.255992227982075
2011-12-29,22.65,8.813616737753499,13.8363832622465
2011-12-30,23.4,9.010833479762486,14.389166520237513
2012-01-03,22.97,7.86254920493402,15.10745079506598
2012-01-04,22.22,9.099912087487906,13.120087912512092
2012-01-05,21.48,9.172729146770253,12.307270853229747
2012-01-06,20.63,9.025949257557816,11.604050742442183
2012-01-09,21.07,9.027225487380301,12.0427745126197
2012-01-10,20.69,8.695198675131497,11.994801324868504
2012-01-11,21.05,9.364140110015903,11.685859889984098
2012-01-12,20.47,9.543420770353187,10.926579229646812
2012-01-13,20.91,9.225891826810487,11.684108173189513
2012-01-17,22.2,9.577154065796824,12.622845934203175
2012-01-18,20.89,9.657670526581896,11.232329473418105
2012-01-19,19.87,9.599874999186637,10.270125000813364
2012-01-20,18.28,9.621750360511784,8.658249639488217
2012-01-23,18.67,9.819399166955618,8.850600833044384
2012-01-24,18.91,9.883519616007682,9.026480383992318
2012-01-25,18.31,9.544118607813333,8.765881392186666
2012-01-26,18.57,9.129449052380359,9.440550947619641
2012-01-27,18.53,9.105462097005766,9.424537902994235
2012-01-30,19.4,9.315586938030725,10.084413061969274
2012-01-31,19.44,9.384659823350477,10.055340176649525
2012-02-01,18.55,9.129863087692428,9.420136912307573
2012-02-02,17.98,9.335448569833629,8.644551430166372
2012-02-03,17.1,9.672817583310925,7.427182416689076
2012-02-06,17.76,10.07568359963774,7.6843164003622615
2012-02-07,17.65,10.704191702319653,6.945808297680346
2012-02-08,18.16,10.787809786977562,7.372190213022439
2012-02-09,18.63,10.7963716127229,7.833628387277098
2012-02-10,20.79,12.020777013155543,8.769222986844456
2012-02-13,19.04,11.926982854016718,7.113017145983282
2012-02-14,19.54,12.027872629854738,7.5121273701452616
2012-02-15,21.14,11.781760479657047,9.358239520342954
2012-02-16,19.22,11.166100483159227,8.053899516840772
2012-02-17,17.78,11.332140133267359,6.447859866732642
2012-02-21,18.19,11.344099787995907,6.845900212004095
2012-02-22,18.19,11.61140818333456,6.5785918166654405
2012-02-23,16.8,11.545425067965613,5.254574932034387
2012-02-24,17.31,12.43972829285305,4.870271707146948
2012-02-27,18.19,12.548757707438963,5.641242292561039
2012-02-28,17.96,12.752886732030863,5.207113267969138
2012-02-29,18.43,12.569023828444623,5.860976171555377
2012-03-01,17.26,12.448146850033897,4.811853149966105
2012-03-02,17.29,12.463676825078892,4.826323174921107
2012-03-05,18.05,12.43035799967196,5.6196420003280405
2012-03-06,20.87,11.597473862872407,9.272526137127594
2012-03-07,19.07,11.415263466079471,7.654736533920529
2012-03-08,17.95,11.860762201477986,6.089237798522014
2012-03-09,17.11,13.446337791384277,3.6636622086157224
2012-03-12,15.64,13.80646804943281,1.83353195056719
2012-03-13,14.8,13.13615468849271,1.6638453115072913
2012-03-14,15.31,13.788952099416733,1.5210479005832678
2012-03-15,15.42,13.516407806810548,1.9035921931894517
2012-03-16,14.47,14.695848393339157,-0.22584839333915596
2012-03-19,15.04,14.652748547627818,0.3872514523721815
2012-03-20,15.58,14.71306358308864,0.8669364169113596
2012-03-21,15.13,14.729924643392073,0.40007535660792826
2012-03-22,15.57,14.86514177530807,0.7048582246919306
2012-03-23,14.82,14.828123279768382,-0.008123279768382119
2012-03-26,14.26,14.814999156260827,-0.554999156260827
2012-03-27,15.59,15.079688325691915,0.5103116743080847
2012-03-28,15.47,15.03843874875344,0.43156125124655986
2012-03-29,15.48,15.118742011159823,0.3612579888401779
2012-03-30,15.5,15.184872735719878,0.3151272642801217
2012-04-02,15.64,14.912335833128523,0.7276641668714774
2012-04-03,15.66,15.183833508044305,0.47616649195569494
2012-04-04,16.44,15.711344945612044,0.7286550543879571
2012-04-05,16.7,15.718858737198737,0.9811412628012626
2012-04-09,18.81,15.247639817362197,3.5623601826378017
2012-04-10,20.39,13.983531742732556,6.406468257267445
2012-04-11,20.02,13.68439841571448,6.33560158428552
2012-04-12,17.2,12.619599042759209,4.580400957240791
2012-04-13,19.55,12.500367994583561,7.04963200541644
2012-04-16,19.55,12.579373593307782,6.970626406692219
2012-04-17,18.46,11.020373859357461,7.43962614064254
2012-04-18,18.64,12.0508920831617,6.5891079168383
2012-04-19,18.36,12.145226222677344,6.214773777322655
2012-04-20,17.44,13.950746216601075,3.489253783398926
2012-04-23,18.97,13.712544621623268,5.257455378376731
2012-04-24,18.1,13.700121167347726,4.399878832652275
2012-04-25,16.82,12.458823379437135,4.3611766205628655
2012-04-26,16.24,11.93959295788635,4.3004070421136475
2012-04-27,16.32,12.778366092736945,3.541633907263055
2012-04-30,17.15,13.442589036343014,3.7074109636569847
2012-05-01,16.6,13.153312890675467,3.446687109324534
2012-05-02,16.88,15.310984292331097,1.5690157076689015
2012-05-03,17.56,15.262837219862158,2.2971627801378407
2012-05-04,19.16,15.018568507018552,4.141431492981448
2012-05-07,18.94,17.513005453091406,1.4269945469085954
2012-05-08,19.05,17.49501643325919,1.554983566740809
2012-05-09,20.08,17.74798918187661,2.33201081812339
2012-05-10,18.83,18.251308994151877,0.5786910058481212
2012-05-11,19.89,18.818790609388508,1.071209390611493
2012-05-14,21.87,18.6051186505222,3.2648813494778004
2012-05-15,21.97,18.931278879146248,3.038721120853751
2012-05-16,22.27,19.213919954033553,3.0560800459664463
2012-05-17,24.49,18.19620070234467,6.29379929765533
2012-05-18,25.1,18.13627414878835,6.963725851211652
2012-05-21,22.01,17.35693636561501,4.653063634384992
2012-05-22,22.48,19.260591891216862,3.2194081087831385
2012-05-23,22.33,19.423848228402342,2.9061517715976564
2012-05-24,21.54,20.283961151609635,1.2560388483903644
2012-05-25,21.76,20.362686463234876,1.3973135367651253
2012-05-29,21.03,20.214269217560375,0.8157307824396263
2012-05-30,24.14,19.53398576839885,4.606014231601151
2012-05-31,24.06,21.309651334548125,2.750348665451874
2012-06-01,26.66,18.736255762558546,7.923744237441454
2012-06-04,26.12,18.73910883686864,7.380891163131363
2012-06-05,24.68,18.86753720017555,5.8124627998244485
2012-06-06,22.16,17.905123289159686,4.254876710840314
2012-06-07,21.72,17.93648126026977,3.78351873973023
2012-06-08,21.23,18.066600122878924,3.1633998771210763
2012-06-11,23.56,17.260409033392246,6.299590966607752
2012-06-12,22.09,16.977063350297332,5.112936649702668
2012-06-13,24.27,17.51749639646056,6.752503603539438
2012-06-14,21.68,17.297869232943366,4.382130767056633
2012-06-15,21.11,17.07882197342688,4.031178026573119
2012-06-18,18.32,17.210582790829854,1.1094172091701466
2012-06-19,18.38,16.855002818154873,1.5249971818451264
2012-06-20,17.24,17.29785882703431,-0.057858827034312554
2012-06-21,20.08,15.67851778708717,4.401482212912828
2012-06-22,18.11,15.888282474830593,2.2217175251694066
2012-06-25,20.38,14.736802909722607,5.643197090277392
2012-06-26,19.72,15.521170058987458,4.198829941012541
2012-06-27,19.45,16.564347255476402,2.885652744523597
2012-06-28,19.71,16.531192334493255,3.1788076655067456
2012-06-29,17.08,14.240558977793283,2.8394410222067155
2012-07-02,16.8,14.323488401922516,2.4765115980774848
2012-07-03,16.66,14.236977207258885,2.423022792741115
2012-07-05,17.5,15.862487825054705,1.6375121749452948
2012-07-06,17.1,15.432570751498556,1.6674292485014455
2012-07-09,17.98,15.486595494168775,2.4934045058312257
2012-07-10,18.72,15.067281108415301,3.6527188915846978
2012-07-11,17.95,15.034967243064035,2.9150327569359646
2012-07-12,18.33,14.817351990150213,3.5126480098497854
2012-07-13,16.74,13.976025186010812,2.7639748139891864
2012-07-16,17.11,13.89283556370004,3.21716443629996
2012-07-17,16.48,13.778348231918388,2.7016517680816126
2012-07-18,16.16,13.794198780647196,2.3658012193528037
2012-07-19,15.45,13.794198780647196,1.6558012193528029
2012-07-20,16.27,13.109077770766655,3.1609222292333445
2012-07-23,18.62,12.50869777394947,6.111302226050531
2012-07-24,20.47,11.74000851788483,8.72999148211517
2012-07-25,19.34,12.267297991000646,7.072702008999354
2012-07-26,17.53,11.418243297460801,6.1117567025392
2012-07-27,16.7,9.459566586266451,7.240433413733548
2012-07-30,18.03,9.43239948263477,8.597600517365231
2012-07-31,18.93,9.197982387459144,9.732017612540856
2012-08-01,18.96,9.503710854187887,9.456289145812114
2012-08-02,17.57,9.120124999143847,8.449875000856153
2012-08-03,15.64,6.304227153268567,9.335772846731434
2012-08-06,15.95,6.2516717764137875,9.698328223586213
2012-08-07,15.99,9.176829517867736,6.813170482132264
2012-08-08,15.32,9.238292049941297,6.0817079500587035
2012-08-09,15.28,9.573250231766044,5.706749768233955
2012-08-10,14.74,9.587923654264703,5.152076345735297
2012-08-13,13.7,9.549617793399303,4.150382206600696
2012-08-14,14.85,10.700087850107048,4.149912149892952
2012-08-15,14.63,10.756261432301116,3.8737385676988847
2012-08-16,14.29,10.819487973097829,3.4705120269021705
2012-08-17,13.45,10.872694238320536,2.5773057616794635
2012-08-20,14.02,10.843517879360395,3.176482120639605
2012-08-21,15.02,10.760633810329601,4.2593661896703985
2012-08-22,15.11,10.753137216645593,4.356862783354407
2012-08-23,15.96,10.309337515088373,5.650662484911628
2012-08-24,15.18,11.147191574563013,4.032808425436986
2012-08-27,16.35,11.390496038364997,4.959503961635004
2012-08-28,16.49,11.792256781465056,4.697743218534942
2012-08-29,17.06,11.977644175713714,5.082355824286285
2012-08-30,17.83,11.507665271461825,6.3223347285381735
2012-08-31,17.47,11.437155240705996,6.032844759294003
2012-09-04,17.98,11.45755471293978,6.52244528706022
2012-09-05,17.74,11.612601775657705,6.1273982243422935
2012-09-06,15.6,9.421343853188285,6.178656146811715
2012-09-07,14.38,9.458925943256387,4.921074056743613
2012-09-10,16.28,9.993113628895088,6.286886371104913
2012-09-11,16.41,10.172740043862754,6.237259956137246
2012-09-12,15.8,10.13359561064131,5.666404389358691
2012-09-13,14.05,8.417474680687134,5.632525319312867
2012-09-14,14.51,8.697578973485031,5.8124210265149685
2012-09-17,14.59,9.382747998321642,5.2072520016783574
2012-09-18,14.18,9.533777845115166,4.646222154884834
2012-09-19,13.88,9.573475857806757,4.306524142193243
2012-09-20,14.07,11.178731591732978,2.891268408267022
2012-09-21,13.98,11.173771073366812,2.806228926633189
2012-09-24,14.15,11.915190304817168,2.2348096951828325
2012-09-25,15.43,11.399563149525028,4.030436850474972
2012-09-26,16.81,11.33482950908433,5.475170490915669
2012-09-27,14.84,10.672452389212566,4.167547610787434
2012-09-28,15.73,10.624914117300383,5.105085882699617
2012-10-01,16.32,11.461968417336044,4.858031582663957
2012-10-02,15.71,11.958458094587655,3.7515419054123456
2012-10-03,15.43,11.923486067422104,3.506513932577896
2012-10-04,14.55,11.960424741622223,2.589575258377778
2012-10-05,14.33,14.203484079619663,0.12651592038033677
2012-10-08,15.11,14.64638385404429,0.46361614595570977
2012-10-09,16.37,14.402991355965234,1.9670086440347667
2012-10-10,16.29,14.34391578335599,1.9460842166440084
2012-10-11,15.59,14.32989602195386,1.2601039780461392
2012-10-12,16.14,14.93229118387427,1.2077088161257308
2012-10-15,15.27,14.461331888868648,0.8086681111313521
2012-10-16,15.22,14.051614853816957,1.1683851461830432
2012-10-17,15.07,15.933523150891935,-0.8635231508919343
2012-10-18,15.03,15.974117816017545,-0.9441178160175454
2012-10-19,17.06,15.135900369651257,1.924099630348742
2012-10-22,16.62,15.891828088675291,0.7281719113247096
2012-10-23,18.83,15.253792970930501,3.576207029069497
2012-10-24,18.33,15.29703892915256,3.0329610708474384
2012-10-25,18.12,15.54672055450952,2.5732794454904813
2012-10-26,17.81,15.64668782841943,2.163312171580568
2012-10-31,18.6,15.643945793820969,2.956054206179033
2012-11-01,16.69,15.154056882564776,1.5359431174352256
2012-11-02,17.59,14.720695635737084,2.8693043642629164
2012-11-05,18.42,14.699697956080893,3.7203020439191086
2012-11-06,17.58,14.459531112730067,3.120468887269931
2012-11-07,19.08,11.847369328252102,7.232630671747897
2012-11-08,18.49,10.800905517594742,7.689094482405256
2012-11-09,18.61,10.947416133499653,7.662583866500347
2012-11-12,16.68,10.951986121247986,5.728013878752014
2012-11-13,16.65,11.088599550890478,5.56140044910952
2012-11-14,17.92,9.708140913687258,8.211859086312744
2012-11-15,17.99,10.059145092899712,7.9308549071002865
2012-11-16,16.41,10.512369856507537,5.897630143492464
2012-11-19,15.24,9.106292330032485,6.1337076699675155
2012-11-20,15.08,9.16752092989203,5.91247907010797
2012-11-21,15.31,9.92301567065217,5.386984329347831
2012-11-23,15.14,9.142341056863316,5.997658943136685
2012-11-26,15.5,9.37409195602479,6.12590804397521
2012-11-27,15.92,9.220655074343071,6.699344925656929
2012-11-28,15.51,9.547110557650873,5.962889442349127
2012-11-29,15.06,11.107165254915795,3.952834745084205
2012-11-30,15.87,14.208037162113863,1.6619628378861364
2012-12-03,16.64,14.064892463151239,2.575107536848762
2012-12-04,17.12,14.051256171602896,3.068743828397105
2012-12-05,16.46,14.176342264491518,2.2836577355084824
2012-12-06,16.58,14.26316654884211,2.3168334511578887
2012-12-07,15.9,14.271203172823535,1.6287968271764655
2012-12-10,16.05,14.360871839829523,1.689128160170478
2012-12-11,15.57,14.273548963029784,1.2964510369702165
2012-12-12,15.95,14.283465965934477,1.6665340340655224
2012-12-13,16.56,14.022103979075625,2.5378960209243733
2012-12-14,17.0,13.915788155904377,3.0842118440956234
2012-12-17,16.34,13.577789216216624,2.7622107837833756
2012-12-18,15.57,13.080454120557459,2.4895458794425416
2012-12-19,17.36,12.828027128128802,4.531972871871197
2012-12-20,17.67,12.779779340818392,4.89022065918161
2012-12-21,17.84,12.18626439890455,5.65373560109545
2012-12-24,17.84,12.114998968221517,5.725001031778483
2012-12-26,19.48,11.853050240339336,7.626949759660665
2012-12-27,19.47,11.763494378797839,7.70650562120216
2012-12-28,22.72,11.06574715055465,11.65425284944535
2012-12-31,18.02,9.960475892245734,8.059524107754266
2013-01-02,14.68,5.842513157880652,8.837486842119347
2013-01-03,14.56,7.479957219129574,7.080042780870427
2013-01-04,13.83,8.042357863214532,5.787642136785468
2013-01-07,13.79,7.86222869166298,5.927771308337019
2013-01-08,13.62,7.79939997692185,5.820600023078149
2013-01-09,13.81,7.901531497121843,5.908468502878158
2013-01-10,13.49,7.766072366390143,5.723927633609857
2013-01-11,13.36,7.747275650188818,5.612724349811182
2013-01-14,13.52,7.700784375633988,5.819215624366011
2013-01-15,13.55,7.704110591107099,5.845889408892901
2013-01-16,13.42,7.725032038769067,5.694967961230933
2013-01-17,13.57,7.8307317665725575,5.739268233427443
2013-01-18,12.46,9.450149205171773,3.0098507948282283
2013-01-22,12.43,9.685965104211803,2.7440348957881966
2013-01-23,12.46,10.172881597659963,2.287118402340038
2013-01-24,12.69,12.122984780985616,0.5670152190143831
2013-01-25,12.89,12.122984780985616,0.7670152190143842
2013-01-28,13.57,12.91192936783689,0.6580706321631098
2013-01-29,13.31,12.871270333576588,0.4387296664234128
2013-01-30,14.32,12.791590987832935,1.5284090121670655
2013-01-31,14.28,12.854001711529708,1.425998288470291
2013-02-01,12.9,12.862816176872338,0.03718382312766266
2013-02-04,14.67,11.982772634077998,2.687227365922002
2013-02-05,13.72,11.529980052021282,2.190019947978719
2013-02-06,13.41,11.611904236601706,1.798095763398294
2013-02-07,13.5,11.5711883572954,1.9288116427046003
2013-02-08,13.02,11.53920274542434,1.4807972545756591
2013-02-11,12.94,11.517489309741451,1.422510690258548
2013-02-12,12.64,11.619218562365052,1.0207814376349482
2013-02-13,12.98,11.681590645113731,1.2984093548862692
2013-02-14,12.66,11.891812309316384,0.7681876906836163
2013-02-15,12.46,11.927360143804187,0.5326398561958143
2013-02-19,12.31,11.940924587317712,0.36907541268228883
2013-02-20,14.68,11.262278632675033,3.417721367324967
2013-02-21,15.22,10.997303305811316,4.222696694188684
2013-02-22,14.17,10.76809175295273,3.4019082470472704
2013-02-25,18.99,8.29082625556756,10.69917374443244
2013-02-26,16.87,8.257324021740242,8.612675978259759
2013-02-27,14.73,7.337642673230178,7.392357326769822
2013-02-28,15.51,7.754111167632854,7.7558888323671455
2013-03-01,15.36,7.773833031395036,7.586166968604964
2013-03-04,14.01,8.937288179308569,5.072711820691431
2013-03-05,13.48,8.402642441518543,5.077357558481458
2013-03-06,13.53,8.54551110232786,4.98448889767214
2013-03-07,13.06,8.820653037049393,4.2393469629506075
2013-03-08,12.59,8.710256023792223,3.8797439762077772
2013-03-11,11.56,9.68031404449301,1.8796859555069911
2013-03-12,12.27,9.650946067614749,2.619053932385251
2013-03-13,11.83,9.742424749517372,2.0875752504826277
2013-03-14,11.3,13.034457411032069,-1.7344574110320679
2013-03-15,11.3,14.040217947026632,-2.740217947026631
2013-03-18,13.36,14.8651982832389,-1.5051982832389008
2013-03-19,14.39,15.038151482147294,-0.6481514821472931
2013-03-20,12.67,15.195600679144238,-2.5256006791442385
2013-03-21,13.99,14.976898210243958,-0.9868982102439574
2013-03-22,13.57,15.311583850144592,-1.7415838501445915
2013-03-25,13.74,15.259927915950607,-1.519927915950607
2013-03-26,12.77,15.134782456315937,-2.364782456315938
2013-03-27,13.15,15.15952373922112,-2.0095237392211196
2013-03-28,12.7,15.269062839611628,-2.569062839611629
2013-04-01,13.58,15.10871404190339,-1.52871404190339
2013-04-02,12.78,15.625114399581486,-2.8451143995814867
2013-04-03,14.21,15.35583928022199,-1.1458392802219883
2013-04-04,13.89,15.70256666917891,-1.81256666917891
2013-04-05,13.92,15.557368672111894,-1.6373686721118936
2013-04-08,13.19,15.503219020577905,-2.3132190205779057
2013-04-09,12.84,15.52147157971848,-2.6814715797184796
2013-04-10,12.36,15.105949821180017,-2.7459498211800177
2013-04-11,12.24,15.155149619848975,-2.9151496198489752
2013-04-12,12.06,15.091298154897364,-3.031298154897364
2013-04-15,17.27,12.0079173881239,5.2620826118760995
2013-04-16,13.96,11.289953055704366,2.6700469442956347
2013-04-17,16.51,9.835651478169014,6.6743485218309875
2013-04-18,17.56,9.397048472792303,8.162951527207696
2013-04-19,14.97,9.291893240885209,5.678106759114792
2013-04-22,14.39,9.308731385103357,5.0812686148966435
2013-04-23,13.48,9.836761662254933,3.6432383377450677
2013-04-24,13.61,9.933422370966031,3.676577629033968
2013-04-25,13.62,9.936411827214513,3.683588172785486
2013-04-26,13.61,10.004706892258682,3.6052931077413177
2013-04-29,13.71,10.401878676470346,3.3081213235296545
2013-04-30,13.52,10.453353528892462,3.0666464711075374
2013-05-01,14.49,10.848408178161831,3.641591821838169
2013-05-02,13.59,10.463152488614917,3.1268475113850833
2013-05-03,12.85,10.125397769964826,2.724602230035174
2013-05-06,12.66,11.293497243989957,1.3665027560100427
2013-05-07,12.83,11.564881322348652,1.2651186776513477
2013-05-08,12.66,12.317626394724297,0.3423736052757036
2013-05-09,13.13,12.24354850523363,0.8864514947663711
2013-05-10,12.59,12.708579779031517,-0.11857977903151706
2013-05-13,12.55,13.02566696948793,-0.4756669694879285
2013-05-14,12.77,13.486544405443848,-0.7165444054438481
2013-05-15,12.81,13.483607825801258,-0.6736078258012572
2013-05-16,13.07,13.655768012089572,-0.5857680120895719
2013-05-17,12.45,13.44696248228606,-0.9969624822860599
2013-05-20,13.02,14.137448143141285,-1.117448143141285
2013-05-21,13.37,16.305173412141592,-2.9351734121415927
2013-05-22,13.82,16.12880280740046,-2.308802807400461
2013-05-23,14.07,16.524233113824348,-2.4542331138243476
2013-05-24,13.99,17.005009850041517,-3.0150098500415172
2013-05-28,14.48,17.11516169949934,-2.6351616994993385
2013-05-29,14.83,17.272133626162372,-2.442133626162372
2013-05-30,14.53,17.164121882578467,-2.6341218825784676
2013-05-31,16.3,16.80629167901143,-0.5062916790114294
2013-06-03,16.28,16.70509263667846,-0.4250926366784604
2013-06-04,16.27,16.611943895884338,-0.34194389588433793
2013-06-05,17.5,16.270273507228104,1.2297264927718956
2013-06-06,16.63,16.097837121800207,0.5321628781997916
2013-06-07,15.14,15.677189799195796,-0.5371897991957955
2013-06-10,15.44,15.677143872530122,-0.23714387253012248
2013-06-11,17.07,15.733280649629581,1.3367193503704193
2013-06-12,18.59,15.319528713377853,3.270471286622147
2013-06-13,16.41,14.637840004591135,1.772159995408865
2013-06-14,17.15,14.533510243571873,2.616489756428125
2013-06-17,16.8,14.402441459697329,2.397558540302672
2013-06-18,16.61,14.28689329420531,2.3231067057946895
2013-06-19,16.64,13.32349053364052,3.3165094663594807
2013-06-20,20.49,9.175351764374394,11.314648235625604
2013-06-21,18.9,9.304805210213072,9.595194789786927
2013-06-24,20.11,7.98559953917101,12.12440046082899
2013-06-25,18.47,7.688347026507601,10.781652973492399
2013-06-26,17.21,7.4536890195398104,9.75631098046019
2013-06-27,16.86,7.577463955704998,9.282536044295002
2013-06-28,16.86,7.300531487502017,9.559468512497983
2013-07-01,16.37,7.129580632828865,9.240419367171135
2013-07-02,16.44,8.084362683601492,8.355637316398509
2013-07-03,16.2,8.066471347498132,8.133528652501868
2013-07-05,14.89,7.605679456827537,7.284320543172464
2013-07-08,14.78,8.176109099076925,6.603890900923075
2013-07-09,14.35,8.182916350544504,6.1670836494554955
2013-07-10,14.21,8.257730923202121,5.952269076797879
2013-07-11,14.01,7.193321902988123,6.816678097011877
2013-07-12,13.84,7.136343601593794,6.703656398406205
2013-07-15,13.79,7.136343601593794,6.653656398406205
2013-07-16,14.42,7.2176034803810545,7.2023965196189454
2013-07-17,13.78,8.88010135077347,4.899898649226529
2013-07-18,13.77,8.657295189607947,5.112704810392053
2013-07-19,12.54,8.843750335689545,3.6962496643104537
2013-07-22,12.29,9.034892362391979,3.2551076376080204
2013-07-23,12.66,9.201373810470312,3.4586261895296886
2013-07-24,13.18,9.793113907231389,3.386886092768611
2013-07-25,12.97,9.764736555586579,3.205263444413422
2013-07-26,12.72,9.79706486658167,2.9229351334183313
2013-07-29,13.39,11.382713209073177,2.0072867909268233
2013-07-30,13.39,11.451410393484682,1.9385896065153183
2013-07-31,13.45,11.538849162720211,1.9111508372797879
2013-08-01,12.94,10.203317107686555,2.7366828923134445
2013-08-02,11.98,10.368780063247995,1.611219936752006
2013-08-05,11.84,10.94540999688952,0.8945900031104799
2013-08-06,12.72,10.819255057535566,1.900744942464435
2013-08-07,12.98,10.759931226546428,2.2200687734535727
2013-08-08,12.73,11.356374421443178,1.3736255785568225
2013-08-09,13.41,11.688414777034941,1.721585222965059
2013-08-12,12.81,11.727311712409147,1.0826882875908534
2013-08-13,12.31,11.763173041318774,0.5468269586812262
2013-08-14,13.04,11.664844619625617,1.3751553803743821
2013-08-15,14.73,10.39727464290564,4.332725357094361
2013-08-16,14.37,10.39542784112364,3.9745721588763594
2013-08-19,15.1,10.474546290890522,4.625453709109477
2013-08-20,14.91,10.49983428440699,4.41016571559301
2013-08-21,15.94,10.539166950001716,5.400833049998283
2013-08-22,14.76,10.444366902785854,4.315633097214146
2013-08-23,13.98,10.452119402303467,3.5278805976965337
2013-08-26,14.99,10.424425164008257,4.565574835991743
2013-08-27,16.77,7.9158473962051845,8.854152603794816
2013-08-28,16.49,8.19138083597683,8.298619164023169
2013-08-29,16.81,8.503399320272365,8.306600679727634
2013-08-30,17.01,8.560242987205937,8.449757012794064
2013-09-03,16.61,8.581804006152113,8.028195993847886
2013-09-04,15.88,9.029498324935256,6.850501675064745
2013-09-05,15.77,9.295728051100062,6.474271948899938
2013-09-06,15.85,10.026722295945403,5.823277704054597
2013-09-09,15.63,10.518401019166784,5.111598980833216
2013-09-10,14.53,10.082696068017169,4.44730393198283
2013-09-11,13.82,12.792787030198257,1.0272129698017434
2013-09-12,14.29,12.93642299865031,1.3535770013496897
2013-09-13,14.16,12.974482648645713,1.185517351354287
2013-09-16,14.38,13.179911987566864,1.2000880124331363
2013-09-17,14.53,13.882855614030163,0.6471443859698365
2013-09-18,13.59,13.572887680961953,0.017112319038046664
2013-09-19,13.16,13.752064572274547,-0.5920645722745466
2013-09-20,13.12,13.511768204051188,-0.3917682040511892
2013-09-23,14.31,13.414220812257735,0.8957791877422654
2013-09-24,14.08,13.581783388053594,0.49821661194640576
2013-09-25,14.01,13.543250717608702,0.466749282391298
2013-09-26,14.06,13.528534288680666,0.5314657113193348
2013-09-27,15.46,13.379331821881408,2.080668178118593
2013-09-30,16.6,13.190933249774575,3.409066750225426
2013-10-01,15.54,13.264601011715676,2.275398988284323
2013-10-02,16.6,13.347570565462789,3.2524294345372127
2013-10-03,17.67,12.789071897522842,4.88092810247716
2013-10-04,16.74,12.677054863019585,4.062945136980414
2013-10-07,19.41,12.086364217580424,7.323635782419576
2013-10-08,20.34,10.627088030124167,9.712911969875833
2013-10-09,19.6,12.21362354094838,7.386376459051622
2013-10-10,16.48,10.874548266480245,5.605451733519756
2013-10-11,15.72,10.722863423545437,4.997136576454563
2013-10-14,16.07,10.75115621689168,5.318843783108321
2013-10-15,18.66,10.550984788161172,8.109015211838829
2013-10-16,14.71,9.736769484793637,4.973230515206364
2013-10-17,13.48,9.603355663517235,3.876644336482766
2013-10-18,13.04,9.644845255368727,3.395154744631272
2013-10-21,13.16,9.726615032991111,3.433384967008889
2013-10-22,13.33,9.71624618872992,3.6137538112700796
2013-10-23,13.42,9.960096385076232,3.4599036149237676
2013-10-24,13.2,9.988645553828036,3.2113544461719634
2013-10-25,13.09,9.996043217193924,3.0939567828060763
2013-10-28,13.31,9.997579707109548,3.3124202928904527
2013-10-29,13.41,9.903659929541636,3.5063400704583643
2013-10-30,13.65,9.591396144462422,4.058603855537578
2013-10-31,13.75,9.585382621471538,4.164617378528462
2013-11-01,13.28,9.719314790663416,3.560685209336583
2013-11-04,12.93,9.647065875177214,3.282934124822786
2013-11-05,13.27,9.699125733797285,3.570874266202715
2013-11-06,12.67,10.222281545722005,2.447718454277995
2013-11-07,13.91,8.499651757572693,5.4103482424273075
2013-11-08,12.9,7.311092941551807,5.588907058448194
2013-11-11,12.53,8.51928870270334,4.010711297296659
2013-11-12,12.82,8.541529137104712,4.278470862895288
2013-11-13,12.52,7.954048026005929,4.56595197399407
2013-11-14,12.37,8.16436647879116,4.2056335212088385
2013-11-15,12.19,8.058717019477035,4.131282980522965
2013-11-18,13.1,9.524723618037886,3.575276381962114
2013-11-19,13.39,9.46467115118157,3.925328848818431
2013-11-20,13.4,9.559891212770603,3.840108787229397
2013-11-21,12.66,9.257425127972066,3.402574872027934
2013-11-22,12.26,9.19577729177956,3.0642227082204396
2013-11-25,12.79,9.226945323345564,3.563054676654435
2013-11-26,12.81,9.248379317480907,3.5616206825190933
2013-11-27,12.98,9.235719787867572,3.744280212132429
2013-11-29,13.7,9.2861574399753,4.413842560024699
2013-12-02,14.23,9.818012018734173,4.411987981265828
2013-12-03,14.55,9.6887274706232,4.8612725293768015
2013-12-04,14.7,9.799036687348845,4.900963312651154
2013-12-05,15.08,9.843279941158261,5.236720058841739
2013-12-06,13.79,9.3374600400756,4.452539959924399
2013-12-09,13.49,9.340543881381246,4.149456118618755
2013-12-10,13.91,9.2111237099503,4.6988762900497
2013-12-11,15.42,9.506646096284884,5.913353903715116
2013-12-12,15.54,10.03333842746314,5.50666157253686
2013-12-13,15.76,10.091321023533464,5.668678976466536
2013-12-16,16.03,9.996277307078298,6.033722692921703
2013-12-17,16.21,10.083541044693007,6.126458955306994
2013-12-18,13.8,8.778542020176735,5.021457979823266
2013-12-19,14.15,8.744472539839588,5.405527460160412
2013-12-20,13.79,9.124406830036062,4.6655931699639375
2013-12-23,13.04,11.715374513860365,1.3246254861396345
2013-12-24,12.48,11.768491832006726,0.7115081679932747
2013-12-26,12.33,11.98589671238698,0.3441032876130201
2013-12-27,12.46,12.429073979987773,0.03092602001222744
2013-12-30,13.56,13.317815136125333,0.24218486387466776
2013-12-31,13.72,13.301108224505546,0.4188917754944548
2014-01-02,14.23,15.387822458035094,-1.1578224580350938
2014-01-03,13.76,15.756488187410584,-1.9964881874105842
2014-01-06,13.55,15.748611367355828,-2.198611367355827
2014-01-07,12.92,16.229473189232273,-3.309473189232273
2014-01-08,12.87,17.032286986779233,-4.162286986779234
2014-01-09,12.89,17.052199858083096,-4.1621998580830954
2014-01-10,12.14,17.506350847621242,-5.366350847621241
2014-01-13,13.28,16.89987455574771,-3.619874555747712
2014-01-14,12.28,16.596712927565175,-4.316712927565176
2014-01-15,12.28,16.55574220625608,-4.275742206256082
2014-01-16,12.53,16.584058610605815,-4.054058610605816
2014-01-17,12.44,16.725653350467624,-4.285653350467625
2014-01-21,12.87,16.88331484039816,-4.013314840398161
2014-01-22,12.84,16.877258071144404,-4.037258071144404
2014-01-23,13.77,16.728440453312103,-2.958440453312104
2014-01-24,18.14,14.636286414251689,3.5037135857483115
2014-01-27,17.42,14.337790624779275,3.0822093752207262
2014-01-28,15.8,14.263974200762158,1.5360257992378425
2014-01-29,17.35,13.512918263647137,3.8370817363528644
2014-01-30,17.29,13.408507746949642,3.8814922530503573
2014-01-31,18.41,14.036076374828129,4.373923625171871
2014-02-03,21.44,9.951629012378234,11.488370987621767
2014-02-04,19.11,9.878910871144056,9.231089128855944
2014-02-05,19.95,9.719876542426256,10.230123457573743
2014-02-06,17.23,9.327018816321123,7.902981183678877
2014-02-07,15.29,9.075245451226563,6.214754548773437
2014-02-10,15.26,9.078101123032747,6.181898876967253
2014-02-11,14.51,9.749498448638711,4.760501551361289
2014-02-12,14.3,9.791943627289152,4.508056372710849
2014-02-13,14.14,9.95622820148316,4.18377179851684
2014-02-14,13.57,10.211840186764018,3.3581598132359822
2014-02-18,13.87,10.481641092882766,3.388358907117233
2014-02-19,15.5,10.15823803619548,5.341761963804521
2014-02-20,14.79,10.07882731273875,4.711172687261248
2014-02-21,14.68,10.375045060143531,4.304954939856469
2014-02-24,14.23,10.189977428827245,4.040022571172756
2014-02-25,13.67,10.684094720658779,2.985905279341221
2014-02-26,14.35,10.69209988730038,3.65790011269962
2014-02-27,14.04,10.616988273517531,3.4230117264824678
2014-02-28,14.0,11.135332954160317,2.864667045839683
2014-03-03,16.0,11.18092125005845,4.81907874994155
2014-03-04,14.1,9.65494899002624,4.44505100997376
2014-03-05,13.89,9.72726271877185,4.16273728122815
2014-03-06,14.21,10.981590048804811,3.2284099511951894
2014-03-07,14.11,11.716111983077363,2.393888016922636
2014-03-10,14.2,11.907322117084467,2.292677882915532
2014-03-11,14.8,12.560700617402231,2.2392993825977694
2014-03-12,14.47,14.728421504017634,-0.2584215040176332
2014-03-13,16.22,14.605459253306929,1.61454074669307
2014-03-14,17.82,14.879516121164993,2.940483878835007
2014-03-17,15.64,14.667146961833065,0.9728530381669351
2014-03-18,14.52,14.93530046567557,-0.4153004656755712
2014-03-19,15.12,14.847415936788758,0.27258406321124085
2014-03-20,14.52,14.789425952348822,-0.26942595234882205
2014-03-21,15.0,14.883701152603432,0.1162988473965676
2014-03-24,15.09,14.74698206413803,0.3430179358619707
2014-03-25,14.02,14.716447940994753,-0.6964479409947533
2014-03-26,14.93,14.840681925033255,0.08931807496674438
2014-03-27,14.62,14.830490214420045,-0.21049021442004623
2014-03-28,14.41,14.894114273766288,-0.4841142737662878
2014-03-31,13.88,14.55758771225538,-0.6775877122553791
2014-04-01,13.1,14.209278658679644,-1.109278658679644
2014-04-02,13.09,14.154295461096215,-1.064295461096215
2014-04-03,13.37,14.13917960845002,-0.7691796084500204
2014-04-04,13.96,13.652630515765408,0.3073694842345933
2014-04-07,15.57,12.97617509129746,2.5938249087025405
2014-04-08,14.89,12.92370380347711,1.9662961965228902
2014-04-09,13.82,12.223729381821604,1.596270618178396
2014-04-10,15.89,9.950712537301463,5.9392874626985375
2014-04-11,17.03,8.961805621637216,8.068194378362785
2014-04-14,16.11,9.15444154495557,6.955558455044429
2014-04-15,15.61,9.64467728853634,5.96532271146366
2014-04-16,14.18,8.922634140208189,5.257365859791811
2014-04-17,13.36,9.05008729239717,4.30991270760283
2014-04-21,13.25,9.378660885222835,3.8713391147771645
2014-04-22,13.19,9.603211962672113,3.586788037327887
2014-04-23,13.27,9.619105987564994,3.650894012435005
2014-04-24,13.32,9.753706987602646,3.566293012397354
2014-04-25,14.06,9.15762633000542,4.90237366999458
2014-04-28,13.97,9.196853809863923,4.773146190136078
2014-04-29,13.71,9.178653496020459,4.531346503979542
2014-04-30,13.41,9.138757027080247,4.271242972919753
2014-05-01,13.25,9.137417578288112,4.112582421711888
2014-05-02,12.91,9.130599104111877,3.7794008958881236
2014-05-05,13.29,9.151472012742461,4.138527987257538
2014-05-06,13.8,8.427754149238599,5.372245850761402
2014-05-07,13.4,8.467960793485547,4.932039206514453
2014-05-08,13.43,8.30275857772634,5.127241422273659
2014-05-09,12.92,8.346752661964315,4.573247338035685
2014-05-12,12.23,7.719888600233069,4.510111399766932
2014-05-13,12.13,8.214399552006741,3.91560044799326
2014-05-14,12.17,7.828455786424833,4.341544213575167
2014-05-15,13.17,6.844577415736371,6.325422584263629
2014-05-16,12.44,6.838877100811827,5.601122899188172
2014-05-19,12.42,7.021931358252398,5.398068641747602
2014-05-20,12.96,6.0548096584457785,6.905190341554222
2014-05-21,11.91,5.702441582340702,6.207558417659298
2014-05-22,12.03,5.735928869852586,6.2940711301474135
2014-05-23,11.36,6.454180040873392,4.905819959126608
2014-05-27,11.51,6.305511874543453,5.204488125456547
2014-05-28,11.68,6.300495218632301,5.379504781367698
2014-05-29,11.57,6.144460920211675,5.425539079788325
2014-05-30,11.4,6.143279254600796,5.256720745399204
2014-06-02,11.58,6.497042404048818,5.082957595951182
2014-06-03,11.87,6.489446817719401,5.3805531822805985
2014-06-04,12.08,6.650813484079104,5.429186515920896
2014-06-05,11.68,6.814329020527886,4.865670979472114
2014-06-06,10.73,7.328969913978951,3.4010300860210494
2014-06-09,11.15,7.449405345395606,3.7005946546043944
2014-06-10,10.99,7.679632803722365,3.3103671962776353
2014-06-11,11.6,7.565212488754602,4.034787511245398
2014-06-12,12.56,7.184416468997918,5.375583531002082
2014-06-13,12.18,7.28992181028086,4.89007818971914
2014-06-16,12.65,7.34126419630901,5.308735803690991
2014-06-17,12.06,8.531808717968815,3.5281912820311856
2014-06-18,10.61,9.027557809286444,1.5824421907135555
2014-06-19,10.62,9.071958994616804,1.5480410053831957
2014-06-20,10.85,9.23302983857459,1.6169701614254102
2014-06-23,10.98,9.247620234417537,1.732379765582463
2014-06-24,12.13,8.826365050234928,3.3036349497650725
2014-06-25,11.59,8.90241764915625,2.6875823508437495
2014-06-26,11.63,8.897280483384161,2.7327195166158393
2014-06-27,11.26,8.94059058452006,2.3194094154799405
2014-06-30,11.57,8.94726550405255,2.6227344959474497
2014-07-01,11.15,10.980579219695514,0.16942078030448648
2014-07-02,10.82,10.993090557254996,-0.1730905572549961
2014-07-03,10.32,11.130751996159512,-0.810751996159512
2014-07-07,11.33,11.276142957590107,0.0538570424098932
2014-07-08,11.98,11.017515146348059,0.9624848536519419
2014-07-09,11.65,10.903784664051697,0.7462153359483032
2014-07-10,12.59,11.691027328682832,0.8989726713171677
2014-07-11,12.08,11.790333328621749,0.2896666713782512
2014-07-14,11.82,11.64547809237598,0.17452190762402076
2014-07-15,11.96,11.931529658849648,0.02847034115035285
2014-07-16,11.0,11.981430632441553,-0.9814306324415529
2014-07-17,14.54,11.204256334090573,3.335743665909426
2014-07-18,12.06,10.985293805811873,1.0747061941881277
2014-07-21,12.81,11.067037543986586,1.742962456013414
2014-07-22,12.24,10.939669099200794,1.3003309007992065
2014-07-23,11.52,10.96121891032237,0.5587810896776304
2014-07-24,11.84,10.969918869344871,0.8700811306551284
2014-07-25,12.69,10.89209621698269,1.7979037830173095
2014-07-28,12.56,10.885252408649448,1.6747475913505525
2014-07-29,13.28,10.786947668363306,2.4930523316366937
2014-07-30,13.33,10.832717110679507,2.497282889320493
2014-07-31,16.95,7.6607414784737635,9.289258521526236
2014-08-01,17.03,7.448873740372323,9.581126259627677
2014-08-04,15.12,7.292711429914696,7.827288570085304
2014-08-05,16.87,6.444020484139417,10.425979515860584
2014-08-06,16.37,6.459216670774278,9.910783329225723
2014-08-07,16.66,6.095332640636468,10.564667359363533
2014-08-08,15.77,6.066125616899842,9.703874383100157
2014-08-11,14.23,6.0941512944796905,8.13584870552031
2014-08-12,14.13,5.930689673217479,8.199310326782522
2014-08-13,12.9,6.116214515532344,6.783785484467656
2014-08-14,12.42,6.144402330577695,6.275597669422305
2014-08-15,13.15,6.495296759964749,6.654703240035252
2014-08-18,12.32,5.789279747948671,6.53072025205133
2014-08-19,12.21,5.798320446474876,6.411679553525125
2014-08-20,11.78,5.85091787671034,5.92908212328966
2014-08-21,11.76,6.790673015247364,4.969326984752636
2014-08-22,11.47,7.120367968020247,4.349632031979754
2014-08-25,11.7,7.487341317183874,4.212658682816126
2014-08-26,11.63,9.314897745010885,2.3151022549891156
2014-08-27,11.78,9.87151052271175,1.9084894772882492
2014-08-28,12.05,9.877289101773261,2.1727108982267396
2014-08-29,11.98,9.807941680088076,2.1720583199119243
2014-09-02,12.25,10.766252830024428,1.4837471699755724
2014-09-03,12.36,10.823613075124634,1.5363869248753659
2014-09-04,12.64,11.625119354226383,1.0148806457736175
2014-09-05,12.09,11.471292865235764,0.6187071347642359
2014-09-08,12.66,12.509935251631363,0.1500647483686368
2014-09-09,13.5,13.932167096328154,-0.4321670963281541
2014-09-10,12.88,15.563048544549654,-2.683048544549653
2014-09-11,12.8,15.942983409638522,-3.1429834096385214
2014-09-12,13.31,16.57244459939478,-3.2624445993947813
2014-09-15,14.12,16.69564374320467,-2.5756437432046706
2014-09-16,12.73,16.319761027662423,-3.5897610276624228
2014-09-17,12.65,16.34061198364398,-3.690611983643981
2014-09-18,12.03,16.88734082086369,-4.857340820863692
2014-09-19,12.11,17.436317271717936,-5.326317271717937
2014-09-22,13.69,18.86119190295271,-5.171191902952712
2014-09-23,14.93,18.954540353171556,-4.024540353171556
2014-09-24,13.27,19.324257294913274,-6.054257294913274
2014-09-25,15.64,18.665275781514957,-3.0252757815149565
2014-09-26,14.85,18.412737982169,-3.562737982168999
2014-09-29,15.98,19.039362384281905,-3.059362384281904
2014-09-30,16.31,18.990955742142326,-2.680955742142327
2014-10-01,16.71,18.345612009415454,-1.6356120094154534
2014-10-02,16.16,18.735852262440808,-2.575852262440808
2014-10-03,14.55,18.45732374966665,-3.9073237496666486
2014-10-06,15.46,18.480792190812828,-3.020792190812827
2014-10-07,17.2,17.455580196602128,-0.2555801966021285
2014-10-08,15.11,16.652268313956764,-1.5422683139567646
2014-10-09,18.76,14.335446975940732,4.42455302405927
2014-10-10,21.24,13.157431360262084,8.082568639737914
2014-10-13,24.64,11.166439002654695,13.473560997345306
2014-10-14,22.79,11.22442693414715,11.565573065852849
2014-10-15,26.25,10.804365784256287,15.445634215743713
2014-10-16,25.2,10.860817648778013,14.339182351221986
2014-10-17,21.99,10.683359022330386,11.306640977669613
2014-10-20,18.57,10.503376599932428,8.066623400067572
2014-10-21,16.08,8.86720023457282,7.212799765427178
2014-10-22,17.87,7.897384377121844,9.972615622878157
2014-10-23,16.53,7.093368734248082,9.43663126575192
2014-10-24,16.11,6.978888163597999,9.131111836402
2014-10-27,16.04,6.9151485884258665,9.124851411574133
2014-10-28,14.39,5.640361690530876,8.749638309469123
2014-10-29,15.15,5.815059758936992,9.33494024106301
2014-10-30,14.52,6.7823978060866095,7.73760219391339
2014-10-31,14.03,5.835885536917984,8.194114463082016
2014-11-03,14.73,5.941242294336132,8.788757705663869
2014-11-04,14.89,5.798755038800006,9.091244961199994
2014-11-05,14.17,5.68216156053385,8.487838439466149
2014-11-06,13.67,6.399115563889168,7.270884436110832
2014-11-07,13.12,6.402818129543316,6.717181870456683
2014-11-10,12.67,8.827269113378652,3.8427308866213483
2014-11-11,12.92,9.00785657079467,3.9121434292053294
2014-11-12,13.02,10.457932874139555,2.5620671258604446
2014-11-13,13.79,10.653748636043977,3.1362513639560223
2014-11-14,13.31,10.886591753161728,2.4234082468382727
2014-11-17,13.99,13.514565475811969,0.47543452418803156
2014-11-18,13.86,15.812035922043963,-1.9520359220439634
2014-11-19,13.96,15.843090607580598,-1.8830906075805967
2014-11-20,13.58,15.85617356110889,-2.276173561108889
2014-11-21,12.9,15.795061253442752,-2.8950612534427513
2014-11-24,12.62,15.745128770512123,-3.1251287705121236
2014-11-25,12.25,15.782246988309637,-3.5322469883096375
2014-11-26,12.07,15.762587351066722,-3.692587351066722
2014-11-28,13.33,15.81387618517385,-2.48387618517385
2014-12-01,14.29,15.836806496260811,-1.5468064962608121
2014-12-02,12.85,15.689676860917457,-2.839676860917457
2014-12-03,12.47,16.8352594277608,-4.365259427760799
2014-12-04,12.38,17.139921820125345,-4.759921820125344
2014-12-05,11.82,17.71118629567226,-5.891186295672259
2014-12-08,14.21,18.677364910500856,-4.467364910500855
2014-12-09,14.89,18.91635800041881,-4.02635800041881
2014-12-10,18.53,18.11493637858021,0.41506362141979025
2014-12-11,20.08,18.04463798473133,2.0353620152686673
2014-12-12,21.08,17.30648317827769,3.773516821722307
2014-12-15,20.42,17.56894874487397,2.8510512551260305
2014-12-16,23.57,17.891301797242384,5.678698202757616
2014-12-17,19.44,16.301934854489165,3.1380651455108364
2014-12-18,16.81,14.025971624098233,2.784028375901766
2014-12-19,16.49,15.067603658180309,1.4223963418196899
2014-12-22,15.25,15.079306350094779,0.17069364990522118
2014-12-23,14.8,15.14292706183348,-0.3429270618334801
2014-12-24,14.37,15.67277639730781,-1.3027763973078113
2014-12-26,14.5,16.174969551749054,-1.6749695517490544
2014-12-29,15.06,16.64702495943371,-1.5870249594337107
2014-12-30,15.92,17.09772967384878,-1.1777296738487788
2014-12-31,19.2,17.556844819044475,1.6431551809555245
2015-01-02,17.79,18.382029267738876,-0.5920292677388765
2015-01-05,19.92,17.197033465106955,2.7229665348930467
2015-01-06,21.12,17.07322465148305,4.046775348516952
2015-01-07,19.31,16.696351697302276,2.6136483026977224
2015-01-08,17.01,15.578908819298249,1.4310911807017526
2015-01-09,17.55,15.67738498602393,1.8726150139760716
2015-01-12,19.6,15.36488984666042,4.235110153339582
2015-01-13,20.56,15.613809272564092,4.946190727435907
2015-01-14,21.48,15.381828239842246,6.098171760157754
2015-01-15,22.39,14.63578627884434,7.754213721155661
2015-01-16,20.95,14.122437466670135,6.827562533329864
2015-01-20,19.89,14.140626577348273,5.749373422651727
2015-01-21,18.85,14.190200844244888,4.659799155755113
2015-01-22,16.4,13.334033148301696,3.0659668516983025
2015-01-23,16.66,13.15292971166532,3.5070702883346794
2015-01-26,15.52,13.137209749410584,2.382790250589416
2015-01-27,17.22,12.181394008897682,5.038605991102317
2015-01-28,20.44,10.924301350658919,9.515698649341083
2015-01-29,18.76,10.697732470014769,8.062267529985233
2015-01-30,20.97,9.43970550388137,11.530294496118628
2015-02-02,19.43,9.078306009383489,10.35169399061651
2015-02-03,17.33,7.803883648543748,9.526116351456249
2015-02-04,18.33,9.130737100585502,9.199262899414496
2015-02-05,16.85,8.454764337343095,8.395235662656907
2015-02-06,17.29,10.28606047036516,7.00393952963484
2015-02-09,18.55,10.148948714029876,8.401051285970125
2015-02-10,17.23,10.46822621077748,6.76177378922252
2015-02-11,16.96,10.682797386453077,6.277202613546924
2015-02-12,15.34,10.992124453444323,4.347875546555677
2015-02-13,14.69,10.886784649289647,3.803215350710353
2015-02-17,15.8,11.531931321335929,4.268068678664072
2015-02-18,15.45,11.610798422158947,3.8392015778410524
2015-02-19,15.29,11.93468223288784,3.35531776711216
2015-02-20,14.3,11.782896078639101,2.517103921360899
2015-02-23,14.56,11.918744900366345,2.6412550996336552
2015-02-24,13.69,12.997131991328276,0.6928680086717236
2015-02-25,13.84,12.997556693471617,0.8424433065283825
2015-02-26,13.91,13.082219995092917,0.8277800049070834
2015-02-27,13.34,13.818787211619144,-0.47878721161914406
2015-03-02,13.04,13.84256045679443,-0.8025604567944313
2015-03-03,13.86,13.827641881391378,0.03235811860862192
2015-03-04,14.23,13.84708489177447,0.38291510822553043
2015-03-05,14.04,14.017255080792701,0.022744919207298153
2015-03-06,15.2,13.263732506350115,1.9362674936498845
2015-03-09,15.06,13.263732506350115,1.7962674936498857
2015-03-10,16.69,11.84827582393356,4.841724176066441
2015-03-11,16.87,11.896629774856764,4.973370225143237
2015-03-12,15.42,11.292742802349155,4.127257197650845
2015-03-13,16.0,11.038048740606675,4.9619512593933255
2015-03-16,15.61,10.39779976725887,5.212200232741129
2015-03-17,15.66,10.369260340063251,5.290739659936749
2015-03-18,13.97,10.636975133937694,3.3330248660623063
2015-03-19,14.07,11.082104493281442,2.9878955067185586
2015-03-20,13.02,10.720994356868621,2.2990056431313786
2015-03-23,13.41,10.819487973097837,2.5905120269021626
2015-03-24,13.62,10.678825778146617,2.941174221853382
2015-03-25,15.44,8.908878717325125,6.531121282674874
2015-03-26,15.8,9.1293373253489,6.670662674651101
2015-03-27,15.07,9.117631271334051,5.952368728665949
2015-03-30,14.51,8.317747291184599,6.192252708815401
2015-03-31,15.29,8.829919591933368,6.460080408066631
2015-04-01,15.11,9.317074648193426,5.7929253518065735
2015-04-02,14.67,9.307332593176664,5.362667406823336
2015-04-06,14.74,10.105129390562437,4.634870609437563
2015-04-07,14.78,10.135543399345138,4.644456600654861
2015-04-08,13.98,10.14486865365978,3.835131346340221
2015-04-09,13.09,10.89763093520829,2.192369064791709
2015-04-10,12.58,10.86949308845674,1.710506911543261
2015-04-13,13.94,10.824289353117313,3.115710646882686
2015-04-14,13.67,10.819049865862011,2.850950134137989
2015-04-15,12.84,11.209974130211398,1.6300258697886019
2015-04-16,12.6,11.203849338509011,1.3961506614909887
2015-04-17,13.89,10.294037108929063,3.595962891070938
2015-04-20,13.3,9.844754948702821,3.4552450512971795
2015-04-21,13.25,9.836035786840586,3.4139642131594137
2015-04-22,12.71,9.750784583817278,2.9592154161827224
2015-04-23,12.48,9.753608562988815,2.726391437011186
2015-04-24,12.29,10.372737343633494,1.9172626563665052
2015-04-27,13.12,10.711761759860455,2.4082382401395446
2015-04-28,12.41,10.690028999025621,1.719971000974379
2015-04-29,13.39,10.802055359977043,2.5879446400229575
2015-04-30,14.55,10.005546461838486,4.544453538161514
2015-05-01,12.7,9.410332618989019,3.2896673810109807
2015-05-04,12.85,9.44103384169386,3.4089661583061392
2015-05-05,14.31,8.987037331624293,5.322962668375707
2015-05-06,15.15,8.894670314295446,6.255329685704554
2015-05-07,15.13,9.145411964477528,5.9845880355224725
2015-05-08,12.86,8.042059437731657,4.817940562268342
2015-05-11,13.85,8.995745661144978,4.8542543388550214
2015-05-12,13.86,8.952380688956914,4.907619311043085
2015-05-13,13.76,9.259382268813008,4.500617731186992
2015-05-14,12.74,8.657011031528656,4.082988968471344
2015-05-15,12.38,8.914823610145566,3.4651763898544345
2015-05-18,12.73,8.78325679916105,3.9467432008389505
2015-05-19,12.85,9.470526912480041,3.3794730875199583
2015-05-20,12.88,9.593948092417886,3.286051907582115
2015-05-21,12.11,9.814063378642341,2.295936621357658
2015-05-22,12.13,9.781791247006282,2.3482087529937186
2015-05-26,14.06,9.512513863328067,4.5474861366719335
2015-05-27,13.27,8.989019968829124,4.280980031170875
2015-05-28,13.31,8.983945681047317,4.326054318952684
2015-05-29,13.84,11.500702587233917,2.339297412766083
2015-06-01,13.97,11.558736955221747,2.411263044778254
2015-06-02,14.24,11.802098118555396,2.4379018814446045
2015-06-03,13.66,11.694850148676933,1.9651498513230674
2015-06-04,14.71,11.380029876938321,3.3299701230616794
2015-06-05,14.21,11.551212923325792,2.6587870766742085
2015-06-08,15.29,12.737002787155577,2.5529972128444225
2015-06-09,14.47,12.796261954180558,1.6737380458194426
2015-06-10,13.22,12.846185426032461,0.3738145739675396
2015-06-11,12.85,13.479936201629766,-0.629936201629766
2015-06-12,13.78,13.38971396259116,0.39028603740884016
2015-06-15,15.39,13.298053992972378,2.091946007027623
2015-06-16,14.81,13.413956910621435,1.3960430893785656
2015-06-17,14.5,13.409084979968194,1.0909150200318063
2015-06-18,13.19,12.971027715644148,0.2189722843558517
2015-06-19,13.96,12.984190386774552,0.975809613225449
2015-06-22,12.74,12.794264339930168,-0.05426433993016744
2015-06-23,12.11,12.918730587794172,-0.8087305877941731
2015-06-24,13.26,13.170148062949364,0.08985193705063566
2015-06-25,14.01,13.358107650412492,0.6518923495875075
2015-06-26,14.02,14.135113724339426,-0.11511372433942668
2015-06-29,18.85,12.132266070277577,6.717733929722424
2015-06-30,18.23,12.102541881770478,6.127458118229523
2015-07-01,16.09,11.972989601599451,4.117010398400549
2015-07-02,16.79,12.037820400720744,4.7521795992792555
2015-07-06,17.01,11.965726054026499,5.044273945973503
2015-07-07,16.09,11.89390600265567,4.196093997344329
2015-07-08,19.66,10.698158720079288,8.961841279920712
2015-07-09,19.97,10.773356023078815,9.196643976921184
2015-07-10,16.83,10.886905896535001,5.943094103464997
2015-07-13,13.9,10.692386076082771,3.207613923917229
2015-07-14,13.37,10.529871794091738,2.840128205908261
2015-07-15,13.23,10.525449159062465,2.704550840937536
2015-07-16,12.11,10.247132281765897,1.862867718234103
2015-07-17,11.95,10.510714533275497,1.4392854667245025
2015-07-20,12.25,10.557579267995518,1.6924207320044822
2015-07-21,12.22,10.820929719761088,1.399070280238913
2015-07-22,12.12,13.138109453038096,-1.0181094530380967
2015-07-23,12.64,16.226678033411805,-3.586678033411804
2015-07-24,13.74,20.363482020519218,-6.6234820205192175
2015-07-27,15.6,20.493746363220403,-4.893746363220403
2015-07-28,13.44,24.41695804149258,-10.976958041492582
2015-07-29,12.5,25.96535846084181,-13.46535846084181
2015-07-30,12.13,25.99208033228601,-13.86208033228601
2015-07-31,12.12,26.042151984811262,-13.922151984811263
2015-08-03,12.56,27.587888647013376,-15.027888647013375
2015-08-04,13.0,28.641551633946253,-15.641551633946253
2015-08-05,12.51,28.592831968869564,-16.082831968869563
2015-08-06,13.77,28.77227623946374,-15.00227623946374
2015-08-07,13.39,30.43639991851877,-17.04639991851877
2015-08-10,12.23,30.152983931942945,-17.922983931942944
2015-08-11,13.71,30.186895832463616,-16.476895832463615
2015-08-12,13.61,30.265776712319965,-16.655776712319966
2015-08-13,13.49,30.268131756023685,-16.778131756023683
2015-08-14,12.83,30.61690709395724,-17.78690709395724
2015-08-17,13.02,30.713661455450236,-17.693661455450236
2015-08-18,13.79,30.709722890316176,-16.919722890316176
2015-08-19,15.25,31.028507537424506,-15.778507537424506
2015-08-20,19.14,30.212346482853814,-11.072346482853813
2015-08-21,28.03,28.762289894930287,-0.7322898949302861
2015-08-24,40.74,25.118274622274694,15.621725377725308
2015-08-25,36.02,24.74787506029576,11.272124939704245
2015-08-26,30.32,21.225675960967866,9.094324039032134
2015-08-27,26.1,21.180127478370135,4.919872521629866
2015-08-28,26.05,21.121059632509198,4.928940367490803
2015-08-31,28.43,22.294213599048728,6.135786400951272
2015-09-01,31.4,19.89105427070192,11.50894572929808
2015-09-02,26.09,19.531933852028303,6.558066147971697
2015-09-03,25.61,20.656043183533697,4.953956816466302
2015-09-04,27.8,20.05817439349875,7.741825606501251
2015-09-08,24.9,18.349137309421632,6.5508626905783665
2015-09-09,26.23,17.829031381429804,8.400968618570197
2015-09-10,24.37,17.78564702224827,6.584352977751731
2015-09-11,23.2,17.751001098529873,5.4489989014701266
2015-09-14,24.25,17.90361192608935,6.346388073910649
2015-09-15,22.54,17.57240450251499,4.967595497485011
2015-09-16,21.35,18.162030723462863,3.187969276537139
2015-09-17,21.14,18.174051832214218,2.9659481677857826
2015-09-18,22.28,17.112430569618358,5.1675694303816435
2015-09-21,20.14,17.12333495555141,3.0166650444485903
2015-09-22,22.44,16.6447288953593,5.795271104640701
2015-09-23,22.13,17.203832131243573,4.926167868756426
2015-09-24,23.47,17.30719041323601,6.162809586763988
2015-09-25,23.62,17.29972832156646,6.320271678433542
2015-09-28,27.63,13.948229995236252,13.681770004763747
2015-09-29,26.83,14.269487727315521,12.560512272684477
2015-09-30,24.5,13.494545564783142,11.005454435216858
2015-10-01,22.55,13.754917666057057,8.795082333942943
2015-10-02,20.94,13.539023598472987,7.400976401527014
2015-10-05,19.54,12.248737077756571,7.291262922243428
2015-10-06,19.4,12.135084672140058,7.26491532785994
2015-10-07,18.4,11.940768819469232,6.459231180530766
2015-10-08,17.42,11.725485064593649,5.694514935406353
2015-10-09,17.08,12.377526408778484,4.702473591221514
2015-10-12,16.17,12.374030871143356,3.7959691288566457
2015-10-13,17.67,12.148096147133868,5.521903852866133
2015-10-14,18.03,13.134893985107334,4.895106014892667
2015-10-15,16.05,12.640895537896396,3.4091044621036044
2015-10-16,15.05,13.493758557200028,1.5562414427999727
2015-10-19,14.98,13.503683941799324,1.476316058200677
2015-10-20,15.75,14.530520981713243,1.2194790182867568
2015-10-21,16.7,14.232387009915406,2.467612990084593
2015-10-22,14.45,13.392133511879612,1.0578664881203874
2015-10-23,14.46,12.897055477899169,1.5629445221008318
2015-10-26,15.29,12.877394146332904,2.4126058536670953
2015-10-27,15.43,12.756739395316064,2.673260604683936
2015-10-28,14.33,11.78711160547863,2.54288839452137
2015-10-29,14.61,11.893386397490374,2.716613602509625
2015-10-30,15.07,12.23011856034147,2.83988143965853
2015-11-02,14.15,12.00067498101707,2.14932501898293
2015-11-03,14.54,12.943545109436178,1.5964548905638214
2015-11-04,15.51,14.643999453701472,0.8660005462985279
2015-11-05,15.05,14.912448491110009,0.13755150888999168
2015-11-06,14.33,15.002847729681495,-0.6728477296814948
2015-11-09,16.52,14.921522710501403,1.5984772894985966
2015-11-10,15.29,14.963571766126199,0.32642823387380027
2015-11-11,16.06,16.38592200640566,-0.32592200640566205
2015-11-12,18.37,15.74252965695187,2.627470343048131
2015-11-13,20.08,15.804152618853342,4.275847381146656
2015-11-16,18.16,15.892711537053989,2.267288462946011
2015-11-17,18.84,16.71930261703547,2.1206973829645293
2015-11-18,16.85,16.56104706834714,0.2889529316528616
2015-11-19,16.99,16.866802898000834,0.123197101999164
2015-11-20,15.47,17.165740298629977,-1.6957402986299766
2015-11-23,15.62,17.84305579210044,-2.223055792100441
2015-11-24,15.93,17.81807396998927,-1.8880739699892715
2015-11-25,15.19,17.82514403868898,-2.6351440386889795
2015-11-27,15.12,18.248912296353698,-3.1289122963536986
2015-11-30,16.13,18.35001689372544,-2.2200168937254396
2015-12-01,14.67,18.19174867900305,-3.5217486790030517
2015-12-02,15.91,18.645952912093534,-2.735952912093534
2015-12-03,18.11,18.024543267445345,0.08545673255465402
2015-12-04,14.81,17.02555373548859,-2.215553735488589
2015-12-07,15.84,18.567129018779653,-2.727129018779653
2015-12-08,17.6,18.75017119921868,-1.1501711992186792
2015-12-09,19.61,18.68945906119301,0.9205409388069903
2015-12-10,19.34,18.917290503663825,0.42270949633617505
2015-12-11,24.39,19.765834158972638,4.624165841027363
2015-12-14,22.73,20.827609560389053,1.9023904396109472
2015-12-15,20.95,21.181906429781286,-0.2319064297812865
2015-12-16,17.86,20.078247931530527,-2.2182479315305272
2015-12-17,18.94,19.84048890526667,-0.9004889052666698
2015-12-18,20.7,19.556291059401055,1.1437089405989447
2015-12-21,18.7,21.004493804898264,-2.3044938048982644
2015-12-22,16.6,21.075398928608912,-4.475398928608911
2015-12-23,15.57,21.32425661072408,-5.754256610724081
2015-12-24,15.74,21.428110509328857,-5.688110509328856
2015-12-28,16.91,21.67314559541392,-4.763145595413921
2015-12-29,16.08,23.532815386179564,-7.452815386179566
2015-12-30,17.29,23.51103145334142,-6.221031453341421
2015-12-31,18.21,24.15004347822193,-5.940043478221931
2016-01-04,20.7,23.8842458537005,-3.1842458537004994
2016-01-05,19.34,23.918617016876407,-4.578617016876407
2016-01-06,20.59,24.45144903681599,-3.8614490368159906
2016-01-07,24.99,23.622468118298084,1.3675318817019146
2016-01-08,27.01,23.41989410736115,3.590105892638853
2016-01-11,24.3,23.426546480435597,0.8734535195644035
2016-01-12,22.47,23.406206869119345,-0.9362068691193457
2016-01-13,25.22,23.001877314689104,2.2181226853108953
2016-01-14,23.95,23.128354027038096,0.8216459729619032
2016-01-15,27.02,22.65055231114705,4.369447688852951
2016-01-19,26.05,22.7329646108907,3.3170353891093
2016-01-20,27.59,22.414809390222548,5.175190609777452
2016-01-21,26.69,22.831189193732527,3.858810806267474
2016-01-22,22.34,22.255894500109605,0.08410549989039495
2016-01-25,24.15,21.37993171177141,2.7700682882285896
2016-01-26,22.5,21.088462248348236,1.411537751651764
2016-01-27,23.11,20.61327339361725,2.496726606382751
2016-01-28,22.42,20.795876514347952,1.6241234856520492
2016-01-29,20.2,20.467998436584097,-0.2679984365840973
2016-02-01,19.98,20.511138437444394,-0.5311384374443939
2016-02-02,21.98,18.992282643221394,2.9877173567786066
2016-02-03,21.65,18.983011352259382,2.6669886477406166
2016-02-04,21.84,18.983656128364963,2.856343871635037
2016-02-05,23.38,17.93839792177686,5.441602078223138
2016-02-08,26.0,16.702488437355925,9.297511562644075
2016-02-09,26.54,16.709692995384692,9.830307004615307
2016-02-10,26.29,17.237050791826547,9.052949208173452
2016-02-11,28.14,16.340964475819902,11.799035524180098
2016-02-12,25.4,15.69333616539225,9.706663834607749
2016-02-16,24.11,14.910995942592445,9.199004057407555
2016-02-17,22.31,14.107687266168345,8.202312733831654
2016-02-18,21.64,13.811634226260425,7.828365773739575
2016-02-19,20.53,13.801656422328746,6.7283435776712555
2016-02-22,19.38,13.290999962380875,6.089000037619124
2016-02-23,20.98,12.831759037638152,8.148240962361848
2016-02-24,20.72,12.841350396278752,7.878649603721247
2016-02-25,19.11,12.50409692860738,6.6059030713926195
2016-02-26,19.81,12.801817058527606,7.008182941472393
2016-02-29,20.55,12.313022374705907,8.236977625294093
2016-03-01,17.7,9.974182673282483,7.725817326717516
2016-03-02,17.09,10.021472945630723,7.068527054369277
2016-03-03,16.7,10.19218524164512,6.507814758354879
2016-03-04,16.86,10.862651609989555,5.997348390010444
2016-03-07,17.35,11.43180300740039,5.918196992599611
2016-03-08,18.67,11.369617407811425,7.300382592188576
2016-03-09,18.34,11.313068549249078,7.026931450750922
2016-03-10,18.05,11.37969771127549,6.6703022887245105
2016-03-11,16.5,10.393205472808123,6.106794527191877
2016-03-14,16.92,11.054859564915722,5.86514043508428
2016-03-15,16.84,10.907025258979122,5.932974741020878
2016-03-16,14.99,10.811516082400683,4.178483917599317
2016-03-17,14.44,10.774725982595038,3.665274017404961
2016-03-18,14.02,10.694507001260444,3.3254929987395556
2016-03-21,13.79,10.693497089353354,3.0965029106466453
2016-03-22,14.17,10.893330069359356,3.2766699306406437
2016-03-23,14.94,10.3041215054952,4.6358784945048
2016-03-24,14.74,10.386939876595449,4.353060123404552
2016-03-28,15.24,10.387373103918462,4.852626896081539
2016-03-29,13.82,9.861926789426532,3.9580732105734686
2016-03-30,13.56,10.491156275645158,3.068843724354842
2016-03-31,13.95,10.658005441920587,3.2919945580794128
2016-04-01,13.1,10.766999582056686,2.333000417943314
2016-04-04,14.12,11.326314493250171,2.793685506749828
2016-04-05,15.42,11.06551941844615,4.354480581553849
2016-04-06,14.09,10.310792404078793,3.779207595921207
2016-04-07,16.16,9.40638506547594,6.753614934524061
2016-04-08,15.36,9.366805218430073,5.993194781569926
2016-04-11,16.26,10.184411617762153,6.075588382237848
2016-04-12,14.85,10.230824013734614,4.619175986265386
2016-04-13,13.84,9.248489606417305,4.591510393582695
2016-04-14,13.72,9.629940809787412,4.090059190212589
2016-04-15,13.62,10.318918547987911,3.301081452012088
2016-04-18,13.35,10.477713491025083,2.8722865089749163
2016-04-19,13.24,10.412469447734724,2.8275305522652765
2016-04-20,13.28,10.389152034695089,2.8908479653049106
2016-04-21,13.95,10.745328287214356,3.2046717127856432
2016-04-22,13.22,10.726790759589235,2.4932092404107653
2016-04-25,14.08,11.931408969606604,2.148591030393396
2016-04-26,13.96,12.152812020269584,1.8071879797304167
2016-04-27,13.77,12.130821901256686,1.6391780987433133
2016-04-28,15.22,11.722240400196917,3.497759599803084
2016-04-29,15.7,11.547378923375156,4.152621076624843
2016-05-02,14.68,11.279984042542296,3.400015957457704
2016-05-03,15.6,10.566344684894995,5.033655315105005
2016-05-04,16.05,10.346390675013614,5.703609324986386
2016-05-05,15.91,10.43317593065547,5.476824069344531
2016-05-06,14.72,10.406376891118668,4.313623108881332
2016-05-09,14.57,10.423337277475419,4.146662722524582
2016-05-10,13.63,9.739486639449163,3.8905133605508375
2016-05-11,14.69,9.957927495217504,4.732072504782495
2016-05-12,14.41,10.454455509494927,3.9555444905050727
2016-05-13,15.04,10.005510481729994,5.034489518270005
2016-05-16,14.68,9.467979721144783,5.212020278855217
2016-05-17,15.57,8.77849417611066,6.79150582388934
2016-05-18,15.95,8.883127827517107,7.066872172482892
2016-05-19,16.33,9.023249968831005,7.306750031168994
2016-05-20,15.2,8.739798624682878,6.460201375317121
2016-05-23,15.82,8.744005946933521,7.075994053066479
2016-05-24,14.42,8.782621476530156,5.6373785234698435
2016-05-25,13.9,15.5419960108092,-1.6419960108091995
2016-05-26,13.43,16.9368887343576,-3.5068887343575987
2016-05-27,13.12,18.130477103485422,-5.010477103485423
2016-05-31,14.19,19.334295953046983,-5.144295953046983
2016-06-01,14.2,19.992827713958047,-5.792827713958047
2016-06-02,13.63,19.97195333461424,-6.3419533346142405
2016-06-03,13.47,20.14258473979963,-6.67258473979963
2016-06-06,13.65,20.15059006580227,-6.500590065802269
2016-06-07,14.05,20.14421703616224,-6.094217036162238
2016-06-08,14.08,20.882519962878256,-6.8025199628782556
2016-06-09,14.64,20.896987342677146,-6.256987342677146
2016-06-10,17.03,20.62439526386189,-3.5943952638618875
2016-06-13,20.97,20.32832703396934,0.6416729660306579
2016-06-14,20.5,20.312205197860933,0.18779480213906652
2016-06-15,20.14,20.30121375681781,-0.16121375681780847
2016-06-16,19.37,20.30121375681781,-0.931213756817808
2016-06-17,19.41,20.277437707955325,-0.8674377079553253
2016-06-20,18.37,20.22305614886159,-1.8530561488615902
2016-06-21,18.48,20.325897766150668,-1.8458977661506673
2016-06-22,21.17,20.30159501123024,0.8684049887697611
2016-06-23,17.25,19.85130020930641,-2.601300209306409
2016-06-24,25.76,14.187003912031898,11.572996087968104
2016-06-27,23.85,11.430375321922208,12.419624678077794
2016-06-28,18.75,10.32630040237104,8.42369959762896
2016-06-29,16.64,8.86237439967464,7.777625600325361
2016-06-30,15.63,7.8769588040060565,7.753041195993944
2016-07-01,14.77,8.437018430702201,6.332981569297798
2016-07-05,15.58,7.714360634557378,7.865639365442622
2016-07-06,14.96,7.569811094076825,7.390188905923176
2016-07-07,14.76,7.979601493809607,6.780398506190393
2016-07-08,13.2,6.243671996510436,6.956328003489563
2016-07-11,13.54,6.159548684766493,7.380451315233506
2016-07-12,13.55,5.853070988806535,7.696929011193466
2016-07-13,13.04,6.063335715594897,6.976664284405103
2016-07-14,12.82,5.88762770562208,6.93237229437792
2016-07-15,12.67,5.969442184995906,6.700557815004094
2016-07-18,12.44,6.352807253491069,6.08719274650893
2016-07-19,11.97,6.281439325505637,5.688560674494363
2016-07-20,11.77,6.171197614726718,5.598802385273282
2016-07-21,12.74,5.999489978323884,6.7405100216761165
2016-07-22,12.02,5.814626385246842,6.2053736147531575
2016-07-25,12.87,5.742536025138085,7.127463974861914
2016-07-26,13.05,6.123508798067393,6.926491201932608
2016-07-27,12.83,6.1050798520583465,6.724920147941654
2016-07-28,12.72,6.113761526262599,6.606238473737402
2016-07-29,11.87,6.344698574401211,5.525301425598788
2016-08-01,12.44,6.337071879031258,6.102928120968741
2016-08-02,13.37,5.8388355003381225,7.531164499661877
2016-08-03,12.86,5.668015525738154,7.1919844742618455
2016-08-04,12.42,5.9127252599802675,6.507274740019732
2016-08-05,11.39,5.104950538448808,6.285049461551193
2016-08-08,11.5,5.095774720296096,6.404225279703904
2016-08-09,11.66,5.15393829998078,6.50606170001922
2016-08-10,12.05,10.034887144358375,2.0151128556416253
2016-08-11,11.68,11.147885898232405,0.5321141017675952
2016-08-12,11.55,12.231673638550408,-0.6816736385504072
2016-08-15,11.81,12.109440944982103,-0.29944094498210205
2016-08-16,12.64,12.657715433679527,-0.017715433679526882
2016-08-17,12.19,12.69066428521411,-0.5006642852141105
2016-08-18,11.43,12.62244191905865,-1.1924419190586502
2016-08-19,11.34,12.623725282182313,-1.2837252821823135
2016-08-22,12.27,13.281706215694161,-1.0117062156941614
2016-08-23,12.38,13.482926981928253,-1.1029269819282526
2016-08-24,13.45,13.504359296168364,-0.054359296168364324
2016-08-25,13.63,13.84623125619419,-0.21623125619418992
2016-08-26,13.65,14.03291274112431,-0.3829127411243096
2016-08-29,12.94,14.047502269087161,-1.1075022690871617
2016-08-30,13.12,14.451424843246738,-1.3314248432467384
2016-08-31,13.42,14.769704127030062,-1.349704127030062
2016-09-01,13.48,14.800655390894313,-1.3206553908943128
2016-09-02,11.98,14.75051321141095,-2.7705132114109503
2016-09-06,12.02,14.872074502234344,-2.8520745022343448
2016-09-07,11.94,14.866082200768599,-2.926082200768599
2016-09-08,12.51,14.906629397687762,-2.3966293976877626
2016-09-09,17.5,12.1422172604516,5.3577827395484
2016-09-12,15.16,12.032047207354573,3.127952792645427
2016-09-13,17.85,10.82153408718047,7.028465912819531
2016-09-14,18.14,10.927321721264038,7.212678278735963
2016-09-15,16.3,10.24420421506761,6.055795784932391
2016-09-16,15.37,10.218342331318174,5.151657668681825
2016-09-19,15.53,10.44322364023719,5.08677635976281
2016-09-20,15.92,10.475205009927437,5.4447949900725625
2016-09-21,13.3,9.681950216769811,3.618049783230189
2016-09-22,12.02,9.300658041236062,2.7193419587639376
2016-09-23,12.29,9.341391759262049,2.9486082407379506
2016-09-26,14.5,8.962508577402248,5.537491422597752
2016-09-27,13.1,8.676035961198462,4.423964038801538
2016-09-28,12.39,8.433476151623898,3.9565238483761025
2016-09-29,14.02,7.831237450110229,6.188762549889771
2016-09-30,13.29,7.066470123053589,6.22352987694641
2016-10-03,13.57,7.333863920199846,6.236136079800154
2016-10-04,13.63,7.555244536082804,6.074755463917197
2016-10-05,12.99,7.147315579992891,5.842684420007109
2016-10-06,12.84,7.138041748267457,5.701958251732543
2016-10-07,13.48,10.957041571519612,2.522958428480388
2016-10-10,13.38,10.885445328511324,2.494554671488677
2016-10-11,15.36,11.104545015443396,4.255454984556604
2016-10-12,15.91,11.137789726871699,4.772210273128302
2016-10-13,16.69,10.995120736035995,5.6948792639640065
2016-10-14,16.12,10.992735783234703,5.1272642167652975
2016-10-17,16.21,11.127554987507752,5.082445012492249
2016-10-18,15.28,11.058234940532266,4.221765059467733
2016-10-19,14.41,11.150565904921987,3.2594340950780136
2016-10-20,13.75,11.150565904921987,2.5994340950780135
2016-10-21,13.34,11.338656005012613,2.001343994987387
2016-10-24,13.02,11.276781455717257,1.7432185442827421
2016-10-25,13.46,11.037309454754297,2.422690545245704
2016-10-26,14.24,10.93823203264625,3.3017679673537508
2016-10-27,15.36,11.19671916232646,4.16328083767354
2016-10-28,16.19,11.049647958193443,5.140352041806558
2016-10-31,17.06,11.15688666250619,5.903113337493808
2016-11-01,18.56,10.880174630951862,7.679825369048137
2016-11-02,19.32,10.337253020024635,8.982746979975365
2016-11-03,22.08,10.15203427890235,11.927965721097648
2016-11-04,22.51,10.0250107231867,12.484989276813302
2016-11-07,18.71,8.101385066765335,10.608614933234666
2016-11-08,18.74,8.097266205331795,10.642733794668203
2016-11-09,14.38,6.996962197983383,7.383037802016617
2016-11-10,14.74,7.260999931139548,7.4790000688604525
2016-11-11,14.17,7.365066191149164,6.804933808850836
2016-11-14,14.48,8.256713631948763,6.223286368051237
2016-11-15,13.37,8.030255288595036,5.339744711404963
2016-11-16,13.72,8.086395983379033,5.633604016620968
2016-11-17,13.35,7.9735989364908875,5.376401063509112
2016-11-18,12.85,7.931045328328956,4.9189546716710435
2016-11-21,12.42,7.785293828752299,4.634706171247701
2016-11-22,12.41,7.913982562528722,4.496017437471278
2016-11-23,12.43,7.916984274331272,4.513015725668728
2016-11-25,12.34,7.872524372779591,4.467475627220409
2016-11-28,13.15,8.18551159060988,4.964488409390121
2016-11-29,12.9,8.200977990459961,4.699022009540039
2016-11-30,13.33,8.396770807876603,4.933229192123397
2016-12-01,14.07,8.609215992180044,5.4607840078199565
2016-12-02,14.12,8.8748971825035,5.2451028174965
2016-12-05,12.14,8.720383019111525,3.4196169808884758
2016-12-06,11.79,8.655243497441804,3.1347565025581954
2016-12-07,12.22,7.760391742689847,4.459608257310154
2016-12-08,12.64,7.689868659477142,4.950131340522859
2016-12-09,11.75,7.60347815147836,4.14652184852164
2016-12-12,12.64,7.60347815147836,5.036521848521641
2016-12-13,12.72,7.384315811231858,5.335684188768143
2016-12-14,13.19,6.990939850979179,6.199060149020821
2016-12-15,12.79,6.8619210138276,5.928078986172399
2016-12-16,12.2,6.9548860522663345,5.245113947733665
2016-12-19,11.71,7.006037396418091,4.7039626035819095
2016-12-20,11.45,6.910357443722346,4.539642556277653
2016-12-21,11.27,7.4309945498572905,3.839005450142709
2016-12-22,11.43,7.821155924798371,3.6088440752016284
2016-12-23,11.44,7.838933600943989,3.601066399056011
2016-12-27,11.99,7.833857287442038,4.156142712557962
2016-12-28,12.95,7.5737097911135125,5.376290208886487
2016-12-29,13.37,7.567876848892871,5.8021231511071285
2016-12-30,14.04,7.2625863161830075,6.777413683816992
2017-01-03,12.85,6.757688954073628,6.092311045926372
2017-01-04,11.85,6.799511747177786,5.0504882528222135
2017-01-05,11.67,6.832153394063156,4.837846605936844
2017-01-06,11.32,6.778973373602285,4.5410266263977155
2017-01-09,11.56,6.613785602815433,4.946214397184567
2017-01-10,11.49,6.982704347171564,4.507295652828436
2017-01-11,11.26,7.0099757488887695,4.25002425111123
2017-01-12,11.54,6.991695073443107,4.5483049265568924
2017-01-13,11.23,7.060422083700706,4.1695779162992945
2017-01-17,11.87,6.803507918714326,5.0664920812856735
2017-01-18,12.48,6.901573733577622,5.578426266422379
2017-01-19,12.78,6.612125225675065,6.167874774324934
2017-01-20,11.54,6.748173086103269,4.79182691389673
2017-01-23,11.77,6.635450248476624,5.134549751523376
2017-01-24,11.07,6.340763360984902,4.729236639015098
2017-01-25,10.81,5.848271539524187,4.961728460475814
2017-01-26,10.63,5.7907408852415925,4.839259114758408
2017-01-27,10.58,6.053055426807902,4.526944573192098
2017-01-30,11.88,6.929450194640873,4.9505498053591275
2017-01-31,11.99,7.605087770697224,4.384912229302776
2017-02-01,11.81,7.592691222485509,4.217308777514491
2017-02-02,11.93,7.817273181871573,4.112726818128427
2017-02-03,10.97,7.67681965399791,3.2931803460020905
2017-02-06,11.37,7.628711555695928,3.741288444304071
2017-02-07,11.29,7.619346428664901,3.670653571335098
2017-02-08,11.45,7.645665438665791,3.8043345613342083
2017-02-09,10.88,7.371759627118115,3.508240372881886
2017-02-10,10.85,7.498415832694841,3.351584167305159
2017-02-13,11.07,7.848480107639225,3.2215198923607753
2017-02-14,10.74,7.768969043573843,2.9710309564261568
2017-02-15,11.97,7.612397782565537,4.357602217434463
2017-02-16,11.76,7.6505372360383115,4.109462763961688
2017-02-17,11.49,9.29491473871648,2.19508526128352
2017-02-21,11.57,9.040057521941378,2.529942478058622
2017-02-22,11.74,9.033205411148849,2.7067945888511513
2017-02-23,11.71,9.02925246075271,2.6807475392472906
2017-02-24,11.47,9.001966451837559,2.468033548162442
2017-02-27,12.09,9.36581229792744,2.7241877020725607
2017-02-28,12.92,9.279312474532196,3.640687525467804
2017-03-01,12.54,7.732958036871071,4.8070419631289285
2017-03-02,11.81,7.392363627420451,4.417636372579549
2017-03-03,10.96,7.431995694294289,3.5280043057057116
2017-03-06,11.24,7.341591108200513,3.8984088917994875
2017-03-07,11.45,7.398375497364866,4.051624502635133
2017-03-08,11.86,7.462972598101163,4.3970274018988365
2017-03-09,12.3,7.464644666694379,4.835355333305622
2017-03-10,11.66,7.36449590942984,4.2955040905701605
2017-03-13,11.35,7.3437892126618705,4.006210787338129
2017-03-14,12.3,7.430372803568395,4.869627196431606
2017-03-15,11.63,7.063812002029001,4.566187997970999
2017-03-16,11.21,7.875785675093559,3.3342143249064415
2017-03-17,11.28,7.900870838079112,3.379129161920887
2017-03-20,11.34,7.875785675093559,3.4642143249064405
2017-03-21,12.47,6.596544549990453,5.873455450009548
2017-03-22,12.81,6.672942379491133,6.137057620508868
2017-03-23,13.12,7.7809845135438165,5.339015486456183
2017-03-24,12.96,8.018261656993282,4.941738343006719
2017-03-27,12.5,8.001339887794334,4.498660112205666
2017-03-28,11.53,7.685060832550951,3.8449391674490485
2017-03-29,11.42,7.78891520046333,3.63108479953667
2017-03-30,11.54,7.733602006827656,3.806397993172343
2017-03-31,12.37,7.69518030977889,4.674819690221109
2017-04-03,12.38,7.650772510015489,4.7292274899845115
2017-04-04,11.79,7.652348659072504,4.137651340927495
2017-04-05,12.89,7.53644743894686,5.3535525610531405
2017-04-06,12.39,7.516358160705801,4.8736418392942
2017-04-07,12.87,7.508403292312467,5.361596707687532
2017-04-10,14.05,7.517124450214236,6.532875549785765
2017-04-11,15.07,7.59873410509992,7.47126589490008
2017-04-12,15.77,7.373126880775121,8.396873119224878
2017-04-13,15.96,6.815614425714572,9.14438557428543
2017-04-17,14.66,6.310115688322098,8.349884311677902
2017-04-18,14.42,9.562332351472039,4.857667648527961
2017-04-19,14.93,9.63075697959453,5.29924302040547
2017-04-20,14.15,9.510053627609508,4.639946372390492
2017-04-21,14.63,9.580279745394114,5.049720254605887
2017-04-24,10.84,8.745385068709597,2.094614931290403
2017-04-25,10.76,8.49307011627767,2.26692988372233
2017-04-26,10.85,8.600576724848674,2.249423275151326
2017-04-27,10.36,8.600688344545961,1.759311655454038
2017-04-28,10.82,8.552978428594844,2.267021571405156
2017-05-01,10.11,8.536828450894909,1.5731715491050906
2017-05-02,10.59,9.085242979690124,1.5047570203098761
2017-05-03,10.68,9.071681211330601,1.6083187886693988
2017-05-04,10.46,9.11943419297539,1.3405658070246105
2017-05-05,10.57,9.11358985252292,1.4564101474770794
2017-05-08,9.77,9.109335870413865,0.6606641295861344
2017-05-09,9.96,9.104183653684096,0.8558163463159048
2017-05-10,10.21,9.121460409386687,1.0885395906133137
2017-05-11,10.6,9.074736359807305,1.5252636401926942
2017-05-12,10.4,9.16550489607685,1.23449510392315
2017-05-15,10.42,9.084034346038589,1.335965653961411
2017-05-16,10.65,9.172591782043325,1.4774082179566754
2017-05-17,15.59,5.459219724466916,10.130780275533084
2017-05-18,14.66,5.9284433032633945,8.731556696736606
2017-05-19,12.04,6.398946788340147,5.641053211659852
2017-05-22,10.93,6.212516398369402,4.717483601630597
2017-05-23,10.72,6.205404096431493,4.514595903568508
2017-05-24,10.02,6.205404096431493,3.814595903568507
2017-05-25,9.99,6.076946601707865,3.913053398292135
2017-05-26,9.81,6.839526299387176,2.970473700612825
2017-05-30,10.38,7.610829126974849,2.7691708730251516
2017-05-31,10.41,8.224050097124213,2.1859499028757874
2017-06-01,9.89,7.54971522641807,2.3402847735819305
2017-06-02,9.75,7.489488634079692,2.2605113659203084
2017-06-05,10.07,7.479957219129588,2.5900427808704123
2017-06-06,10.45,8.129464927042179,2.3205350729578207
2017-06-07,10.39,8.487833645872712,1.9021663541272886
2017-06-08,10.16,8.46409120933895,1.6959087906610506
2017-06-09,10.7,8.454814013330445,2.2451859866695543
2017-06-12,11.46,8.804646500570525,2.6553534994294754
2017-06-13,10.42,8.620944263826837,1.7990557361731625
2017-06-14,10.64,8.70186876481189,1.938131235188111
2017-06-15,10.9,8.61371696772124,2.28628303227876
2017-06-16,10.38,8.606581202777836,1.773418797222165
2017-06-19,10.37,8.338122090735347,2.0318779092646526
2017-06-20,10.86,7.848105503878547,3.011894496121452
2017-06-21,10.75,7.850658571101456,2.899341428898544
2017-06-22,10.48,7.857686682479059,2.622313317520941
2017-06-23,10.02,7.908089529084047,2.1119104709159524
2017-06-26,9.9,7.923325059595167,1.9766749404048332
2017-06-27,11.06,7.220047091259772,3.839952908740228
2017-06-28,10.03,6.5029131933318,3.5270868066681995
2017-06-29,11.44,5.687111744990486,5.7528882550095135
2017-06-30,11.18,5.707542378292843,5.472457621707156
2017-07-03,11.22,5.719587397707001,5.500412602292999
2017-07-05,11.07,5.807873965575422,5.262126034424578
2017-07-06,12.54,4.492326791319694,8.047673208680305
2017-07-07,11.19,4.003488478815536,7.186511521184464
2017-07-10,11.11,4.163123827128945,6.946876172871055
2017-07-11,10.89,4.228191102588523,6.661808897411477
2017-07-12,10.3,6.397146238754347,3.9028537612456535
2017-07-13,9.9,6.405151052083697,3.494848947916303
2017-07-14,9.51,7.231788160614832,2.2782118393851674
2017-07-17,9.82,7.243004901282952,2.576995098717048
2017-07-18,9.89,7.268705524370131,2.6212944756298695
2017-07-19,9.79,8.845724390913896,0.9442756090861035
2017-07-20,9.58,8.841735123832258,0.738264876167742
2017-07-21,9.36,8.85967268018458,0.500327319815419
2017-07-24,9.43,9.739702254176406,-0.30970225417640584
2017-07-25,9.43,9.656987107789313,-0.22698710778931286
2017-07-26,9.6,9.659950310431675,-0.059950310431675646
2017-07-27,10.11,9.699224711285382,0.41077528871461766
2017-07-28,10.29,9.704326870010561,0.5856731299894378
2017-07-31,10.26,9.71652406985178,0.5434759301482206
2017-08-01,10.09,9.874263516840582,0.21573648315941796
2017-08-02,10.28,10.1250125925852,0.154987407414799
2017-08-03,10.44,10.137780822251429,0.30221917774857054
2017-08-04,10.03,10.491425070027853,-0.46142507002785393
2017-08-07,9.93,10.526161693609353,-0.5961616936093534
2017-08-08,10.96,10.500228568941198,0.4597714310588028
2017-08-09,11.11,10.505387189438041,0.6046128105619584
2017-08-10,16.04,9.678956555332228,6.3610434446677715
2017-08-11,15.51,9.735678712858633,5.774321287141367
2017-08-14,12.33,9.156781093812867,3.1732189061871328
2017-08-15,12.04,9.162165682850796,2.877834317149203
2017-08-16,11.74,9.163671753178896,2.576328246821104
2017-08-17,15.55,6.848398352900381,8.701601647099618
2017-08-18,14.26,6.753647903171191,7.506352096828809
2017-08-21,13.19,6.741082999044636,6.448917000955364
2017-08-22,11.35,6.090911261872785,5.259088738127215
2017-08-23,12.25,5.8793366972821595,6.3706633027178405
2017-08-24,12.23,5.9592818359269355,6.270718164073065
2017-08-25,11.28,5.9620600466624545,5.317939953337545
2017-08-28,11.32,6.205607141932904,5.114392858067096
2017-08-29,11.7,6.203170157267062,5.496829842732938
2017-08-30,11.22,6.096749953869576,5.1232500461304245
2017-08-31,10.59,5.992765638668733,4.5972343613312665
2017-09-01,10.13,5.987336636603013,4.142663363396988
2017-09-05,12.23,4.936922118082138,7.2930778819178625
2017-09-06,11.63,5.091357382860548,6.538642617139453
2017-09-07,11.55,5.097999607690118,6.452000392309882
2017-09-08,12.12,5.155788979390896,6.9642110206091035
2017-09-11,10.73,4.056210053733493,6.673789946266507
2017-09-12,10.58,3.9371614140150113,6.642838585984989
2017-09-13,10.5,4.088300380354739,6.411699619645261
2017-09-14,10.44,3.995942942536679,6.44405705746332
2017-09-15,10.17,3.9929688203151166,6.177031179684883
2017-09-18,10.15,3.994351011116663,6.155648988883337
2017-09-19,10.18,3.993599879808781,6.186400120191219
2017-09-20,9.78,4.007053780523631,5.772946219476369
2017-09-21,9.67,4.033693096903712,5.636306903096288
2017-09-22,9.59,4.5471265652067245,5.042873434793275
2017-09-25,10.21,4.326925005128777,5.883074994871224
2017-09-26,10.17,4.873278157463281,5.296721842536719
2017-09-27,9.87,4.524625951391865,5.345374048608134
2017-09-28,9.55,5.163882260471155,4.386117739528846
2017-09-29,9.51,5.491371413409289,4.018628586590711
2017-10-02,9.45,5.318428339275501,4.131571660724498
2017-10-03,9.51,5.280386349502162,4.229613650497837
2017-10-04,9.63,5.27993181774242,4.350068182257581
2017-10-05,9.19,5.062675182155061,4.127324817844938
2017-10-06,9.65,5.036224776557216,4.613775223442785
2017-10-09,10.33,5.014806078006286,5.315193921993714
2017-10-10,10.08,4.980807163503601,5.099192836496399
2017-10-11,9.85,5.22869390957329,4.621306090426709
2017-10-12,9.91,5.170152802384936,4.739847197615064
2017-10-13,9.61,5.172241293676158,4.437758706323842
2017-10-16,9.91,5.23340806740778,4.6765919325922205
2017-10-17,10.31,5.570712701262638,4.739287298737363
2017-10-18,10.07,6.562785993768866,3.507214006231134
2017-10-19,10.05,6.5943066352732504,3.4556933647267503
2017-10-20,9.97,6.342182589614466,3.6278174103855347
2017-10-23,11.07,6.477425414468992,4.5925745855310085
2017-10-24,11.16,6.47464593626623,4.6853540637337705
2017-10-25,11.23,6.155573084612735,5.074426915387265
2017-10-26,11.3,6.166713873693895,5.133286126306106
2017-10-27,9.8,6.5701050219923225,3.229894978007678
2017-10-30,10.5,6.26126185365288,4.23873814634712
2017-10-31,10.18,6.710457510483817,3.469542489516183
2017-11-01,10.2,6.8239284873164285,3.3760715126835708
2017-11-02,9.93,6.872484266988808,3.0575157330111917
2017-11-03,9.14,7.092125210401233,2.047874789598768
2017-11-06,9.4,7.119609539856013,2.2803904601439875
2017-11-07,9.89,7.131095287542349,2.7589047124576513
2017-11-08,9.78,7.261809691806079,2.5181903081939208
2017-11-09,10.5,6.998591286823987,3.501408713176013
2017-11-10,11.29,6.984895131640034,4.305104868359965
2017-11-13,11.5,6.998951350024418,4.501048649975582
2017-11-14,11.59,7.222140956808352,4.367859043191648
2017-11-15,13.13,7.254369717625961,5.87563028237404
2017-11-16,11.76,6.865907077728957,4.894092922271043
2017-11-17,11.43,6.988416129568173,4.441583870431827
2017-11-20,10.65,7.018059560876397,3.6319404391236034
2017-11-21,9.73,6.800358814063317,2.929641185936683
2017-11-22,9.88,6.80875318982915,3.0712468101708508
2017-11-24,9.67,6.85498358860243,2.81501641139757
2017-11-27,9.87,6.822459966904066,3.047540033095933
2017-11-28,10.03,5.993466442719831,4.036533557280168
2017-11-29,10.7,6.4464967230278445,4.253503276972155
2017-11-30,11.28,6.504795154346427,4.7752048456535725
2017-12-01,11.43,6.628420626364074,4.801579373635926
2017-12-04,11.68,6.645019187331866,5.034980812668134
2017-12-05,11.33,6.524844825741727,4.805155174258273
2017-12-06,11.02,6.434348451864304,4.585651548135695
2017-12-07,10.16,6.396658502687835,3.7633414973121653
2017-12-08,9.58,6.36449840914495,3.21550159085505
2017-12-11,9.34,6.792969895414565,2.547030104585435
2017-12-12,9.92,6.951693318897815,2.9683066811021845
2017-12-13,10.18,7.355136980370151,2.8248630196298485
2017-12-14,10.49,7.3422939194783305,3.1477060805216697
2017-12-15,9.42,7.120721873518761,2.299278126481239
2017-12-18,9.53,7.0653662325465145,2.464633767453485
2017-12-19,10.03,7.037797951064557,2.992202048935442
2017-12-20,9.72,6.9724113475904765,2.747588652409524
2017-12-21,9.62,7.115310253250273,2.504689746749726
2017-12-22,9.9,7.042715385418359,2.8572846145816415
2017-12-26,10.25,7.488855720335944,2.761144279664056
2017-12-27,10.47,8.129324695201221,2.340675304798779
2017-12-28,10.18,9.390629371879635,0.7893706281203645
2017-12-29,11.04,8.990421569648916,2.049578430351083
2018-01-02,9.77,8.757561304381975,1.012438695618025
2018-01-03,9.15,11.838371509629555,-2.6883715096295546
2018-01-04,9.22,18.462871932611378,-9.242871932611378
2018-01-05,9.22,19.31309503937701,-10.09309503937701
2018-01-08,9.52,19.31628225099253,-9.79628225099253
2018-01-09,10.08,22.894574903238745,-12.814574903238745
2018-01-10,9.82,23.59521900724825,-13.77521900724825
2018-01-11,9.88,23.942814370913233,-14.062814370913232
2018-01-12,10.16,23.81670758102407,-13.656707581024069
2018-01-16,11.66,24.522260091598593,-12.862260091598593
2018-01-17,11.91,24.68666684670106,-12.776666846701058
2018-01-18,12.22,24.688555243270294,-12.468555243270293
2018-01-19,11.27,24.633255570468336,-13.363255570468336
2018-01-22,11.03,24.42310545364797,-13.393105453647971
2018-01-23,11.1,24.3882053460276,-13.2882053460276
2018-01-24,11.47,25.133607779226786,-13.663607779226785
2018-01-25,11.58,25.500651756376918,-13.920651756376918
2018-01-26,11.08,25.42056569000795,-14.340565690007951
2018-01-29,13.84,25.58001563721198,-11.740015637211979
2018-01-30,14.79,25.637825180775557,-10.847825180775558
2018-01-31,13.54,25.83421452260566,-12.29421452260566
2018-02-01,13.47,26.19330448797954,-12.723304487979538
2018-02-02,17.31,25.209172140314507,-7.8991721403145085
2018-02-05,37.32,20.56497118889323,16.75502881110677
2018-02-06,29.98,19.854824098944032,10.125175901055968
2018-02-07,27.73,20.510325204637997,7.219674795362003
2018-02-08,33.46,14.973889274333787,18.486110725666215
2018-02-09,29.06,14.94688997751735,14.11311002248265
2018-02-12,25.61,14.666582424000785,10.943417575999215
2018-02-13,24.97,14.713634493217805,10.256365506782194
2018-02-14,19.26,13.882790785717722,5.37720921428228
2018-02-15,19.13,14.175224865941601,4.954775134058398
2018-02-16,19.46,14.184347711474398,5.2756522885256025
2018-02-20,20.6,14.01112843421289,6.588871565787111
2018-02-21,20.02,16.540862129889394,3.4791378701106055
2018-02-22,18.72,17.951745319049326,0.7682546809506725
2018-02-23,16.49,19.66129904151832,-3.1712990415183206
2018-02-26,15.8,19.998747960810185,-4.198747960810184
2018-02-27,18.59,19.682762001304834,-1.092762001304834
2018-02-28,19.85,20.185644403882904,-0.3356444038829025
2018-03-01,22.47,21.273812070242826,1.1961879297571727
2018-03-02,19.59,21.63573155684848,-2.04573155684848
2018-03-05,18.73,21.708405745240924,-2.9784057452409236
2018-03-06,18.36,21.860292770226323,-3.5002927702263236
2018-03-07,17.76,23.002297276576734,-5.242297276576732
2018-03-08,16.54,22.981107022944073,-6.441107022944074
2018-03-09,14.64,23.045416030091744,-8.405416030091743
2018-03-12,15.78,23.059470939291067,-7.279470939291068
2018-03-13,16.35,23.292849546588528,-6.942849546588526
2018-03-14,17.23,23.26769520171711,-6.03769520171711
2018-03-15,16.59,23.51149591157503,-6.921495911575029
2018-03-16,15.8,23.85053206953692,-8.05053206953692
2018-03-19,19.02,23.380630444879134,-4.360630444879135
2018-03-20,18.2,23.43585714242193,-5.235857142421931
2018-03-21,17.86,23.592579341818674,-5.732579341818674
2018-03-22,23.34,21.807002545054395,1.5329974549456047
2018-03-23,24.87,20.970373387233927,3.899626612766074
2018-03-26,21.03,18.767932224941802,2.262067775058199
2018-03-27,22.5,17.797109877730392,4.702890122269608
2018-03-28,22.87,17.72426133862872,5.145738661371279
2018-03-29,19.97,17.359020709706208,2.610979290293791
2018-04-02,23.62,15.179090881868015,8.440909118131986
2018-04-03,21.1,14.833661719211774,6.2663382807882275
2018-04-04,20.06,14.28892158282104,5.771078417178959
2018-04-05,18.94,14.779576448599904,4.160423551400097
2018-04-06,21.49,12.468932592648368,9.02106740735163
2018-04-09,21.77,12.455533709962364,9.314466290037636
2018-04-10,20.47,11.317697645723218,9.152302354276781
2018-04-11,20.24,11.418127692402498,8.8218723075975
2018-04-12,18.49,11.137676597926912,7.352323402073086
2018-04-13,17.41,11.002228865098598,6.407771134901402
2018-04-16,16.56,10.948303978242881,5.611696021757117
2018-04-17,15.25,10.433066663259128,4.816933336740872
2018-04-18,15.6,10.428303793043666,5.171696206956334
2018-04-19,15.96,10.301728010387816,5.658271989612185
2018-04-20,16.88,10.059162987048614,6.820837012951385
2018-04-23,16.34,10.218130944551888,6.121869055448112
2018-04-24,18.02,8.864303695158956,9.155696304841044
2018-04-25,17.84,8.93928185035066,8.90071814964934
2018-04-26,16.24,8.554858268844015,7.6851417311559835
2018-04-27,15.41,9.421286536349955,5.988713463650045
2018-04-30,15.93,9.810198774745023,6.119801225254976
2018-05-01,15.49,10.243378348963237,5.246621651036763
2018-05-02,15.97,10.376346177725988,5.593653822274012
2018-05-03,15.9,10.289448964838138,5.610551035161862
2018-05-04,14.77,9.525177163707177,5.244822836292823
2018-05-07,14.75,9.788554540891555,4.961445459108445
2018-05-08,14.71,9.849763448936667,4.860236551063334
2018-05-09,13.42,9.518207814499995,3.901792185500005
2018-05-10,13.23,9.180431362414776,4.0495686375852245
2018-05-11,12.65,9.185083559772812,3.4649164402271886
2018-05-14,12.93,9.318162909072198,3.6118370909278017
2018-05-15,14.63,9.018328004680734,5.611671995319266
2018-05-16,13.42,8.953627197957752,4.4663728020422475
2018-05-17,13.43,8.975847592289478,4.454152407710522
2018-05-18,13.42,9.063257692464054,4.356742307535946
2018-05-21,13.08,8.801927061729657,4.278072938270343
2018-05-22,13.22,9.087025916107475,4.132974083892526
2018-05-23,12.58,9.053567252746781,3.526432747253219
2018-05-24,12.53,10.50034856564338,2.0296514343566194
2018-05-25,13.22,10.508744929819592,2.7112550701804086
2018-05-29,17.02,10.496176446688049,6.523823553311951
2018-05-30,14.94,9.637750774947909,5.3022492250520905
2018-05-31,15.43,9.3080094542286,6.1219905457714
2018-06-01,13.46,8.616788264777604,4.843211735222397
2018-06-04,12.74,8.547968179632463,4.1920318203675375
2018-06-05,12.4,9.10633845187016,3.2936615481298404
2018-06-06,11.64,9.130894808287357,2.509105191712644
2018-06-07,12.13,9.686330574578227,2.443669425421774
2018-06-08,12.18,9.656427910982869,2.523572089017131
2018-06-11,12.35,9.970771284108821,2.3792287158911787
2018-06-12,12.34,10.382375450734237,1.9576245492657627
2018-06-13,12.94,10.305798367909638,2.6342016320903614
2018-06-14,12.12,10.288364301481991,1.8316356985180082
2018-06-15,11.98,10.405413975426878,1.5745860245731222
2018-06-18,12.31,10.419531659340977,1.890468340659023
2018-06-19,13.35,10.399149965262012,2.9508500347379876
2018-06-20,12.79,10.39476983872221,2.395230161277789
2018-06-21,14.64,10.007399262546132,4.632600737453869
2018-06-22,13.77,10.017616482976822,3.752383517023178
2018-06-25,17.33,8.53060607460037,8.79939392539963
2018-06-26,15.92,8.644963851862467,7.2750361481375325
2018-06-27,17.91,8.31640547352092,9.59359452647908
2018-06-28,16.85,8.732635341064507,8.117364658935495
2018-06-29,16.09,8.826127123490165,7.263872876509835
2018-07-02,15.6,8.843099004308886,6.7569009956911135
2018-07-03,16.14,8.781125212636974,7.3588747873630265
2018-07-05,14.97,8.434500577983783,6.535499422016217
2018-07-06,13.37,8.097629282698044,5.272370717301955
2018-07-09,12.69,7.5924857589598975,5.097514241040102
2018-07-10,12.64,7.5976206801872435,5.042379319812757
2018-07-11,13.63,7.059053760951876,6.570946239048125
2018-07-12,12.58,6.962258254331631,5.617741745668369
2018-07-13,12.18,7.1839654787595535,4.996034521240446
2018-07-16,12.83,7.500703966962628,5.329296033037372
2018-07-17,12.06,8.063346699727665,3.9966533002723352
2018-07-18,12.1,8.558034821149594,3.541965178850406
2018-07-19,12.87,8.495888417346881,4.374111582653118
2018-07-20,12.86,8.498854040399147,4.361145959600853
2018-07-23,12.62,8.539920374336571,4.080079625663428
2018-07-24,12.41,8.52653270679289,3.8834672932071097
2018-07-25,12.29,8.114638624116848,4.175361375883151
2018-07-26,12.14,8.313497458952455,3.826502541047546
2018-07-27,13.03,7.961527491631792,5.068472508368207
2018-07-30,14.26,7.378585230246294,6.881414769753706
2018-07-31,12.83,7.409097110985168,5.420902889014832
2018-08-01,13.15,7.616392847011556,5.533607152988444
2018-08-02,12.19,7.394238297486012,4.795761702513987
2018-08-03,11.64,7.413298860831718,4.2267011391682825
2018-08-06,11.27,7.5174836215324685,3.752516378467531
2018-08-07,10.93,7.678320128778754,3.2516798712212456
2018-08-08,10.85,7.7120503110397935,3.137949688960206
2018-08-09,11.27,7.734672585184777,3.5353274148152227
2018-08-10,13.16,7.436208711434132,5.723791288565868
2018-08-13,14.78,7.165601161103571,7.614398838896428
2018-08-14,13.31,6.969183596376902,6.340816403623099
2018-08-15,14.64,5.911751009642473,8.728248990357528
2018-08-16,13.45,6.0668673959473445,7.383132604052655
2018-08-17,12.64,6.259795523817763,6.380204476182238
2018-08-20,12.49,6.234439830490699,6.255560169509301
2018-08-21,12.86,6.628502093234102,6.231497906765897
2018-08-22,12.25,6.675908926880959,5.574091073119041
2018-08-23,12.41,6.752901598572934,5.657098401427066
2018-08-24,11.99,6.482582818600078,5.507417181399922
2018-08-27,12.16,6.164572977912504,5.995427022087497
2018-08-28,12.5,6.233140460474881,6.266859539525119
2018-08-29,12.25,5.911334874629337,6.338665125370663
2018-08-30,13.53,5.755383566714646,7.774616433285353
2018-08-31,12.86,5.801754906923337,7.058245093076662
2018-09-04,13.16,5.826069000622032,7.333930999377968
2018-09-05,13.91,6.540082568286813,7.369917431713187
2018-09-06,14.65,6.739961424222623,7.910038575777377
2018-09-07,14.88,6.739961424222623,8.140038575777378
2018-09-10,14.16,6.699325339167301,7.460674660832699
2018-09-11,13.22,13.082605245134065,0.13739475486593555
2018-09-12,13.14,14.36834019641829,-1.228340196418289
2018-09-13,12.37,15.330408996501346,-2.9604089965013465
2018-09-14,12.07,15.28195798973448,-3.211957989734479
2018-09-17,13.68,17.532379188233673,-3.852379188233673
2018-09-18,12.79,17.33841515248753,-4.548415152487532
2018-09-19,11.75,17.93451421143069,-6.184514211430692
2018-09-20,11.8,17.541975943433783,-5.741975943433783
2018-09-21,11.68,17.53171183883677,-5.851711838836771
2018-09-24,12.2,17.562769713231724,-5.3627697132317245
2018-09-25,12.42,20.351212248905707,-7.931212248905707
2018-09-26,12.89,22.01243194197337,-9.122431941973371
2018-09-27,12.41,22.30306077649455,-9.89306077649455
2018-09-28,12.12,22.265126094410732,-10.145126094410733
2018-10-01,12.0,23.40610689542389,-11.40610689542389
2018-10-02,12.05,24.083549572270478,-12.033549572270477
2018-10-03,11.61,24.6941393856925,-13.084139385692502
2018-10-04,14.22,24.607001442679067,-10.387001442679066
2018-10-05,14.82,24.686499144269312,-9.866499144269312
2018-10-08,15.69,24.84747955024834,-9.157479550248341
2018-10-09,15.95,26.12586534452035,-10.17586534452035
2018-10-10,22.96,23.364426806579463,-0.40442680657946184
2018-10-11,24.98,22.57327534940397,2.406724650596029
2018-10-12,21.31,23.223250418492437,-1.9132504184924386
2018-10-15,21.3,23.17790240725008,-1.8779024072500796
2018-10-16,17.62,21.705967842969116,-4.085967842969115
2018-10-17,17.4,22.228371060426568,-4.828371060426569
2018-10-18,20.06,21.65251948388476,-1.592519483884761
2018-10-19,19.89,22.549651882013816,-2.659651882013815
2018-10-22,19.64,23.309350055289173,-3.669350055289172
2018-10-23,20.71,23.387173407661074,-2.6771734076610727
2018-10-24,25.23,20.428483056752135,4.801516943247865
2018-10-25,24.22,20.080255974464297,4.139744025535702
2018-10-26,24.16,19.206683211840843,4.953316788159157
2018-10-29,24.7,20.631983908485598,4.0680160915144015
2018-10-30,23.35,19.969657984051928,3.3803420159480737
2018-10-31,21.23,19.729076004719754,1.500923995280246
2018-11-01,19.34,19.61365952595305,-0.2736595259530503
2018-11-02,19.51,23.081473089905007,-3.5714730899050053
2018-11-05,19.96,23.02244122589977,-3.062441225899768
2018-11-06,19.91,24.17852600966422,-4.268526009664221
2018-11-07,16.36,22.675089415479917,-6.3150894154799175
2018-11-08,16.72,22.690325691801107,-5.970325691801108
2018-11-09,17.36,22.77748361869698,-5.417483618696981
2018-11-12,20.45,21.787761702387172,-1.3377617023871728
2018-11-13,20.02,22.61024192705618,-2.59024192705618
2018-11-14,21.25,23.491544010558552,-2.2415440105585525
2018-11-15,19.98,22.902215613342072,-2.922215613342072
2018-11-16,18.14,23.207919338019288,-5.067919338019287
2018-11-19,20.1,23.020361422010936,-2.9203614220109344
2018-11-20,22.48,23.286426947902708,-0.8064269479027075
2018-11-21,20.8,24.11911441160329,-3.319114411603291
2018-11-23,21.52,31.066510586160284,-9.546510586160284
2018-11-26,18.9,30.539654222011247,-11.639654222011249
2018-11-27,19.02,30.51673377017942,-11.496733770179421
2018-11-28,18.49,29.19778621745165,-10.707786217451652
2018-11-29,18.79,29.277786801601135,-10.487786801601136
2018-11-30,18.07,29.750054789865683,-11.680054789865682
2018-12-03,16.44,32.538500272753964,-16.098500272753963
2018-12-04,20.74,30.941525495683138,-10.20152549568314
2018-12-06,21.19,31.244065036419467,-10.054065036419466
2018-12-07,23.23,30.29668100634142,-7.066681006341419
2018-12-10,22.64,30.33296029074658,-7.69296029074658
2018-12-11,21.76,30.332691275256284,-8.572691275256282
2018-12-12,21.46,30.279220597631124,-8.819220597631123
2018-12-13,20.65,30.526116687191134,-9.876116687191136
2018-12-14,21.63,29.77516146051955,-8.14516146051955
2018-12-17,24.52,28.748875456268003,-4.228875456268003
2018-12-18,25.58,28.97531846244331,-3.3953184624433135
2018-12-19,25.58,28.927581993661487,-3.347581993661489
2018-12-20,28.38,28.10019145842263,0.27980854157737056
2018-12-21,30.11,26.573168422301624,3.5368315776983756
2018-12-24,36.07,24.201253686534667,11.868746313465333
2018-12-26,30.41,18.553499939364762,11.856500060635238
2018-12-27,29.96,18.582963165222285,11.377036834777716
2018-12-28,28.34,18.982420288256396,9.357579711743604
2018-12-31,25.42,18.985836826434806,6.434163173565196
2019-01-02,23.22,18.99857468338107,4.22142531661893
2019-01-03,25.45,15.969147754342055,9.480852245657944
2019-01-04,21.38,11.61813410148153,9.761865898518469
2019-01-07,21.4,11.613976063347476,9.786023936652523
2019-01-08,20.47,12.124904948081378,8.345095051918621
2019-01-09,19.98,12.090771687531292,7.889228312468708
2019-01-10,19.5,12.076053991267525,7.423946008732475
2019-01-11,18.19,12.682487137782092,5.50751286221791
2019-01-14,19.07,12.278034044585807,6.791965955414193
2019-01-15,18.6,12.098971857145887,6.501028142854114
2019-01-16,19.04,12.47216581031571,6.567834189684289
2019-01-17,18.06,12.351234756088484,5.708765243911515
2019-01-18,17.8,11.768619290299446,6.031380709700555
2019-01-22,20.8,10.200764677219459,10.599235322780542
2019-01-23,19.52,10.274568604083,9.245431395916999
2019-01-24,18.89,10.284607916688323,8.605392083311678
2019-01-25,17.42,10.147648003355664,7.272351996644337
2019-01-28,18.87,9.439680079325154,9.430319920674847
2019-01-29,19.13,9.524194454126194,9.605805545873805
2019-01-30,17.66,8.582293399785874,9.077706600214126
2019-01-31,16.57,8.604259410315818,7.965740589684183
2019-02-01,16.14,8.684841967474613,7.455158032525388
2019-02-04,15.73,9.07418095477539,6.655819045224611
2019-02-05,15.57,9.494248785449457,6.075751214550543
2019-02-06,15.38,9.497401749952905,5.882598250047096
2019-02-07,16.37,10.119162020642241,6.25083797935776
2019-02-08,15.72,10.12547480368246,5.594525196317541
2019-02-11,15.97,10.287489489666966,5.682510510333035
2019-02-12,15.43,9.361044813481472,6.068955186518528
2019-02-13,15.65,9.434720981566352,6.215279018433648
2019-02-14,16.22,9.438497761826735,6.781502238173264
2019-02-15,14.91,8.749479984548133,6.160520015451867
2019-02-19,14.88,8.877573992933455,6.002426007066546
2019-02-20,14.02,9.581551022668949,4.438448977331051
2019-02-21,14.46,12.329043758540584,2.130956241459417
2019-02-22,13.51,12.110793533043513,1.3992064669564872
2019-02-25,14.85,12.398996733607461,2.4510032663925383
2019-02-26,15.17,12.513148284904506,2.6568517150954936
2019-02-27,14.7,12.588156338400335,2.1118436615996643
2019-02-28,14.78,12.727016932494765,2.0529830675052345
2019-03-01,13.57,13.134400633451396,0.43559936654860465
2019-03-04,14.63,12.965198031654143,1.6648019683458575
2019-03-05,14.74,12.939720244271449,1.8002797557285515
2019-03-06,15.74,12.459911717183566,3.2800882828164344
2019-03-07,16.59,11.977979796276509,4.612020203723491
2019-03-08,16.05,11.879595952725335,4.1704040472746655
2019-03-11,14.33,11.361376677146495,2.968623322853505
2019-03-12,13.77,11.415783810146737,2.354216189853263
2019-03-13,13.41,11.271193370713165,2.138806629286835
2019-03-14,13.5,11.376275313124607,2.123724686875393
2019-03-15,12.88,11.345570060601116,1.5344299393988852
2019-03-18,13.1,11.283095319991247,1.8169046800087525
2019-03-19,13.56,11.36413833073183,2.1958616692681705
2019-03-20,13.91,11.23158225718925,2.6784177428107494
2019-03-21,13.63,10.662378721467757,2.967621278532244
2019-03-22,16.48,7.335720823477965,9.144279176522035
2019-03-25,16.33,7.440782216945221,8.889217783054777
2019-03-26,14.68,7.274176242022756,7.4058237579772435
2019-03-27,15.15,6.926904070362763,8.223095929637237
2019-03-28,14.43,6.900556499298317,7.5294435007016824
2019-03-29,13.71,6.761603360151222,6.948396639848779
2019-04-01,13.4,6.600145452943325,6.799854547056675
2019-04-02,13.36,6.640322281336082,6.719677718663918
2019-04-03,13.74,7.549429117490168,6.1905708825098325
2019-04-04,13.58,7.7513947132118375,5.828605286788163
2019-04-05,12.82,9.74863067307448,3.0713693269255202
2019-04-08,13.18,9.767353786978774,3.412646213021226
2019-04-09,14.28,9.549221957835547,4.730778042164452
2019-04-10,13.3,9.476493022210725,3.8235069777892754
2019-04-11,13.02,13.167168260488236,-0.14716826048823606
2019-04-12,12.01,13.39901339651576,-1.389013396515761
2019-04-15,12.32,13.619515409881833,-1.299515409881833
2019-04-16,12.18,14.041145252436094,-1.8611452524360939
2019-04-17,12.6,14.198088603752574,-1.5980886037525739
2019-04-18,12.09,14.318020812947882,-2.2280208129478822
2019-04-22,12.42,14.726343741744202,-2.306343741744202
2019-04-23,12.28,14.262442988492847,-1.9824429884928474
2019-04-24,13.14,14.889206829109764,-1.749206829109763
2019-04-25,13.25,14.9604558754073,-1.7104558754073
2019-04-26,12.73,14.871400741019954,-2.141400741019954
2019-04-29,13.11,14.876785943207254,-1.766785943207255
2019-04-30,13.12,14.926214523448634,-1.8062145234486344
2019-05-01,14.8,15.293955668825806,-0.4939556688258051
2019-05-02,14.42,15.286468526118421,-0.8664685261184211
2019-05-03,12.87,17.13753074395518,-4.267530743955179
2019-05-06,15.44,17.437153437416583,-1.9971534374165838
2019-05-07,19.32,16.731496047873566,2.588503952126434
2019-05-08,19.4,17.172593281156132,2.2274067188438664
2019-05-09,19.1,17.2569047050741,1.8430952949259023
2019-05-10,16.04,17.21665821232473,-1.1766582123247318
2019-05-13,20.55,14.340694543849974,6.209305456150027
2019-05-14,18.06,14.126315867911506,3.9336841320884925
2019-05-15,16.44,14.05755312990168,2.382446870098322
2019-05-16,15.29,13.710063457183875,1.5799365428161245
2019-05-17,15.96,13.894165682041093,2.065834317958908
2019-05-20,16.31,13.646067565420026,2.663932434579973
2019-05-21,14.95,13.646067565420026,1.3039324345799734
2019-05-22,14.75,13.567396212980896,1.1826037870191044
2019-05-23,16.92,12.552873774558886,4.367126225441115
2019-05-24,15.85,13.194085038380205,2.6559149616197946
2019-05-28,17.5,12.795117818918603,4.7048821810813966
2019-05-29,17.9,12.454695500091853,5.445304499908145
2019-05-30,17.3,12.543865432952007,4.756134567047994
2019-05-31,18.71,11.146798643557176,7.563201356442825
2019-06-03,18.86,10.8880080822898,7.9719919177101985
2019-06-04,16.97,8.482395887955722,8.487604112044277
2019-06-05,16.09,8.471637386007986,7.618362613992014
2019-06-06,15.93,8.8978873897127,7.0321126102872995
2019-06-07,16.3,8.38076368835253,7.91923631164747
2019-06-10,15.94,8.318288285459234,7.621711714540766
2019-06-11,15.99,8.250709060438885,7.739290939561116
2019-06-12,15.91,8.208130115928245,7.701869884071755
2019-06-13,15.82,8.18351024927618,7.63648975072382
2019-06-14,15.28,8.220926955034225,7.059073044965775
2019-06-17,15.35,8.711378765729817,6.6386212342701825
2019-06-18,15.15,8.13535248160818,7.01464751839182
2019-06-19,14.33,8.438853002630657,5.8911469973693436
2019-06-20,14.75,7.925997728993398,6.824002271006602
2019-06-21,15.4,8.123019143151668,7.276980856848333
2019-06-24,15.26,8.190626349676096,7.069373650323904
2019-06-25,16.28,7.662620961525393,8.617379038474608
2019-06-26,16.21,7.9519431587510905,8.25805684124891
2019-06-27,15.82,8.00668470716865,7.81331529283135
2019-06-28,15.08,7.839323950444221,7.240676049555779
2019-07-01,14.06,8.528340987554879,5.531659012445122
2019-07-02,12.93,9.27135588789518,3.6586441121048203
2019-07-03,12.57,9.196932097172878,3.373067902827122
2019-07-05,13.28,13.766180298107711,-0.4861802981077119
2019-07-08,13.96,14.700310200808989,-0.7403102008089881
2019-07-09,14.09,14.66966666287986,-0.5796666628798608
2019-07-10,13.03,16.350787137016027,-3.320787137016028
2019-07-11,12.93,16.481961048370692,-3.5519610483706927
2019-07-12,12.39,16.7668530142066,-4.376853014206599
2019-07-15,12.68,17.768754599014773,-5.088754599014774
2019-07-16,12.86,20.2367230548824,-7.376723054882401
2019-07-17,13.97,20.25088738796423,-6.2808873879642295
2019-07-18,13.53,21.102967563828763,-7.5729675638287635
2019-07-19,14.45,21.538473483513375,-7.088473483513376
2019-07-22,13.53,21.609114743552286,-8.079114743552287
2019-07-23,12.61,21.718168431062708,-9.108168431062708
2019-07-24,12.07,21.522865050917567,-9.452865050917566
2019-07-25,12.74,23.146348308102706,-10.406348308102706
2019-07-26,12.16,23.318313832694013,-11.158313832694013
2019-07-29,12.83,23.327641972561413,-10.497641972561413
2019-07-30,13.94,23.558244416764353,-9.618244416764353
2019-07-31,16.12,23.943217828855182,-7.8232178288551815
2019-08-01,17.87,23.706897730407675,-5.836897730407674
2019-08-02,17.61,23.70262770243014,-6.092627702430139
2019-08-05,24.59,21.303712352545702,3.286287647454298
2019-08-06,20.17,21.396982030183796,-1.2269820301837946
2019-08-07,19.49,21.403088562168033,-1.913088562168035
2019-08-08,16.91,20.339631265094468,-3.429631265094468
2019-08-09,17.97,20.117135979060446,-2.1471359790604474
2019-08-12,21.09,19.613433151796965,1.476566848203035
2019-08-13,17.52,19.060738705517377,-1.5407387055173771
2019-08-14,22.1,15.440966291006792,6.65903370899321
2019-08-15,21.18,15.537497868061257,5.642502131938743
2019-08-16,18.47,14.808991863054288,3.6610081369457106
2019-08-19,16.88,14.415558261822822,2.464441738177177
2019-08-20,17.5,14.073831034938857,3.4261689650611427
2019-08-21,15.8,14.01644605454636,1.7835539454536402
2019-08-22,16.68,14.004420730612468,2.6755792693875318
2019-08-23,19.87,10.646886868940053,9.223113131059948
2019-08-26,19.32,10.3158014715294,9.0041985284706
2019-08-27,20.31,10.27166588241694,10.038334117583059
2019-08-28,19.35,10.44784762522924,8.902152374770761
2019-08-29,17.88,9.55389554056398,8.326104459436019
2019-08-30,18.98,10.685262748290675,8.294737251709325
2019-09-03,19.66,11.926776597220579,7.733223402779421
2019-09-04,17.33,11.632698741049238,5.697301258950761
2019-09-05,16.27,11.585345916286164,4.684654083713836
2019-09-06,15.0,11.651205946167483,3.348794053832517
2019-09-09,15.27,12.79659485957138,2.4734051404286195
2019-09-10,15.2,13.288859996252821,1.9111400037471782
2019-09-11,14.61,13.06845361930816,1.5415463806918392
2019-09-12,14.22,13.849645482827658,0.370354517172343
2019-09-13,13.74,13.852417839496775,-0.11241783949677497
2019-09-16,14.67,14.364159564694637,0.3058404353053632
2019-09-17,14.44,14.364330823258301,0.07566917674169815
2019-09-18,13.95,14.435909392899651,-0.48590939289965185
2019-09-19,14.05,14.525788102543988,-0.4757881025439872
2019-09-20,15.32,14.661799343873463,0.658200656126537
2019-09-23,14.91,14.712129689477607,0.19787031052239357
2019-09-24,17.05,14.276966064259181,2.77303393574082
2019-09-25,15.96,14.110872403930536,1.849127596069465
2019-09-26,16.07,14.106279452783014,1.9637205472169867
2019-09-27,17.22,13.987637398789266,3.232362601210733
2019-09-30,16.24,13.951378426521451,2.2886215734785473
2019-10-01,18.56,12.9705142534908,5.589485746509199
2019-10-02,20.56,11.183078288199898,9.376921711800101
2019-10-03,19.12,11.388773419469189,7.731226580530812
2019-10-04,17.04,10.639744357831535,6.400255642168464
2019-10-07,17.86,10.439643672080381,7.4203563279196185
2019-10-08,20.28,8.11627993603029,12.163720063969711
2019-10-09,18.64,7.809486538819814,10.830513461180185
2019-10-10,17.57,7.723004596658474,9.846995403341527
2019-10-11,15.58,7.020290592276647,8.559709407723354
2019-10-14,14.57,6.887989547030976,7.682010452969024
2019-10-15,13.54,6.239019153681775,7.300980846318224
2019-10-16,13.68,6.076206053122954,7.603793946877046
2019-10-17,13.79,6.351654902465026,7.438345097534973
2019-10-18,14.25,5.881346784539063,8.368653215460938
2019-10-21,14.0,5.639872338981443,8.360127661018556
2019-10-22,14.46,5.628157780305028,8.831842219694973
2019-10-23,14.01,5.742974838879937,8.267025161120063
2019-10-24,13.71,5.74132388913986,7.968676110860141
2019-10-25,12.65,6.211067541092113,6.438932458907887
2019-10-28,13.11,6.010950008110868,7.099049991889132
2019-10-29,13.2,5.977859148558789,7.22214085144121
2019-10-30,12.33,6.335329509978786,5.994670490021214
2019-10-31,13.22,7.051297752896844,6.168702247103156
2019-11-01,12.3,6.713461104378888,5.586538895621112
2019-11-04,12.83,6.881950304965025,5.9480496950349755
2019-11-05,13.1,6.8758097704930865,6.224190229506913
2019-11-06,12.62,7.4375883188038925,5.182411681196107
2019-11-07,12.73,7.531501842262814,5.198498157737187
2019-11-08,12.07,7.5069168105160315,4.563083189483969
2019-11-11,12.69,7.479820853470233,5.210179146529766
2019-11-12,12.68,7.988454168361243,4.691545831638757
2019-11-13,13.0,7.99695191932577,5.00304808067423
2019-11-14,13.05,8.272213730314764,4.777786269685237
2019-11-15,12.05,7.995083489245633,4.054916510754368
2019-11-18,12.46,8.011876184765223,4.448123815234778
2019-11-19,12.86,8.072137263451861,4.7878627365481385
2019-11-20,12.78,7.963637359900816,4.816362640099183
2019-11-21,13.13,7.879944162239223,5.250055837760778
2019-11-22,12.34,7.902328770685768,4.4376712293142315
2019-11-25,11.87,7.526760259235579,4.34323974076442
2019-11-26,11.54,7.57504059395117,3.9649594060488296
2019-11-27,11.75,7.883940639046451,3.8660593609535487
2019-11-29,12.62,7.673911649218286,4.9460883507817135
2019-12-02,14.91,7.150152445927849,7.759847554072151
2019-12-03,15.96,7.165626281073273,8.794373718926728
2019-12-04,14.8,7.049944680634594,7.750055319365407
2019-12-05,14.52,7.177339339895253,7.342660660104746
2019-12-06,13.62,6.769221520973298,6.850778479026701
2019-12-09,15.86,6.7151500355545295,9.14484996444547
2019-12-10,15.68,6.915434910402092,8.764565089597909
2019-12-11,14.99,7.152275162492561,7.837724837507439
2019-12-12,13.94,6.7682907738961715,7.171709226103828
2019-12-13,12.63,6.727237174353824,5.902762825646176
2019-12-16,12.14,6.8882595769909845,5.251740423009016
2019-12-17,12.29,6.886221024626497,5.403778975373502
2019-12-18,12.58,7.071002757742923,5.508997242257077
2019-12-19,12.5,7.023622996716726,5.476377003283274
2019-12-20,12.51,6.938017007762959,5.571982992237041
2019-12-23,12.61,7.95452324152794,4.6554767584720596
2019-12-24,12.67,9.820981620999413,2.8490183790005865
2019-12-26,12.65,10.296461528117717,2.353538471882283
2019-12-27,13.43,10.298250336829467,3.131749663170533
2019-12-30,14.82,10.087193861526018,4.732806138473983
2019-12-31,13.78,11.885397763642928,1.8946022363570716
2020-01-02,12.47,11.867311405706362,0.6026885942936389
2020-01-03,14.02,12.782229852416524,1.2377701475834755
2020-01-06,13.85,13.106821124895543,0.7431788751044568
2020-01-07,13.79,13.060834582828468,0.7291654171715312
2020-01-08,13.45,13.227521309754453,0.22247869024554667
2020-01-09,12.54,13.271791137597372,-0.7317911375973729
2020-01-10,12.56,13.17908342791744,-0.61908342791744
2020-01-13,12.32,13.141712217211582,-0.8217122172115818
2020-01-14,12.39,13.147751138503045,-0.7577511385030444
2020-01-15,12.42,13.147440815611535,-0.7274408156115353
2020-01-16,12.32,12.90197194230433,-0.5819719423043299
2020-01-17,12.1,13.010890822691895,-0.9108908226918953
2020-01-21,12.85,13.023432727203998,-0.17343272720399838
2020-01-22,12.91,13.68865953992604,-0.7786595399260392
2020-01-23,12.98,18.118751612625207,-5.138751612625207
2020-01-24,14.56,20.671275722606204,-6.111275722606203
2020-01-27,18.23,20.133288852048207,-1.903288852048206
2020-01-28,16.28,24.014523105820963,-7.734523105820962
2020-01-29,16.39,24.013333796039415,-7.6233337960394145
2020-01-30,15.49,29.081928409237385,-13.591928409237385
2020-01-31,18.84,29.974917514482147,-11.134917514482147
2020-02-03,17.97,33.37567257749286,-15.405672577492858
2020-02-04,16.05,34.511399855699985,-18.461399855699984
2020-02-05,15.15,34.44583748437552,-19.295837484375518
2020-02-06,14.96,42.45501949122164,-27.49501949122164
2020-02-07,15.47,46.77069980233361,-31.30069980233361
2020-02-10,15.04,48.84530438025757,-33.805304380257574
2020-02-11,15.18,57.090116132304466,-41.910116132304466
2020-02-12,13.74,67.26777118353195,-53.52777118353195
2020-02-13,14.15,77.14312568207235,-62.99312568207235
2020-02-14,13.68,81.21651950188465,-67.53651950188464
2020-02-18,14.83,82.4027688855175,-67.5727688855175
2020-02-19,14.38,82.67445554704314,-68.29445554704314
2020-02-20,15.56,83.03549120707369,-67.47549120707369
2020-02-21,17.08,83.05515468650945,-65.97515468650946
2020-02-24,25.03,91.25616034000122,-66.22616034000121
2020-02-25,27.85,91.32475677492938,-63.47475677492938
2020-02-26,27.56,94.49964444377561,-66.9396444437756
2020-02-27,39.16,94.1829564199384,-55.02295641993841
2020-02-28,40.11,95.09226403866938,-54.982264038669385
2020-03-02,33.42,93.546852859944,-60.126852859943995
2020-03-03,36.82,94.2125310136609,-57.39253101366089
2020-03-04,31.99,93.19478504723328,-61.20478504723329
2020-03-05,39.62,92.80369022835254,-53.18369022835254
2020-03-06,41.94,96.6372859718236,-54.697285971823604
2020-03-09,54.46,92.80640947693225,-38.346409476932244
2020-03-10,47.3,92.05867737481358,-44.75867737481359
2020-03-11,53.9,90.39215231423586,-36.49215231423586
2020-03-12,75.47,83.16349199017569,-7.693491990175687
2020-03-13,57.83,78.04649076031554,-20.216490760315537
2020-03-16,82.69,64.68094711737,18.00905288263
2020-03-17,75.91,62.02315632084534,13.886843679154659
2020-03-18,76.45,58.2033504190267,18.246649580973305
2020-03-19,72.0,58.85306483098408,13.146935169015919
2020-03-20,66.04,57.83480993311913,8.205190066880874
2020-03-23,61.59,56.61902259841665,4.9709774015833545
2020-03-24,61.67,48.13036920697799,13.539630793022013
2020-03-25,63.95,48.170057504636794,15.779942495363208
2020-03-26,61.0,44.3141629730272,16.6858370269728
2020-03-27,65.54,42.0847887009073,23.455211299092703
2020-03-30,57.08,41.896506775625284,15.183493224374715
2020-03-31,53.54,41.750284789448024,11.789715210551975
2020-04-01,57.06,39.590132103846464,17.469867896153538
2020-04-02,50.91,39.27157139713173,11.638428602868267
2020-04-03,46.8,38.38872021831432,8.411279781685678
2020-04-06,45.24,30.89346338628959,14.346536613710413
2020-04-07,46.7,30.99398135122391,15.706018648776094
2020-04-08,43.35,29.588246315049076,13.761753684950925
2020-04-09,41.67,29.286376354885828,12.383623645114174
2020-04-13,41.17,30.16152913895474,11.00847086104526
2020-04-14,37.76,29.297662705410747,8.46233729458925
2020-04-15,40.84,28.4082987875025,12.431701212497504
2020-04-16,40.11,28.3994161911828,11.710583808817198
2020-04-17,38.15,29.021531317282623,9.128468682717376
2020-04-20,43.83,28.649356013705017,15.180643986294982
2020-04-21,45.41,26.397981741034965,19.012018258965032
2020-04-22,41.98,25.82267375776598,16.157326242234017
2020-04-23,41.38,25.812285447050513,15.56771455294949
2020-04-24,35.93,25.715032179641845,10.214967820358154
2020-04-27,33.29,25.592917770352326,7.697082229647673
2020-04-28,33.57,25.57808749691845,7.991912503081551
2020-04-29,31.23,23.81065811774248,7.41934188225752
2020-04-30,34.15,23.27878089591497,10.871219104085029
2020-05-01,37.19,20.19081870554078,16.999181294459216
2020-05-04,35.97,20.45180187660773,15.51819812339227
2020-05-05,33.61,20.591352553924562,13.018647446075438
2020-05-06,34.12,21.438084802519445,12.681915197480553
2020-05-07,31.44,21.446843124339193,9.993156875660809
2020-05-08,27.98,21.46228040074063,6.517719599259369
2020-05-11,27.57,21.709491933253883,5.860508066746117
2020-05-12,33.04,29.843425406612017,3.1965745933879823
2020-05-13,35.28,28.98853497505549,6.291465024944511
2020-05-14,32.61,28.966823091254167,3.6431769087458328
2020-05-15,31.89,29.41567745267845,2.474322547321549
2020-05-18,29.3,27.74286719140644,1.5571328085935612
2020-05-19,30.53,27.34443855704512,3.1855614429548815
2020-05-20,27.99,26.94407764240624,1.04592235759376
2020-05-21,29.53,26.762912397570183,2.767087602429818
2020-05-22,28.16,26.764952456524476,1.395047543475524
2020-05-26,28.01,28.37613927228325,-0.36613927228324883
2020-05-27,27.62,28.15394324069039,-0.5339432406903875
2020-05-28,28.59,29.462775836638617,-0.8727758366386169
2020-05-29,27.51,29.85324906940643,-2.343249069406429
2020-06-01,28.23,30.2849626052273,-2.054962605227299
2020-06-02,26.84,30.199651653620375,-3.359651653620375
2020-06-03,25.66,29.8625008999584,-4.202500899958398
2020-06-04,25.81,30.33692403656007,-4.526924036560072
2020-06-05,24.52,29.317361409240362,-4.797361409240363
2020-06-08,25.81,29.08769636805253,-3.2776963680525313
2020-06-09,27.57,28.996132155858582,-1.426132155858582
2020-06-10,27.57,29.19263194712008,-1.6226319471200803
2020-06-11,40.79,20.27553797066839,20.51446202933161
2020-06-12,36.09,20.321265708612138,15.768734291387865
2020-06-15,34.4,20.352279479213518,14.04772052078648
2020-06-16,33.67,19.601544837078936,14.068455162921065
2020-06-17,33.47,19.49104717556283,13.978952824437169
2020-06-18,32.94,19.699520806355054,13.240479193644944
2020-06-19,35.12,19.542280317302165,15.577719682697833
2020-06-22,31.77,19.496513534476254,12.273486465523746
2020-06-23,31.37,20.130326375894054,11.239673624105947
2020-06-24,33.84,17.740330323869834,16.09966967613017
2020-06-25,32.22,17.609211225946936,14.610788774053063
2020-06-26,34.73,15.219214171566659,19.510785828433338
2020-06-29,31.78,15.09201378213045,16.68798621786955
2020-06-30,30.43,14.526052457567943,15.903947542432057
2020-07-01,28.62,14.57428694653758,14.045713053462421
2020-07-02,27.68,14.761699089197547,12.918300910802452
2020-07-06,27.94,13.889116602578284,14.050883397421718
2020-07-07,29.43,13.269842500949872,16.16015749905013
2020-07-08,28.08,13.126147949799119,14.95385205020088
2020-07-09,29.26,12.823419200822201,16.4365807991778
2020-07-10,27.29,12.489678939028641,14.800321060971358
2020-07-13,32.19,12.013302626672466,20.17669737332753
2020-07-14,29.52,12.059104444361346,17.460895555638654
2020-07-15,27.76,11.689246340120292,16.07075365987971
2020-07-16,28.0,11.523145403925772,16.476854596074226
2020-07-17,25.68,11.54335653092356,14.13664346907644
2020-07-20,24.46,11.19418956423446,13.265810435765541
2020-07-21,24.84,11.383208686482723,13.456791313517277
2020-07-22,24.32,11.337348896457925,12.982651103542075
2020-07-23,26.08,10.160541324162589,15.91945867583741
2020-07-24,25.84,9.736042317082207,16.103957682917795
2020-07-27,24.74,9.530718755687605,15.209281244312393
2020-07-28,25.44,8.90146729477873,16.53853270522127
2020-07-29,24.1,8.195840408403244,15.904159591596757
2020-07-30,24.76,7.956808405385628,16.803191594614376
2020-07-31,24.46,8.037522006191674,16.42247799380833
2020-08-03,24.28,7.9908047154223105,16.28919528457769
2020-08-04,23.76,8.60449649892516,15.155503501074842
2020-08-05,22.99,16.46576812663217,6.524231873367828
2020-08-06,22.65,16.800592846682996,5.849407153317003
2020-08-07,22.21,19.838284200001173,2.371715799998828
2020-08-10,22.13,21.122312373412527,1.0076876265874724
2020-08-11,24.03,21.72975471559714,2.3002452844028625
2020-08-12,22.28,21.142891003834272,1.137108996165729
2020-08-13,22.13,21.883204518534665,0.24679548146533392
2020-08-14,22.05,21.96117209986789,0.0888279001321095
2020-08-17,21.35,21.966977033720777,-0.6169770337207758
2020-08-18,21.51,22.15262512660782,-0.6426251266078182
2020-08-19,22.54,22.322567056680917,0.21743294331908203
2020-08-20,22.72,22.54585993037339,0.17414006962660977
2020-08-21,22.54,22.854710674169908,-0.31471067416990905
2020-08-24,22.37,23.95917527796014,-1.5891752779601376
2020-08-25,22.03,23.93276833130711,-1.902768331307108
2020-08-26,23.27,24.520946148140702,-1.2509461481407023
2020-08-27,24.47,25.338912368134825,-0.8689123681348256
2020-08-28,22.96,25.161399007209763,-2.201399007209762
2020-08-31,26.41,25.39289270642508,1.0171072935749201
2020-09-01,26.12,25.322068635876022,0.7979313641239791
2020-09-02,26.57,24.900855406993884,1.6691445930061164
2020-09-03,33.6,22.702848279456386,10.897151720543615
2020-09-04,30.75,22.94181684174154,7.808183158258458
2020-09-08,31.46,21.2286523359354,10.2313476640646
2020-09-09,28.81,20.250976272763136,8.559023727236863
2020-09-10,29.71,19.345157533605544,10.364842466394457
2020-09-11,26.87,19.80280889167027,7.06719110832973
2020-09-14,25.85,19.42779555173503,6.422204448264971
2020-09-15,25.59,19.625726992904376,5.964273007095624
2020-09-16,26.04,19.537186081931438,6.502813918068561
2020-09-17,26.46,19.1920514797146,7.267948520285401
2020-09-18,25.83,19.783778203366904,6.046221796633095
2020-09-21,27.78,19.234827787116142,8.545172212883859
2020-09-22,26.86,19.15448041581957,7.705519584180429
2020-09-23,28.58,16.530488196058066,12.049511803941932
2020-09-24,28.51,16.52687266242513,11.98312733757487
2020-09-25,26.38,17.444859414739216,8.935140585260783
2020-09-28,26.19,16.664402779578257,9.525597220421744
2020-09-29,26.27,20.621986325279526,5.648013674720474
2020-09-30,26.37,20.826926801619482,5.543073198380519
2020-10-01,26.7,21.17289682589551,5.527103174104489
2020-10-02,27.63,21.399101850311748,6.230898149688251
2020-10-05,27.96,21.38754123315758,6.57245876684242
2020-10-06,29.48,22.26192444511515,7.218075554884852
2020-10-07,28.06,22.550593783756902,5.509406216243097
2020-10-08,26.36,22.43088584964971,3.9291141503502907
2020-10-09,25.0,22.3877788089845,2.6122211910155
2020-10-12,25.07,21.786974090038655,3.2830259099613457
2020-10-13,26.07,21.913699824539343,4.156300175460657
2020-10-14,26.4,22.05994741607549,4.340052583924507
2020-10-15,26.97,22.45637370547648,4.513626294523519
2020-10-16,27.41,22.745550773723096,4.664449226276904
2020-10-19,29.18,21.918682442154577,7.261317557845423
2020-10-20,29.35,22.310328549799877,7.0396714502001245
2020-10-21,28.65,22.250221571930815,6.399778428069183
2020-10-22,28.11,22.348441556404232,5.761558443595767
2020-10-23,27.55,22.445921678559237,5.104078321440763
2020-10-26,32.46,21.58156157464087,10.878438425359132
2020-10-27,33.35,21.509923291355904,11.840076708644098
2020-10-28,40.28,16.457392260015403,23.822607739984598
2020-10-29,37.59,16.74483084417442,20.845169155825584
2020-10-30,38.02,15.238889723336632,22.78111027666337
2020-11-02,37.13,15.191655604311691,21.93834439568831
2020-11-03,35.55,14.395749372645211,21.154250627354784
2020-11-04,29.57,13.04954252071754,16.52045747928246
2020-11-05,27.58,11.538880361630211,16.041119638369786
2020-11-06,24.86,11.494064555239598,13.365935444760401
2020-11-09,25.75,12.274422185993743,13.475577814006257
2020-11-10,24.8,12.183359142700152,12.61664085729985
2020-11-11,23.45,12.06796751735832,11.38203248264168
2020-11-12,25.35,11.45892141521249,13.891078584787511
2020-11-13,23.1,11.43584889721858,11.664151102781421
2020-11-16,22.45,10.88068747828075,11.56931252171925
2020-11-17,22.71,10.955009812867145,11.754990187132856
2020-11-18,23.84,10.18576653963831,13.65423346036169
2020-11-19,23.11,10.282875084333925,12.827124915666074
2020-11-20,23.7,9.940957700343333,13.759042299656667
2020-11-23,22.66,9.751455276009601,12.9085447239904
2020-11-24,21.64,8.488851512425907,13.151148487574094
2020-11-25,21.25,8.535893626329672,12.714106373670328
2020-11-27,20.84,8.730113401326218,12.109886598673782
2020-11-30,20.57,8.37655299034248,12.19344700965752
2020-12-01,20.77,7.909659916836855,12.860340083163145
2020-12-02,21.17,9.621201588160169,11.548798411839833
2020-12-03,21.28,9.977352354207786,11.302647645792215
2020-12-04,20.79,9.759592204596238,11.030407795403761
2020-12-07,21.3,11.279047832153898,10.020952167846103
2020-12-08,20.68,11.291850158411398,9.388149841588602
2020-12-09,22.27,10.712797953850128,11.557202046149872
2020-12-10,22.52,10.72400484893659,11.79599515106341
2020-12-11,23.31,10.638937916917058,12.67106208308294
2020-12-14,24.72,10.56581090120467,14.154189098795328
2020-12-15,22.89,10.531569683575931,12.35843031642407
2020-12-16,22.5,10.86404896896252,11.63595103103748
2020-12-17,21.93,11.324099964236254,10.605900035763746
2020-12-18,21.57,11.290404775738356,10.279595224261644
2020-12-21,25.16,11.219262007815644,13.940737992184356
2020-12-22,24.23,11.203463750109405,13.026536249890595
2020-12-23,23.31,11.367448262473664,11.942551737526335
2020-12-24,21.53,14.814549605034092,6.7154503949659095
2020-12-28,21.7,15.04390374869554,6.65609625130446
2020-12-29,23.08,16.418222802727946,6.661777197272052
2020-12-30,22.77,17.418910413685918,5.351089586314082
2020-12-31,22.75,18.041681739793983,4.708318260206017
2021-01-04,26.97,17.123997196916832,9.846002803083167
2021-01-05,25.34,17.335487302063807,8.004512697936192
2021-01-06,25.07,17.26498653344437,7.8050134665556286
2021-01-07,22.37,16.583454404918644,5.786545595081357
2021-01-08,21.56,16.550468271321375,5.009531728678624
2021-01-11,24.08,16.38711933196361,7.692880668036388
2021-01-12,23.33,16.37491496161173,6.955085038388269
2021-01-13,22.21,16.400419506830172,5.809580493169829
2021-01-14,23.25,16.405606358803553,6.844393641196447
2021-01-15,24.34,16.019438192396617,8.320561807603383
2021-01-19,23.24,16.088374684846684,7.151625315153314
2021-01-20,21.58,15.579001251685415,6.000998748314583
2021-01-21,21.32,16.141252739487594,5.178747260512406
2021-01-22,21.91,16.145935711503864,5.764064288496137
2021-01-25,23.19,16.57020337835404,6.6197966216459605
2021-01-26,23.02,19.209760019323923,3.8102399806760765
2021-01-27,37.21,16.943933427631723,20.266066572368278
2021-01-28,30.21,18.894497611739126,11.315502388260875
2021-01-29,33.09,18.011116567276318,15.078883432723686
2021-02-01,30.24,18.121887318930547,12.118112681069451
2021-02-02,25.56,18.28696256900024,7.273037430999757
2021-02-03,22.91,19.507478565924806,3.4025214340751937
2021-02-04,21.77,19.09800408419728,2.671995915802718
2021-02-05,20.87,20.058219262935975,0.8117807370640264
2021-02-08,21.24,19.899712560738557,1.3402874392614414
2021-02-09,21.63,20.540562796574385,1.0894372034256143
2021-02-10,21.99,20.541062289959974,1.448937710040024
2021-02-11,21.25,20.66634655666104,0.5836534433389602
2021-02-12,19.97,20.653800618772706,-0.6838006187727075
2021-02-16,21.46,20.680973864884017,0.7790261351159842
2021-02-17,21.5,21.677480480904972,-0.17748048090497193
2021-02-18,22.49,21.597352615541006,0.8926473844589928
2021-02-19,22.05,21.68352462124218,0.3664753787578192
2021-02-22,23.45,21.71642788305701,1.733572116942991
2021-02-23,23.11,21.972720359573504,1.1372796404264953
2021-02-24,21.34,21.705412228290342,-0.36541222829034226
2021-02-25,28.89,20.11884191498148,8.77115808501852
2021-02-26,27.95,20.182918520373004,7.767081479626995
2021-03-01,23.35,18.03272026068213,5.317279739317872
2021-03-02,24.1,17.735121087830656,6.364878912169345
2021-03-03,26.67,17.14722951383154,9.522770486168461
2021-03-04,28.57,16.070889209997535,12.499110790002465
2021-03-05,24.66,15.129425633513499,9.530574366486501
2021-03-08,25.47,14.813431742847952,10.656568257152047
2021-03-09,24.03,13.87543729040694,10.154562709593062
2021-03-10,22.56,13.867781365453357,8.692218634546641
2021-03-11,21.91,13.218319106452817,8.691680893547183
2021-03-12,20.69,13.242264156858354,7.447735843141647
2021-03-15,20.03,13.226387261834411,6.80361273816559
2021-03-16,19.79,13.442678304564737,6.347321695435262
2021-03-17,19.23,13.435959213990472,5.794040786009528
2021-03-18,21.58,11.700989701731016,9.879010298268982
2021-03-19,20.95,12.401537001517813,8.548462998482186
2021-03-22,18.88,12.735627193036681,6.144372806963318
2021-03-23,20.3,12.274339086077726,8.025660913922275
2021-03-24,21.2,11.921533458411094,9.278466541588905
2021-03-25,19.81,11.867498472720154,7.942501527279845
2021-03-26,18.86,11.054246242960906,7.805753757039094
2021-03-29,20.74,10.795749163444626,9.944250836555373
2021-03-30,19.61,10.742083596770938,8.867916403229062
2021-03-31,19.4,11.341682414880754,8.058317585119244
2021-04-01,17.33,10.695920717732319,6.634079282267679
2021-04-05,17.91,10.526594891037446,7.383405108962554
2021-04-06,18.12,10.532663480811282,7.587336519188719
2021-04-07,17.16,10.604536764989577,6.555463235010423
2021-04-08,16.95,10.765628639332474,6.184371360667525
2021-04-09,16.69,11.700374352986136,4.989625647013865
2021-04-12,16.91,11.914439978446985,4.995560021553015
2021-04-13,16.65,14.271085452761328,2.3789145472386704
2021-04-14,16.99,14.817607094265117,2.172392905734881
2021-04-15,16.57,15.710588785911744,0.8594112140882562
2021-04-16,16.25,15.683296847283604,0.5667031527163964
2021-04-19,17.29,15.67290273050962,1.6170972694903796
2021-04-20,18.68,15.39234874864833,3.2876512513516705
2021-04-21,17.5,15.430082306974768,2.069917693025232
2021-04-22,18.71,15.189664907430176,3.520335092569825
2021-04-23,17.33,14.934653661870295,2.3953463381297038
2021-04-26,17.64,14.885224889131363,2.7547751108686374
2021-04-27,17.56,14.987578857174222,2.5724211428257764
2021-04-28,17.28,15.019802928135102,2.2601970718648996
2021-04-29,17.61,14.949169876619095,2.6608301233809044
2021-04-30,18.61,14.664667742571453,3.9453322574285465
2021-05-03,18.31,14.656961485929331,3.6530385140706674
2021-05-04,19.48,14.42807679491677,5.051923205083231
2021-05-05,19.15,14.731843061885217,4.418156938114782
2021-05-06,18.39,14.65810356082995,3.7318964391700504
2021-05-07,16.69,14.392014452466883,2.297985547533118
2021-05-10,19.66,13.555937444530187,6.104062555469813
2021-05-11,21.84,13.346720945611153,8.493279054388847
2021-05-12,27.59,9.880052631439533,17.709947368560467
2021-05-13,23.13,9.465450860894865,13.664549139105134
2021-05-14,18.81,7.689119585493227,11.120880414506772
2021-05-17,19.72,7.853707404787599,11.8662925952124
2021-05-18,21.34,7.3010656756404755,14.038934324359523
2021-05-19,22.18,8.577657022754849,13.60234297724515
2021-05-20,20.67,8.940691248444695,11.729308751555307
2021-05-21,20.15,9.06834714818613,11.08165285181387
2021-05-24,18.4,8.52824249186288,9.871757508137119
2021-05-25,18.84,8.645838305220352,10.194161694779648
2021-05-26,17.36,8.590804386087227,8.769195613912773
2021-05-27,16.74,8.581034902621917,8.158965097378081
2021-05-28,16.76,8.585522698124766,8.174477301875235
2021-06-01,17.9,8.58099294953769,9.319007050462309
2021-06-02,17.48,8.648107307383247,8.831892692616753
2021-06-03,18.04,8.39873561912836,9.64126438087164
2021-06-04,16.42,8.136362823769325,8.283637176230677
2021-06-07,16.42,8.137542626617421,8.28245737338258
2021-06-08,17.07,8.837452121511927,8.232547878488074
2021-06-09,17.89,9.599143711811774,8.290856288188227
2021-06-10,16.1,9.560813772896925,6.539186227103077
2021-06-11,15.65,9.826179318535543,5.823820681464458
2021-06-14,16.39,9.903060133111161,6.486939866888839
2021-06-15,17.02,9.946635612106018,7.073364387893982
2021-06-16,18.15,10.205486759582596,7.944513240417402
2021-06-17,17.75,11.443595588800568,6.306404411199432
2021-06-18,20.7,11.950096233922784,8.749903766077216
2021-06-21,17.89,11.500488685269664,6.389511314730337
2021-06-22,16.66,11.380662546618963,5.2793374533810375
2021-06-23,16.32,11.77872488854441,4.54127511145559
2021-06-24,15.97,11.614957597856979,4.355042402143022
2021-06-25,15.62,11.894753465289462,3.7252465347105375
2021-06-28,15.76,11.90488807171305,3.8551119282869504
2021-06-29,16.02,11.9549805520551,4.0650194479449
2021-06-30,15.83,12.235356962508929,3.594643037491071
2021-07-01,15.48,12.173688019660096,3.3063119803399044
2021-07-02,15.07,12.278972269698132,2.7910277303018685
2021-07-06,16.44,12.325091480391361,4.11490851960864
2021-07-07,16.2,12.559950636846295,3.640049363153704
2021-07-08,19.0,12.09337669966563,6.90662330033437
2021-07-09,16.18,11.35971830636727,4.8202816936327295
2021-07-12,16.17,11.342555267664146,4.827444732335856
2021-07-13,17.12,11.138382288286556,5.9816177117134455
2021-07-14,16.33,11.081487264804107,5.248512735195892
2021-07-15,17.01,10.944850844119145,6.065149155880857
2021-07-16,18.45,10.480799587818455,7.969200412181545
2021-07-19,22.5,9.459414358194454,13.040585641805546
2021-07-20,19.73,8.565098948641262,11.164901051358738
2021-07-21,17.91,7.95637857319621,9.95362142680379
2021-07-22,17.69,8.551848922894727,9.138151077105274
2021-07-23,17.2,8.66592637864041,8.534073621359589
2021-07-26,17.58,8.738281295541798,8.8417187044582
2021-07-27,19.36,8.358590790319596,11.001409209680403
2021-07-28,18.31,8.738281295541798,9.5717187044582
2021-07-29,17.7,9.341912009862629,8.35808799013737
2021-07-30,18.24,8.965674542387509,9.27432545761249
2021-08-02,19.46,8.969494969061275,10.490505030938726
2021-08-03,18.04,8.714966437113546,9.325033562886453
2021-08-04,17.97,8.547785678175108,9.42221432182489
2021-08-05,17.28,8.291065070304029,8.988934929695972
2021-08-06,16.15,8.453919800898019,7.69608019910198
2021-08-09,16.72,8.576922525009516,8.143077474990482
2021-08-10,16.79,8.666833331731704,8.123166668268295
2021-08-11,16.06,9.102496360890003,6.957503639109996
2021-08-12,15.59,9.078206871404495,6.511793128595505
2021-08-13,15.45,9.371877079860566,6.078122920139434
2021-08-16,16.12,9.876232075038322,6.243767924961679
2021-08-17,17.91,9.43101903295798,8.47898096704202
2021-08-18,21.57,9.158491142104994,12.411508857895006
2021-08-19,21.67,11.334480138057318,10.335519861942684
2021-08-20,18.56,10.81863392485465,7.741366075145349
2021-08-23,17.15,10.729206867239343,6.4207931327606556
2021-08-24,17.22,11.601229245214311,5.618770754785688
2021-08-25,16.79,11.561783599428585,5.228216400571414
2021-08-26,18.84,11.343666074070399,7.496333925929601
2021-08-27,16.39,12.933932116723671,3.4560678832763294
2021-08-30,16.19,12.825767813274028,3.364232186725973
2021-08-31,16.48,13.165664434430044,3.314335565569957
2021-09-01,16.11,13.92009482726379,2.189905172736209
2021-09-02,16.41,14.437654934234168,1.9723450657658326
2021-09-03,16.41,15.121194397269555,1.288805602730445
2021-09-07,18.14,15.220030223360794,2.9199697766392063
2021-09-08,17.96,15.73431028040365,2.2256897195963514
2021-09-09,18.8,15.732903101462744,3.0670968985372564
2021-09-10,20.95,15.712326371356216,5.237673628643783
2021-09-13,19.37,15.689214129459003,3.6807858705409977
2021-09-14,19.46,15.65959003294837,3.80040996705163
2021-09-15,18.18,16.44642575151257,1.7335742484874288
2021-09-16,18.69,16.602760011516633,2.0872399884833683
2021-09-17,20.81,16.418822125841295,4.3911778741587035
2021-09-20,25.71,14.960110962155845,10.749889037844156
2021-09-21,24.36,14.95675365846531,9.40324634153469
2021-09-22,20.87,14.690192646797232,6.179807353202769
2021-09-23,18.63,14.187283037989184,4.442716962010815
2021-09-24,17.75,14.275461463645076,3.474538536354924
2021-09-27,18.76,14.253117553714892,4.506882446285109
2021-09-28,23.25,12.050613262403512,11.199386737596488
2021-09-29,22.56,12.436539711672829,10.12346028832717
2021-09-30,23.14,11.537819551371706,11.602180448628294
2021-10-01,21.15,11.183190957862395,9.966809042137603
2021-10-04,22.96,9.32779716760689,13.63220283239311
2021-10-05,21.3,9.116650700779049,12.183349299220952
2021-10-06,21.0,9.117868171892765,11.882131828107235
2021-10-07,19.54,8.796772135278665,10.743227864721334
2021-10-08,18.77,8.557417834838683,10.212582165161317
2021-10-11,20.0,8.05141726654476,11.94858273345524
2021-10-12,19.85,9.302986617211442,10.54701338278856
2021-10-13,18.64,9.30449568757035,9.33550431242965
2021-10-14,16.86,8.093760559839618,8.766239440160382
2021-10-15,16.3,8.036999440090522,8.263000559909479
2021-10-18,16.31,8.049382585019508,8.26061741498049
2021-10-19,15.7,8.139068742799475,7.560931257200524
2021-10-20,15.49,8.116035978235647,7.373964021764353
2021-10-21,15.01,8.202163129322383,6.807836870677617
2021-10-22,15.43,8.460730464919418,6.969269535080581
2021-10-25,15.24,8.315106734132497,6.924893265867503
2021-10-26,15.98,8.345357991123901,7.634642008876099
2021-10-27,16.98,11.290213461224536,5.689786538775465
2021-10-28,16.53,11.278217944339245,5.251782055660756
2021-10-29,16.26,13.168658246002737,3.0913417539972645
2021-11-01,16.41,13.988731179060382,2.421268820939618
2021-11-02,16.03,15.13123788723236,0.898762112767642
2021-11-03,15.1,15.192046603404567,-0.09204660340456705
2021-11-04,15.44,15.837037601774394,-0.39703760177439484
2021-11-05,16.48,17.801094348382517,-1.3210943483825162
2021-11-08,17.22,17.881805277991816,-0.6618052779918173
2021-11-09,17.78,18.179960395996904,-0.3999603959969029
2021-11-10,18.73,18.046632926948334,0.6833670730516666
2021-11-11,17.66,18.375131019941488,-0.715131019941488
2021-11-12,16.29,18.274940218780912,-1.9849402187809133
2021-11-15,16.49,19.27044576547247,-2.7804457654724715
2021-11-16,16.37,19.55958895273661,-3.18958895273661
2021-11-17,17.11,19.62206716938906,-2.5120671693890593
2021-11-18,17.59,19.95570895758946,-2.3657089575894616
2021-11-19,17.91,21.45837179284617,-3.5483717928461687
2021-11-22,19.17,21.70327809341289,-2.533278093412889
2021-11-23,19.38,21.860844448465752,-2.480844448465753
2021-11-24,18.58,22.255724656816184,-3.675724656816186
2021-11-26,28.62,20.712486089313753,7.907513910686248
2021-11-29,22.96,20.414659438746845,2.5453405612531554
2021-11-30,27.19,19.06139973873943,8.128600261260573
2021-12-01,31.12,18.058784012220077,13.061215987779924
2021-12-02,27.95,17.536954125503538,10.413045874496461
2021-12-03,30.67,16.90958544731406,13.76041455268594
2021-12-06,27.18,18.595857603240994,8.584142396759006
2021-12-07,21.89,16.879184814439828,5.010815185560173
2021-12-08,19.9,16.85147115239545,3.0485288476045476
2021-12-09,21.58,16.4876826752584,5.092317324741597
2021-12-10,18.69,16.745798278971833,1.9442017210281684
2021-12-13,20.31,16.32980587759744,3.9801941224025583
2021-12-14,21.89,17.03140276078327,4.858597239216731
2021-12-15,19.29,15.991649070687364,3.298350929312635
2021-12-16,20.57,17.009973544953446,3.560026455046554
2021-12-17,21.57,17.200525573365955,4.369474426634046
2021-12-20,22.87,17.11347188620755,5.756528113792452
2021-12-21,21.01,16.46385495562982,4.546145044370181
2021-12-22,18.63,16.095086206666203,2.5349137933337964
2021-12-23,17.96,16.020722830135252,1.9392771698647486
2021-12-27,17.68,14.839812667281787,2.8401873327182123
2021-12-28,17.54,14.831521836953113,2.7084781630468857
2021-12-29,16.95,18.03730467669759,-1.0873046766975918
2021-12-30,17.33,20.393887319489057,-3.0638873194890586
2021-12-31,17.22,20.798824966810418,-3.5788249668104193
2022-01-03,16.6,20.68748317219899,-4.08748317219899
2022-01-04,16.91,22.067599778861695,-5.1575997788616945
2022-01-05,19.73,21.35110207928425,-1.621102079284249
2022-01-06,19.61,21.3363942595748,-1.7263942595747999
2022-01-07,18.76,21.74146453208744,-2.98146453208744
2022-01-10,19.4,22.578641234583095,-3.1786412345830968
2022-01-11,18.41,22.83118130977931,-4.4211813097793105
2022-01-12,17.62,23.53496717652303,-5.914967176523028
2022-01-13,20.31,23.097399853663532,-2.7873998536635334
2022-01-14,19.19,24.200316526855925,-5.010316526855924
2022-01-18,22.79,23.19572633051218,-0.40572633051218077
2022-01-19,23.85,24.24773638919757,-0.3977363891975685
2022-01-20,25.59,24.109938199838176,1.480061800161824
2022-01-21,28.85,23.357540966463404,5.492459033536598
2022-01-24,29.9,24.1253128477128,5.7746871522872
2022-01-25,31.16,24.68983110513346,6.470168894866539
2022-01-26,31.96,25.879746521170095,6.080253478829906
2022-01-27,30.49,25.696307906001113,4.793692093998885
2022-01-28,27.66,24.853853624740285,2.806146375259715
2022-01-31,24.83,24.304362571357757,0.5256374286422414
2022-02-01,21.96,24.185771023476097,-2.2257710234760957
2022-02-02,22.09,24.255529678817908,-2.165529678817908
2022-02-03,24.35,25.114583811005435,-0.7645838110054335
2022-02-04,23.22,24.76338425983041,-1.543384259830411
2022-02-07,22.86,27.042302416769477,-4.182302416769478
2022-02-08,21.44,26.686223412090676,-5.246223412090675
2022-02-09,19.96,26.093091039583964,-6.133091039583963
2022-02-10,23.91,25.788799894528182,-1.878799894528182
2022-02-11,27.36,26.587829546618057,0.7721704533819427
2022-02-14,28.33,28.27764629526326,0.05235370473673839
2022-02-15,25.7,27.95058210485098,-2.250582104850981
2022-02-16,24.29,28.364608934374818,-4.074608934374819
2022-02-17,28.11,27.140390564618183,0.9696094353818161
2022-02-18,27.75,27.221546612931736,0.5284533870682644
2022-02-22,28.81,27.273444226940153,1.5365557730598454
2022-02-23,31.02,26.42546726171583,4.594532738284169
2022-02-24,30.32,25.841756906217018,4.478243093782982
2022-02-25,27.59,24.908083025395896,2.6819169746041034
2022-02-28,30.15,25.254714411373076,4.895285588626923
2022-03-01,33.32,24.712464870992033,8.607535129007967
2022-03-02,30.74,24.858061066785066,5.881938933214933
2022-03-03,30.48,24.596914440636965,5.883085559363035
2022-03-04,31.98,24.250039999967324,7.729960000032676
2022-03-07,36.45,21.89893422064222,14.551065779357781
2022-03-08,35.13,22.393162349253288,12.736837650746715
2022-03-09,32.45,20.554447693869452,11.89555230613055
2022-03-10,30.23,20.51829232660494,9.711707673395061
2022-03-11,30.75,20.58232056887695,10.167679431123052
2022-03-14,31.77,20.159288677927478,11.610711322072522
2022-03-15,29.83,19.422204818197528,10.40779518180247
2022-03-16,26.67,18.055637346823723,8.61436265317628
2022-03-17,25.67,17.357316612887363,8.312683387112639
2022-03-18,23.87,17.849373098235567,6.020626901764434
2022-03-21,23.53,17.863888714387347,5.666111285612654
2022-03-22,22.94,18.131572463523838,4.808427536476163
2022-03-23,23.57,19.906950544973384,3.6630494550266164
2022-03-24,21.67,19.301174057554533,2.3688259424454685
2022-03-25,20.81,21.350452922596663,-0.5404529225966641
2022-03-28,19.63,21.041507550553888,-1.411507550553889
2022-03-29,18.9,22.440267378086574,-3.5402673780865754
2022-03-30,19.33,24.91995826641804,-5.589958266418041
2022-03-31,20.56,25.044721599570963,-4.484721599570964
2022-04-01,19.63,25.05296629143975,-5.422966291439749
2022-04-04,18.57,27.391232173818246,-8.821232173818245
2022-04-05,21.03,29.687223514502264,-8.657223514502263
2022-04-06,22.1,29.586905887571557,-7.486905887571556
2022-04-07,21.55,31.324530323693867,-9.774530323693867
2022-04-08,21.16,31.44485649514109,-10.284856495141089
2022-04-11,24.37,31.625688292905448,-7.255688292905447
2022-04-12,24.26,31.713800150723294,-7.453800150723293
2022-04-13,21.82,33.076748933352214,-11.256748933352213
2022-04-14,22.7,32.95750354623384,-10.257503546233838
2022-04-18,22.17,34.159994145198795,-11.989994145198793
2022-04-19,21.37,35.54074731909863,-14.170747319098627
2022-04-20,20.32,35.53258054237008,-15.212580542370077
2022-04-21,22.68,35.35682960900222,-12.676829609002219
2022-04-22,28.21,35.2828434228311,-7.072843422831099
2022-04-25,27.02,35.192432141016,-8.172432141016
2022-04-26,33.52,34.34442138106297,-0.8244213810629688
2022-04-27,31.6,35.33715438458529,-3.7371543845852884
2022-04-28,29.99,35.45964636033494,-5.469646360334945
2022-04-29,33.4,33.320231691871754,0.07976830812824431
2022-05-02,32.34,33.28471721376066,-0.9447172137606543
2022-05-03,29.25,34.07989612660248,-4.829896126602478
2022-05-04,25.42,32.69913209857434,-7.279132098574337
2022-05-05,31.2,30.003067843139213,1.196932156860786
2022-05-06,30.19,30.036715532827724,0.15328446717227706
2022-05-09,34.75,27.39843572177094,7.351564278229059
2022-05-10,32.99,28.86622386111516,4.123776138884843
2022-05-11,32.56,30.014782358031756,2.5452176419682466
2022-05-12,31.77,33.24811633762151,-1.4781163376215112
2022-05-13,28.87,31.500051428529684,-2.6300514285296828
2022-05-16,27.47,32.142030427463894,-4.672030427463895
2022-05-17,26.1,32.87305766125226,-6.77305766125226
2022-05-18,30.96,30.32541706226009,0.6345829377399106
2022-05-19,29.35,31.69170806378247,-2.3417080637824697
2022-05-20,29.43,31.68977311373521,-2.2597731137352106
2022-05-23,28.48,31.284366702875978,-2.804366702875978
2022-05-24,29.45,33.060174228216255,-3.6101742282162554
2022-05-25,28.37,32.784514637249316,-4.414514637249315
2022-05-26,27.5,32.45700725575319,-4.95700725575319
2022-05-27,25.72,30.783455946336097,-5.063455946336099
2022-05-31,26.19,30.82864187731947,-4.638641877319468
2022-06-01,25.69,31.25750277933308,-5.567502779333079
2022-06-02,24.72,30.189817488683424,-5.469817488683425
2022-06-03,24.79,29.897201875761137,-5.107201875761138
2022-06-06,25.07,30.67681534970694,-5.606815349706938
2022-06-07,24.02,30.35789123111181,-6.337891231111811
2022-06-08,23.96,30.49341633861341,-6.53341633861341
2022-06-09,26.09,29.591014176604606,-3.501014176604606
2022-06-10,27.75,27.8376421415323,-0.08764214153229943
2022-06-13,34.02,23.758025170455866,10.261974829544137
2022-06-14,32.69,24.59383337342949,8.096166626570508
2022-06-15,29.62,24.251818900858023,5.368181099141978
2022-06-16,32.95,22.267898868101895,10.682101131898108
2022-06-17,31.13,22.338801221193886,8.791198778806113
2022-06-21,30.19,21.268678379250876,8.921321620749126
2022-06-22,28.95,21.841321388597667,7.108678611402333
2022-06-23,29.05,21.630980560298553,7.419019439701447
2022-06-24,27.23,19.511461247175067,7.718538752824934
2022-06-27,26.95,21.587490822233466,5.362509177766533
2022-06-28,28.36,20.21953708668954,8.140462913310458
2022-06-29,28.16,20.494574891907703,7.665425108092297
2022-06-30,28.71,20.019738260027616,8.690261739972385
2022-07-01,26.7,20.087452800193798,6.612547199806201
2022-07-05,27.54,20.60377052871667,6.93622947128333
2022-07-06,26.73,20.647876404124798,6.082123595875203
2022-07-07,26.08,20.090021403672367,5.9899785963276315
2022-07-08,24.64,20.072428851536973,4.567571148463028
2022-07-11,26.17,19.448269845927523,6.721730154072478
2022-07-12,27.29,20.071950577858978,7.218049422141021
2022-07-13,26.82,19.917171485931764,6.902828514068236
2022-07-14,26.4,20.055912843847647,6.3440871561523515
2022-07-15,24.23,19.473982643517303,4.7560173564826975
2022-07-18,25.3,18.977273776810332,6.322726223189669
2022-07-19,24.5,17.859978723391958,6.640021276608042
2022-07-20,23.88,17.783582316283002,6.0964176837169965
2022-07-21,23.11,18.779840254912017,4.3301597450879825
2022-07-22,23.03,19.944701552041682,3.085298447958319
2022-07-25,23.36,19.974792114062513,3.3852078859374863
2022-07-26,24.69,19.175021251618308,5.514978748381694
2022-07-27,23.24,17.606778240212314,5.633221759787684
2022-07-28,22.33,21.21046534143026,1.1195346585697372
2022-07-29,21.33,20.693903450050563,0.6360965499494355
2022-08-01,22.84,20.995133721889335,1.8448662781106648
2022-08-02,23.93,21.068522492097415,2.8614775079025847
2022-08-03,21.95,20.028412817794997,1.921587182205002
2022-08-04,21.44,20.19163886364886,1.2483611363511429
2022-08-05,21.15,20.19121987399511,0.9587801260048892
2022-08-08,21.29,21.58328797936067,-0.2932879793606702
2022-08-09,21.77,21.76592106941525,0.004078930584750395
2022-08-10,19.74,20.901095665060595,-1.1610956650605964
2022-08-11,20.2,21.331264378841087,-1.131264378841088
2022-08-12,19.53,24.695721086860683,-5.165721086860682
2022-08-15,19.95,24.72025728021485,-4.7702572802148495
2022-08-16,19.69,24.723541008520915,-5.033541008520913
2022-08-17,19.9,24.73881080407899,-4.838810804078992
2022-08-18,19.56,24.952457995155815,-5.392457995155816
2022-08-19,20.6,24.79787006982687,-4.19787006982687
2022-08-22,23.8,24.452160640728977,-0.652160640728976
2022-08-23,24.11,24.562107401442887,-0.45210740144288764
2022-08-24,22.82,24.830403943553065,-2.010403943553065
2022-08-25,21.78,23.777314398392765,-1.9973143983927635
2022-08-26,25.56,21.714847455140355,3.845152544859644
2022-08-29,26.21,23.547178174889986,2.662821825110015
2022-08-30,26.21,24.232820719016914,1.977179280983087
2022-08-31,25.87,24.462228843668672,1.4077711563313287
2022-09-01,25.56,26.577259452396802,-1.0172594523968037
2022-09-02,25.47,29.244544106551135,-3.7745441065511365
2022-09-06,26.91,29.21369131075384,-2.303691310753841
2022-09-07,24.64,28.346309812743087,-3.7063098127430862
2022-09-08,23.61,29.51029108633148,-5.900291086331482
2022-09-09,22.79,28.528743400297458,-5.738743400297459
2022-09-12,23.87,27.923360112995283,-4.053360112995282
2022-09-13,27.27,24.539577013469803,2.730422986530197
2022-09-14,26.16,26.306776313338265,-0.14677631333826469
2022-09-15,26.27,27.21844521643394,-0.9484452164339388
2022-09-16,26.3,29.206575971859746,-2.906575971859745
2022-09-19,25.76,29.443235555896617,-3.6832355558966157
2022-09-20,27.16,29.34590329160128,-2.1859032916012815
2022-09-21,27.99,28.93934000629618,-0.9493400062961825
2022-09-22,27.35,29.894962117387173,-2.544962117387172
2022-09-23,29.92,29.29177836868247,0.6282216313175333
2022-09-26,32.26,29.48727657821274,2.7727234217872585
2022-09-27,32.6,29.65082595814177,2.9491740418582317
2022-09-28,30.18,28.94834503041606,1.2316549695839392
2022-09-29,31.84,28.656519677030108,3.183480322969892
2022-09-30,31.62,28.186594686127197,3.433405313872804
2022-10-03,30.1,27.12854953734191,2.9714504626580904
2022-10-04,29.07,26.528742902746345,2.5412570972536557
2022-10-05,28.55,26.743746184856278,1.806253815143723
2022-10-06,30.52,26.92531225445704,3.5946877455429593
2022-10-07,31.36,24.880119774631595,6.4798802253684045
2022-10-10,32.45,24.635983438864667,7.814016561135336
2022-10-11,33.63,25.929729655359196,7.700270344640806
2022-10-12,33.57,32.091286667879395,1.4787133321206056
2022-10-13,31.94,31.39207989286492,0.5479201071350808
2022-10-14,32.02,30.079971409561107,1.9400285904388959
2022-10-17,31.37,29.018175683526586,2.351824316473415
2022-10-18,30.5,29.25754671875299,1.242453281247009
2022-10-19,30.76,29.075086242348686,1.6849137576513158
2022-10-20,29.98,28.7966498051425,1.1833501948574998
2022-10-21,29.69,28.051973192629674,1.638026807370327
2022-10-24,29.85,28.19390998070353,1.656090019296471
2022-10-25,28.46,27.680682072521517,0.779317927478484
2022-10-26,27.28,27.52305578964687,-0.24305578964687058
2022-10-27,27.39,28.090119971264173,-0.7001199712641721
2022-10-28,25.75,26.98206293076966,-1.2320629307696613
2022-10-31,25.88,28.833336955684025,-2.9533369556840263
2022-11-01,25.81,28.770937419556113,-2.960937419556114
2022-11-02,25.86,26.790379616571574,-0.9303796165715745
2022-11-03,25.3,27.63799775671193,-2.3379977567119283
2022-11-04,24.55,28.15632149269528,-3.6063214926952796
2022-11-07,24.35,28.083326726013325,-3.733326726013324
2022-11-08,25.54,28.140206822267928,-2.6002068222679284
2022-11-09,26.09,27.008791901897684,-0.9187919018976842
2022-11-10,23.53,19.022905140908797,4.507094859091204
2022-11-11,22.52,18.802050951957725,3.717949048042275
2022-11-14,23.73,18.5957930726284,5.134206927371601
2022-11-15,24.54,20.23657184406526,4.303428155934739
2022-11-16,24.11,20.231160124916585,3.8788398750834148
2022-11-17,23.93,20.42396827259617,3.5060317274038297
2022-11-18,23.12,20.35181367839277,2.7681863216072315
2022-11-21,22.36,21.159899810727243,1.2001001892727565
2022-11-22,21.29,21.021917134267635,0.26808286573236373
2022-11-23,20.35,20.973540473654303,-0.6235404736543018
2022-11-25,20.5,20.979198268761728,-0.4791982687617278
2022-11-28,22.21,20.757557659802252,1.4524423401977486
2022-11-29,21.89,22.015152054891985,-0.12515205489198422
2022-11-30,20.58,18.558214353757613,2.0217856462423853
2022-12-01,19.84,18.536378287033724,1.303621712966276
2022-12-02,19.06,18.93793652962263,0.12206347037736975
2022-12-05,20.75,18.150966916393603,2.599033083606397
2022-12-06,22.17,19.409568774190078,2.760431225809924
2022-12-07,22.68,19.40155457688931,3.278445423110689
2022-12-08,22.29,19.417663093174077,2.8723369068259217
2022-12-09,22.83,19.718124657279514,3.1118753427204844
2022-12-12,25.0,19.153860185352052,5.846139814647948
2022-12-13,22.55,19.079474835540275,3.470525164459726
2022-12-14,21.14,18.98639618253065,2.1536038174693495
2022-12-15,22.83,17.512172909151346,5.3178270908486525
2022-12-16,22.62,17.39650654585611,5.223493454143892
2022-12-19,22.42,18.095310994841014,4.324689005158987
2022-12-20,21.48,18.46970167598854,3.010298324011462
2022-12-21,20.07,17.92529832387774,2.14470167612226
2022-12-22,21.97,16.8505952417122,5.1194047582878
2022-12-23,20.87,17.07305245115863,3.79694754884137
2022-12-27,21.65,16.836731274211562,4.813268725788436
2022-12-28,22.14,17.006156532268356,5.133843467731644
2022-12-29,21.44,16.69826338275971,4.741736617240292
2022-12-30,21.67,16.860612088533845,4.809387911466157
2023-01-03,22.9,17.042739216452656,5.857260783547343
2023-01-04,22.01,17.795946729522807,4.214053270477194
2023-01-05,22.46,17.409817919783464,5.050182080216537
2023-01-06,21.13,16.436028717424826,4.693971282575173
2023-01-09,21.97,17.242678446227945,4.727321553772054
2023-01-10,20.58,17.64375810308036,2.9362418969196398
2023-01-11,21.09,17.229648864675507,3.8603511353244926
2023-01-12,18.83,17.54348426054568,1.2865157394543196
2023-01-13,18.35,17.51555423045511,0.8344457695448924
2023-01-17,19.36,17.5039035646342,1.8560964353657994
2023-01-18,20.34,17.286915282953572,3.0530847170464277
2023-01-19,20.52,16.948628263078216,3.5713717369217832
2023-01-20,19.85,17.69006500836032,2.1599349916396804
2023-01-23,19.81,17.106475966721327,2.703524033278672
2023-01-24,19.2,17.18144115026485,2.0185588497351503
2023-01-25,19.08,17.590310969394896,1.4896890306051027
2023-01-26,18.73,17.1678967844059,1.5621032155940995
2023-01-27,18.51,17.10866096455285,1.401339035447151
2023-01-30,19.94,16.52023849706821,3.4197615029317916
2023-01-31,19.4,15.658620628906448,3.741379371093551
2023-02-01,17.87,16.156207475766536,1.7137925242334653
2023-02-02,18.73,15.035733437382252,3.6942665626177487
2023-02-03,18.33,15.370273907774537,2.959726092225461
2023-02-06,19.43,15.26270749244755,4.16729250755245
2023-02-07,18.66,15.696188072268216,2.9638119277317845
2023-02-08,19.63,16.13872113892594,3.4912788610740577
2023-02-09,20.71,15.98316364178303,4.726836358216971
2023-02-10,20.53,17.404709707433064,3.1252902925669375
2023-02-13,20.34,16.77867932824318,3.561320671756821
2023-02-14,18.91,18.210153211876467,0.6998467881235335
2023-02-15,18.23,18.306244836121223,-0.0762448361212229
2023-02-16,20.17,18.301173732851527,1.8688262671484743
2023-02-17,20.02,19.21881890231589,0.8011810976841112
2023-02-21,22.87,18.706652292700973,4.163347707299028
2023-02-22,22.29,18.737578285360527,3.552421714639472
2023-02-23,21.14,18.73382502320374,2.4061749767962617
2023-02-24,21.67,18.421084658619165,3.2489153413808367
2023-02-27,20.95,18.384934049378973,2.565065950621026
2023-02-28,20.7,19.02638694024733,1.6736130597526682
2023-03-01,20.58,19.026967178192486,1.5530328218075127
2023-03-02,19.59,19.59293852386655,-0.0029385238665504687
2023-03-03,18.49,18.83878658512841,-0.348786585128412
2023-03-06,18.61,19.019255505934353,-0.4092555059343539
2023-03-07,19.59,18.328554771176425,1.2614452288235753
2023-03-08,19.11,18.352285961155197,0.7577140388448029
2023-03-09,22.61,16.68167617477374,5.928323825226258
2023-03-10,24.8,15.253049531159782,9.546950468840219
2023-03-13,26.52,15.350039739362684,11.169960260637316
2023-03-14,23.73,14.994026810700776,8.735973189299225
2023-03-15,26.14,14.626497872013438,11.513502127986563
2023-03-16,22.99,13.599676466740442,9.390323533259556
2023-03-17,25.51,12.612541377534253,12.897458622465749
2023-03-20,24.15,12.47574446676485,11.674255533235149
2023-03-21,21.38,11.898848683801893,9.481151316198106
2023-03-22,22.26,9.789167482478465,12.470832517521536
2023-03-23,22.61,9.816416861564806,12.793583138435194
2023-03-24,21.74,11.874791787648913,9.865208212351085
2023-03-27,20.6,11.979617690060655,8.620382309939346
2023-03-28,19.97,13.440495526579888,6.529504473420111
2023-03-29,19.12,12.891183033376496,6.228816966623505
2023-03-30,19.02,12.824654381308454,6.195345618691546
2023-03-31,18.7,12.567949713458216,6.132050286541784
2023-04-03,18.55,12.649251361247213,5.900748638752788
2023-04-04,19.0,12.68977068350782,6.31022931649218
2023-04-05,19.08,14.356220951211856,4.723779048788142
2023-04-06,18.4,14.314860809662603,4.0851391903373955
2023-04-10,18.97,14.383615678959663,4.586384321040336
2023-04-11,19.1,14.461809015472934,4.638190984527068
2023-04-12,19.09,14.360362112426492,4.729637887573508
2023-04-13,17.8,13.491183787941457,4.308816212058543
2023-04-14,17.07,13.586588975898781,3.483411024101219
2023-04-17,16.95,13.734627770712041,3.215372229287958
2023-04-18,16.83,14.540419526272766,2.2895804737272325
2023-04-19,16.46,14.942871210045752,1.5171287899542492
2023-04-20,17.17,14.798831034916715,2.371168965083287
2023-04-21,16.77,14.803719802806798,1.9662801971932016
2023-04-24,16.89,15.343588889174994,1.546411110825007
2023-04-25,18.76,14.212381925631401,4.5476180743686
2023-04-26,18.84,14.244565279432504,4.595434720567496
2023-04-27,17.03,13.529660749627615,3.5003392503723862
2023-04-28,15.78,13.293572883164787,2.4864271168352126
2023-05-01,16.08,13.481511784663255,2.5984882153367437
2023-05-02,17.78,13.046438594498266,4.733561405501735
2023-05-03,18.34,13.753451930334206,4.586548069665794
2023-05-04,20.09,13.383470401955305,6.706529598044694
2023-05-05,17.19,12.000169998796425,5.1898300012035765
2023-05-08,16.98,12.145700473830805,4.834299526169195
2023-05-09,17.71,12.02517858495306,5.68482141504694
2023-05-10,16.94,12.01599434087807,4.9240056591219314
2023-05-11,16.93,12.187253997517802,4.742746002482198
2023-05-12,17.03,12.171647382339561,4.85835261766044
2023-05-15,17.12,12.208066185928612,4.911933814071389
2023-05-16,17.99,12.064198274233283,5.925801725766716
2023-05-17,16.87,11.87095615357135,4.99904384642865
2023-05-18,16.05,11.861293352750943,4.188706647249058
2023-05-19,16.81,12.056213335870169,4.75378666412983
2023-05-22,17.21,12.062780773934909,5.147219226065092
2023-05-23,18.53,11.737146160801341,6.79285383919866
2023-05-24,20.03,11.522692393707889,8.507307606292112
2023-05-25,19.14,11.935491611157605,7.204508388842395
2023-05-26,17.95,11.308129818852175,6.641870181147825
2023-05-30,17.46,11.312426795343855,6.147573204656146
2023-05-31,17.94,11.334554247962883,6.605445752037118
2023-06-01,15.65,11.034928182820835,4.615071817179166
2023-06-02,14.6,10.000927956945484,4.599072043054516
2023-06-05,14.73,10.625207762675224,4.1047922373247765
2023-06-06,13.96,10.594511786770257,3.365488213229744
2023-06-07,13.94,10.487546900968493,3.4524530990315068
2023-06-08,13.65,10.59514605845591,3.0548539415440903
2023-06-09,13.83,10.778116718611546,3.051883281388454
2023-06-12,15.01,10.74356923931771,4.26643076068229
2023-06-13,14.61,10.641909603074716,3.968090396925284
2023-06-14,13.88,10.689248804289933,3.1907511957100674
2023-06-15,14.5,10.237876732995657,4.262123267004343
2023-06-16,13.54,10.016412531441272,3.523587468558727
2023-06-20,13.88,10.346431268800552,3.5335687311994484
2023-06-21,13.2,10.04876111767086,3.151238882329139
2023-06-22,12.91,10.047059271250157,2.8629407287498427
2023-06-23,13.44,9.338597325081192,4.101402674918807
2023-06-26,14.25,9.017303366307111,5.232696633692889
2023-06-27,13.74,8.943039751673576,4.796960248326425
2023-06-28,13.43,9.531776329730658,3.898223670269342
2023-06-29,13.54,9.497629177853476,4.042370822146523
2023-06-30,13.59,9.033776618890565,4.556223381109435
2023-07-03,13.57,10.641187903613677,2.9288120963863236
2023-07-05,14.18,10.605775784920874,3.5742242150791252
2023-07-06,15.44,10.16949556271175,5.270504437288249
2023-07-07,14.83,10.407259005137417,4.422740994862583
2023-07-10,15.07,10.567758513517138,4.502241486482863
2023-07-11,14.84,10.676493806489756,4.163506193510244
2023-07-12,13.54,10.344360782572029,3.1956392174279706
2023-07-13,13.61,9.786862622925403,3.8231373770745964
2023-07-14,13.34,9.963258503121066,3.3767414968789335
2023-07-17,13.48,10.528059650287627,2.9519403497123733
2023-07-18,13.3,10.266559306798682,3.033440693201319
2023-07-19,13.76,10.39599923047394,3.3640007695260596
2023-07-20,13.99,10.226348321860284,3.7636516781397162
2023-07-21,13.6,10.626591174973026,2.973408825026974
2023-07-24,13.91,10.492351500022036,3.4176484999779646
2023-07-25,13.86,11.302148468322939,2.557851531677061
2023-07-26,13.19,12.090722062805625,1.0992779371943744
2023-07-27,14.41,12.304730797543462,2.1052692024565385
2023-07-28,13.33,11.753314426152931,1.5766855738470689
2023-07-31,13.63,13.060834582828711,0.5691654171712894
2023-08-01,13.93,13.163449395960559,0.7665506040394412
2023-08-02,16.09,12.139682038670296,3.950317961329704
2023-08-03,15.92,12.161458794076234,3.758541205923766
2023-08-04,17.1,12.192973386340764,4.907026613659237
2023-08-07,15.77,12.086910275170174,3.6830897248298253
2023-08-08,15.99,12.060437802999287,3.9295621970007133
2023-08-09,15.96,11.793767845774063,4.166232154225938
2023-08-10,15.85,12.032745322660748,3.8172546773392515
2023-08-11,14.84,12.203150412906256,2.636849587093744
2023-08-14,14.82,12.052833691709774,2.7671663082902267
2023-08-15,16.46,11.668480620886937,4.791519379113064
2023-08-16,16.78,12.114909822199012,4.665090177800989
2023-08-17,17.89,11.66763729295756,6.222362707042441
2023-08-18,17.3,11.724579310150707,5.5754206898492935
2023-08-21,17.13,12.021870070833995,5.1081299291660045
2023-08-22,16.97,13.308508556559385,3.661491443440614
2023-08-23,15.98,12.62603500708019,3.35396499291981
2023-08-24,17.2,11.85596052625068,5.344039473749319
2023-08-25,15.68,12.50251334732399,3.1774866526760093
2023-08-28,15.08,12.22173637418246,2.858263625817541
2023-08-29,14.45,11.045091217369583,3.4049087826304163
2023-08-30,13.88,10.802316418250983,3.0776835817490173
2023-08-31,13.57,10.79201371385409,2.777986286145911
2023-09-01,13.09,11.417029385966165,1.6729706140338347
2023-09-05,14.01,12.016748312252146,1.993251687747854
2023-09-06,14.45,11.920174495367707,2.529825504632292
2023-09-07,14.4,12.931584589678657,1.4684154103213434
2023-09-08,13.84,13.16756469511407,0.67243530488593
2023-09-11,13.8,13.122403743217722,0.6775962567822784
2023-09-12,14.23,13.126609615586746,1.1033903844132542
2023-09-13,13.48,13.332332129076836,0.1476678709231649
2023-09-14,12.82,12.914229361445253,-0.09422936144525274
2023-09-15,13.79,13.19599484692285,0.5940051530771484
2023-09-18,14.0,13.212239779841054,0.7877602201589458
2023-09-19,14.11,14.021243882053207,0.08875611794679195
2023-09-20,15.14,14.000315710726472,1.1396842892735286
2023-09-21,17.54,13.555871052795332,3.984128947204667
2023-09-22,17.2,13.554029659109293,3.645970340890706
2023-09-25,16.9,13.778988351835352,3.1210116481646466
2023-09-26,18.94,13.917961057569256,5.022038942430745
2023-09-27,18.22,14.309922431656103,3.9100775683438957
2023-09-28,17.34,14.015996575342571,3.3240034246574286
2023-09-29,17.52,14.824266592314594,2.695733407685406
2023-10-02,17.61,15.086538370349059,2.5234616296509405
2023-10-03,19.78,14.683668478960362,5.096331521039639
2023-10-04,18.58,15.98429729453297,2.595702705467028
2023-10-05,18.49,16.38834219803864,2.101657801961359
2023-10-06,17.45,15.873706561481285,1.5762934385187144
2023-10-09,17.7,15.78902403570322,1.9109759642967798
2023-10-10,17.03,15.648102760399235,1.3818972396007663
2023-10-11,16.09,15.883961722442367,0.20603827755763326
2023-10-12,16.69,16.514364656262558,0.1756353437374436
2023-10-13,19.32,16.359034201321727,2.9609657986782736
2023-10-16,17.21,17.57685978780094,-0.36685978780094075
2023-10-17,17.88,17.577812150549736,0.302187849450263
2023-10-18,19.22,16.64382407982053,2.5761759201794696
2023-10-19,21.4,16.14975913133114,5.2502408686688575
2023-10-20,21.71,15.183284229705155,6.526715770294846
2023-10-23,20.37,15.228988147608932,5.141011852391069
2023-10-24,18.97,15.167271343257932,3.802728656742067
2023-10-25,20.19,13.55650840002739,6.633491599972611
2023-10-26,20.68,12.583136333999287,8.096863666000713
2023-10-27,21.27,12.18013793025403,9.089862069745969
2023-10-30,19.75,12.021301094308098,7.7286989056919015
2023-10-31,18.14,11.998499906238827,6.141500093761174
2023-11-01,16.87,11.939487426184305,4.930512573815696
2023-11-02,15.66,10.870194110502968,4.789805889497032
2023-11-03,14.91,10.578495167083716,4.331504832916284
2023-11-06,14.89,10.776630271101148,4.113369728898853
2023-11-07,14.81,10.970804892988186,3.8391951070118147
2023-11-08,14.45,10.953054368531797,3.4969456314682024
2023-11-09,15.29,10.140976284363026,5.149023715636973
2023-11-10,14.17,9.190843269255192,4.979156730744808
2023-11-13,14.76,10.13093085555386,4.62906914444614
2023-11-14,14.16,7.626453959738659,6.533546040261341
2023-11-15,14.18,7.698992141833467,6.4810078581665325
2023-11-16,14.32,7.615518367124687,6.704481632875313
2023-11-17,13.8,7.777467454127557,6.022532545872444
2023-11-20,13.41,9.866251567845493,3.5437484321545067
2023-11-21,13.35,10.17524643436283,3.17475356563717
2023-11-22,12.85,10.142715612695326,2.7072843873046732
2023-11-24,12.46,10.167855231070783,2.2921447689292176
2023-11-27,12.69,10.025088528288089,2.6649114717119105
2023-11-28,12.69,10.043636791521957,2.646363208478043
2023-11-29,12.98,10.296729577881198,2.6832704221188024
2023-11-30,12.92,10.790868361722037,2.129131638277963
2023-12-01,12.63,11.310644543968916,1.3193554560310847
2023-12-04,13.08,11.249853332377887,1.8301466676221132
2023-12-05,12.85,11.188822994399983,1.6611770056000168
2023-12-06,12.97,11.951351388023598,1.0186486119764027
2023-12-07,13.06,11.838158640600053,1.2218413593999475
2023-12-08,12.35,11.860666085849214,0.48933391415078553
2023-12-11,12.63,11.888456586118053,0.7415434138819474
2023-12-12,12.07,11.87997474744849,0.1900252525515107
2023-12-13,12.19,10.88065439208571,1.30934560791429
2023-12-14,12.48,10.952544909746507,1.5274550902534934
2023-12-15,12.28,11.36901578853746,0.910984211462539
2023-12-18,12.56,11.996984621146014,0.5630153788539864
2023-12-19,12.53,11.820370552567885,0.7096294474321141
2023-12-20,13.67,10.291116557498214,3.3788834425017864
2023-12-21,13.65,9.6933523612842,3.9566476387158005
2023-12-22,13.03,9.774446275877418,3.2555537241225814
2023-12-26,12.99,9.679452463854247,3.3105475361457533
2023-12-27,12.43,10.047142877455956,2.382857122544044
2023-12-28,12.47,10.070108241722824,2.3998917582771764
2023-12-29,12.45,11.809538517656568,0.6404614823434311
2024-01-02,13.2,12.167954635024486,1.032045364975513
2024-01-03,14.04,11.777059055639217,2.262940944360782
2024-01-04,14.13,11.834326343312224,2.295673656687777
2024-01-05,13.35,11.832805246433056,1.5171947535669439
2024-01-08,13.08,11.103134692509757,1.9768653074902431
2024-01-09,12.76,11.007168573253235,1.7528314267467646
2024-01-10,12.69,11.065698351211894,1.624301648788105
2024-01-11,12.44,11.00992643027253,1.430073569727469
2024-01-12,12.7,12.688588573990955,0.011411426009043879
2024-01-16,13.84,12.920945785816674,0.9190542141833262
2024-01-17,14.79,12.651926335543276,2.138073664456723
2024-01-18,14.13,12.767585519588803,1.3624144804111982
2024-01-19,13.3,12.661578100695579,0.6384218993044222
2024-01-22,13.19,12.637292431530337,0.5527075684696623
2024-01-23,12.55,14.268579466786935,-1.7185794667869345
2024-01-24,13.14,14.263519902184516,-1.1235199021845155
2024-01-25,13.45,14.314009920354737,-0.8640099203547376
2024-01-26,13.26,14.301915955563919,-1.041915955563919
2024-01-29,13.6,14.158703330461227,-0.5587033304612277
2024-01-30,13.31,14.197213811167805,-0.8872138111678041
2024-01-31,14.35,12.539971291833707,1.8100287081662927
2024-02-01,13.88,12.139014787041562,1.7409852129584387
2024-02-02,13.85,12.553476012643424,1.2965239873565757
2024-02-05,13.67,12.481072069338188,1.1889279306618121
2024-02-06,13.06,12.834802686446478,0.22519731355352235
2024-02-07,12.83,12.974427154985069,-0.14442715498506864
2024-02-08,12.79,13.016640119478373,-0.2266401194783736
2024-02-09,12.93,13.290954818974212,-0.36095481897421244
2024-02-12,13.93,13.319202678839822,0.6107973211601774
2024-02-13,15.85,11.967410747526538,3.882589252473462
2024-02-14,14.38,11.686438294023286,2.6935617059767143
2024-02-15,14.01,11.608043762840227,2.401956237159773
2024-02-16,14.24,11.49187191018129,2.74812808981871
2024-02-20,15.42,11.44059089383121,3.9794091061687897
2024-02-21,15.34,11.429047204382943,3.9109527956170567
2024-02-22,14.54,9.493319756545326,5.046680243454674
2024-02-23,13.75,9.58724778025549,4.16275221974451
2024-02-26,13.74,9.58724778025549,4.15275221974451
2024-02-27,13.43,9.940806808303526,3.489193191696474
2024-02-28,13.84,9.833931055280676,4.006068944719324
2024-02-29,13.4,9.840676805993263,3.559323194006737
2024-03-01,13.11,10.104155580750623,3.0058444192493763
2024-03-04,13.49,10.078142686031685,3.4118573139683157
2024-03-05,14.46,10.301512510307113,4.158487489692888
2024-03-06,14.5,10.762272994122286,3.737727005877714
2024-03-07,14.44,10.206227510692381,4.2337724893076185
2024-03-08,14.74,9.892566906521981,4.847433093478019
2024-03-11,15.22,10.53544873273151,4.684551267268491
2024-03-12,13.84,10.211628665399758,3.628371334600242
2024-03-13,13.75,11.531853276902815,2.2181467230971847
2024-03-14,14.4,12.256004242819692,2.143995757180308
2024-03-15,14.41,12.139103756044523,2.2708962439554767
2024-03-18,14.33,12.08287879604916,2.24712120395084
2024-03-19,13.82,11.841138458780662,1.978861541219338
2024-03-20,13.04,11.214822334750322,1.8251776652496776
2024-03-21,12.92,11.65587577147314,1.2641242285268603
2024-03-22,13.06,12.767280054890875,0.29271994510912513
2024-03-25,13.19,12.771433748801048,0.41856625119895163
2024-03-26,13.24,12.814867927529116,0.425132072470884
2024-03-27,12.78,12.97775173132906,-0.19775173132905977
2024-03-28,13.01,13.056037683769697,-0.04603768376969697
2024-04-01,13.65,14.088880722045117,-0.4388807220451163
2024-04-02,14.61,13.898638782269812,0.7113612177301878
2024-04-03,14.33,14.459892115780615,-0.1298921157806152
2024-04-04,16.35,14.59470040802531,1.7552995919746905
2024-04-05,16.03,14.613631992082398,1.4163680079176029
2024-04-08,15.19,14.615553359350239,0.5744466406497608
2024-04-09,14.98,14.606067232489863,0.37393276751013715
2024-04-10,15.8,14.28662871359139,1.51337128640861
2024-04-11,14.91,14.065865064048284,0.8441349359517165
2024-04-12,17.31,12.91475899891337,4.395241001086628
2024-04-15,19.23,12.004274238787351,7.225725761212649
2024-04-16,18.4,12.377157993659672,6.022842006340326
2024-04-17,18.21,12.101852750716043,6.108147249283958
2024-04-18,18.0,11.966959513594647,6.033040486405353
2024-04-19,18.71,11.311238658962745,7.398761341037256
2024-04-22,16.94,11.137412625920502,5.802587374079499
2024-04-23,15.69,10.729352263767538,4.9606477362324615
2024-04-24,15.97,11.306543238320616,4.6634567616793845
2024-04-25,15.37,11.212221902906379,4.157778097093621
2024-04-26,15.03,10.844309106624252,4.185690893375748
2024-04-29,14.67,11.297975039803097,3.372024960196903
2024-04-30,15.65,9.587792238050097,6.062207761949903
2024-05-01,15.39,9.60264338606894,5.78735661393106
2024-05-02,14.68,9.168129580236837,5.511870419763163
2024-05-03,13.49,8.422904487171502,5.067095512828498
2024-05-06,13.49,8.653225988035548,4.836774011964453
2024-05-07,13.23,8.672501369271371,4.557498630728629
2024-05-08,13.0,8.727150737784575,4.272849262215425
2024-05-09,12.69,8.62010208756334,4.069897912436659
2024-05-10,12.55,8.627831709068847,3.922168290931154
2024-05-13,13.6,9.083974900890784,4.516025099109216
2024-05-14,13.42,8.962227401712914,4.457772598287086
2024-05-15,12.45,8.18384017439331,4.266159825606689
2024-05-16,12.42,8.465934089042616,3.954065910957384
2024-05-17,11.99,8.471864021572454,3.518135978427546
2024-05-20,12.15,8.590385323139692,3.559614676860308
2024-05-21,11.86,8.620109048034944,3.239890951965055
2024-05-22,12.29,8.569280016431595,3.7207199835684044
2024-05-23,12.77,7.9102439911809155,4.859756008819084
2024-05-24,11.93,7.632965347754032,4.2970346522459675
2024-05-28,12.92,7.613556330652174,5.306443669347826
2024-05-29,14.28,7.118168303715061,7.161831696284938
2024-05-30,14.47,6.69154690635982,7.778453093640181
2024-05-31,12.92,6.597281258216425,6.322718741783575
2024-06-03,13.11,6.666141312634591,6.443858687365409
2024-06-04,13.16,6.672456818894641,6.487543181105359
2024-06-05,12.63,5.566758482277969,7.063241517722032
2024-06-06,12.58,5.540310460616237,7.039689539383763
2024-06-07,12.22,6.000719956806314,6.219280043193686
2024-06-10,12.74,6.637611016021778,6.102388983978222
2024-06-11,12.85,6.780008849552751,6.069991150447248
2024-06-12,12.04,6.267544973912329,5.772455026087671
2024-06-13,11.94,6.63422942021254,5.30577057978746
2024-06-14,12.66,8.81049147323881,3.8495085267611895
2024-06-17,12.75,9.268656860625166,3.481343139374834
2024-06-18,12.3,9.601074939818668,2.698925060181333
2024-06-20,13.28,10.190136407331057,3.0898635926689426
2024-06-21,13.2,10.17610141458967,3.023898585410329
2024-06-24,13.33,13.319486476588132,0.010513523411868064
2024-06-25,12.84,13.30161343597137,-0.46161343597137083
2024-06-26,12.55,13.86668669870399,-1.3166866987039896
2024-06-27,12.24,13.858030163050378,-1.6180301630503777
2024-06-28,12.44,13.910544202151623,-1.4705442021516237
2024-07-01,12.22,14.875293610548127,-2.655293610548126
2024-07-02,12.03,15.805534473721988,-3.7755344737219882
2024-07-03,12.09,17.19199464867339,-5.10199464867339
2024-07-05,12.48,19.61455276064216,-7.134552760642158
2024-07-08,12.37,20.1117846050522,-7.741784605052201
2024-07-09,12.51,20.161493992261956,-7.6514939922619565
2024-07-10,12.85,21.837035513091397,-8.987035513091397
2024-07-11,12.92,21.933328064842662,-9.013328064842662
2024-07-12,12.46,21.747297763170824,-9.287297763170823
2024-07-15,13.12,22.682089850805518,-9.562089850805519
2024-07-16,13.19,22.46023152151408,-9.270231521514079
2024-07-17,14.48,22.964893206806217,-8.484893206806216
2024-07-18,15.93,22.75114238890026,-6.82114238890026
2024-07-19,16.52,22.857711171506523,-6.337711171506523
2024-07-22,14.91,22.592003895184114,-7.682003895184113
2024-07-23,14.72,22.656299786152513,-7.936299786152512
2024-07-24,18.04,21.20939603100508,-3.169396031005082
2024-07-25,18.46,21.541005547560076,-3.081005547560075
2024-07-26,16.39,21.341944616178118,-4.9519446161781175
2024-07-29,16.6,21.337929609032223,-4.737929609032221
2024-07-30,17.69,21.406558807991864,-3.716558807991863
2024-07-31,16.36,20.779623673204824,-4.419623673204825
2024-08-01,18.59,20.12002286281042,-1.5300228628104193
2024-08-02,23.39,20.338778724397738,3.0512212756022628
2024-08-05,38.57,16.84841594928181,21.72158405071819
2024-08-06,27.71,16.76001312648692,10.94998687351308
2024-08-07,27.85,17.859162354377485,9.990837645622516
2024-08-08,23.79,16.349095387819297,7.440904612180702
2024-08-09,20.37,16.342146737806946,4.027853262193055
2024-08-12,20.71,16.632753229697546,4.077246770302455
2024-08-13,18.12,15.874477629201353,2.245522370798648
2024-08-14,16.19,15.990166978490695,0.19983302150930626
2024-08-15,15.23,14.85977254200125,0.3702274579987499
2024-08-16,14.8,14.849537366531468,-0.04953736653146734
2024-08-19,14.65,14.496965199655218,0.15303480034478234
2024-08-20,15.88,15.67577749268004,0.20422250731995994
2024-08-21,16.27,15.649525232415654,0.620474767584346
2024-08-22,17.55,15.203104946030404,2.3468950539695967
2024-08-23,15.86,14.608429073655188,1.2515709263448116
2024-08-26,16.15,14.59176480073655,1.5582351992634482
2024-08-27,15.43,14.643704449353457,0.7862955506465426
2024-08-28,17.11,14.406840042147135,2.703159957852865
2024-08-29,15.65,14.429769228924421,1.2202307710755793
2024-08-30,15.0,14.565350665192181,0.4346493348078191
2024-09-03,20.72,11.938693395845881,8.781306604154118
2024-09-04,21.32,11.94260775542821,9.37739224457179
2024-09-05,19.9,12.197726017582701,7.702273982417298
2024-09-06,22.38,10.676240911482553,11.703759088517446
2024-09-09,19.45,10.483604342019676,8.966395657980323
2024-09-10,19.08,10.58715825894814,8.492841741051858
2024-09-11,17.69,10.293559151236948,7.396440848763053
2024-09-12,17.07,10.257882822493828,6.812117177506172
2024-09-13,16.56,10.257882822493828,6.302117177506171
2024-09-16,17.14,10.73426662609114,6.405733373908861
2024-09-17,17.61,10.806087173441364,6.803912826558635
2024-09-18,18.23,10.729861136101155,7.5001388638988455
2024-09-19,16.33,9.08340024440265,7.246599755597348
2024-09-20,16.15,9.099516470671071,7.050483529328927
2024-09-23,15.89,9.123538787116225,6.766461212883776
2024-09-24,15.39,9.820266798820402,5.569733201179599
2024-09-25,15.41,9.780852723562205,5.629147276437795
2024-09-26,15.37,9.701377221818266,5.668622778181733
2024-09-27,16.96,9.75702823609803,7.202971763901971
2024-09-30,16.73,9.703937345223036,7.026062654776965
2024-10-01,19.26,9.080242287517123,10.179757712482878
2024-10-02,18.9,11.190120642781935,7.709879357218064
2024-10-03,20.49,11.27127322000555,9.218726779994448
2024-10-04,19.21,10.70844526530413,8.50155473469587
2024-10-07,22.64,11.074841759592513,11.565158240407488
2024-10-08,21.42,14.602332690361974,6.817667309638027
2024-10-09,20.86,14.589408486981714,6.270591513018285
2024-10-10,20.93,14.54841434658822,6.381585653411779
2024-10-11,20.46,14.421238504373127,6.038761495626874
2024-10-14,19.7,14.42033980182208,5.27966019817792
2024-10-15,20.64,14.11962464090367,6.520375359096331
2024-10-16,19.58,14.36729202041965,5.2127079795803475
2024-10-17,19.11,15.257293337942162,3.8527066620578374
2024-10-18,18.03,15.271483228554269,2.7585167714457324
2024-10-21,18.37,15.296591777255944,3.0734082227440567
2024-10-22,18.2,15.281993325479965,2.9180066745200346
2024-10-23,19.24,14.896132383944968,4.3438676160550305
2024-10-24,19.08,14.944870691980377,4.135129308019621
2024-10-25,20.33,14.93581869199054,5.394181308009458
2024-10-28,19.8,14.942582106182787,4.857417893817214
2024-10-29,19.34,15.082003845643788,4.257996154356212
2024-10-30,20.35,15.020637802703781,5.32936219729622
2024-10-31,23.16,13.113141500037804,10.046858499962196
2024-11-01,21.88,13.13260522516434,8.747394774835659
2024-11-04,21.98,13.039207031104826,8.940792968895174
2024-11-05,20.49,12.715286862671002,7.774713137328996
2024-11-06,16.27,8.339618696320237,7.930381303679763
2024-11-07,15.2,8.634421810405964,6.565578189594035
2024-11-08,14.94,8.658542602540816,6.281457397459183
2024-11-11,14.97,9.084093790797969,5.885906209202032
2024-11-12,14.71,9.267860594550086,5.442139405449915
2024-11-13,14.02,9.25466368919013,4.76533631080987
2024-11-14,14.31,8.91702416728889,5.392975832711111
2024-11-15,16.14,7.455161970072415,8.684838029927587
2024-11-18,15.58,13.646274216796847,1.933725783203153
2024-11-19,16.35,13.523690324760269,2.8263096752397328
2024-11-20,17.16,14.06620631158289,3.0937936884171098
2024-11-21,16.87,14.043683277545615,2.8263167224543864
2024-11-22,15.24,14.456638613454176,0.783361386545824
2024-11-25,14.6,14.389913133859231,0.21008686614076844
2024-11-26,14.1,14.864717958979732,-0.7647179589797322
2024-11-27,14.1,15.249650487798553,-1.149650487798553
2024-11-29,13.51,15.114094084661994,-1.6040940846619947
2024-12-02,13.34,15.05172681123381,-1.7117268112338095
2024-12-03,13.3,15.923996985682166,-2.623996985682165
2024-12-04,13.45,15.836833016737112,-2.3868330167371123
2024-12-05,13.54,16.25912912797038,-2.7191291279703798
2024-12-06,12.77,16.18441472528478,-3.4144147252847787
2024-12-09,14.19,16.782862687873454,-2.5928626878734544
2024-12-10,14.18,16.809268871667644,-2.6292688716676444
2024-12-11,13.58,16.427900657114254,-2.8479006571142538
2024-12-12,13.92,17.913143777684994,-3.9931437776849936
2024-12-13,13.81,17.915300723125323,-4.105300723125323
2024-12-16,14.69,18.194284816942233,-3.504284816942233
2024-12-17,15.87,18.471426582698328,-2.6014265826983287
2024-12-18,27.62,14.518764410238704,13.101235589761297
2024-12-19,24.09,14.517524582380217,9.572475417619783
2024-12-20,18.36,14.241313141702,4.118686858298
2024-12-23,16.78,15.181719270228072,1.598280729771929
2024-12-24,14.27,15.025326618746574,-0.7553266187465741
2024-12-26,14.73,15.103935910881455,-0.37393591088145506
2024-12-27,15.95,14.599139700681482,1.3508602993185175
2024-12-30,17.4,14.152489533647927,3.2475104663520717
2024-12-31,17.35,14.389212626131224,2.9607873738687776
2025-01-02,17.93,14.54043190555267,3.3895680944473305
2025-01-03,16.13,13.911777744056083,2.2182222559439158
2025-01-06,16.04,13.833624253969534,2.2063757460304654
2025-01-07,17.82,13.619264297311151,4.200735702688849
2025-01-08,17.7,13.760635159759675,3.9393648402403247
2025-01-10,19.54,12.405953409553575,7.134046590446424
2025-01-13,19.19,12.523726282541231,6.66627371745877
2025-01-14,18.71,12.935337645381118,5.774662354618883
2025-01-15,16.12,11.367522157445489,4.752477842554512
2025-01-16,16.6,11.318413316362594,5.281586683637407
2025-01-17,15.97,10.919362618761873,5.050637381238127
2025-01-21,15.06,10.712954774478156,4.347045225521844
2025-01-22,15.1,12.43099513313454,2.6690048668654605
2025-01-23,15.02,12.354741599888472,2.6652584001115276
2025-01-24,14.85,12.441753895653731,2.4082461043462686
2025-01-27,17.9,11.463172335789713,6.436827664210286
2025-01-28,16.41,12.067375853930084,4.342624146069916
2025-01-29,16.56,13.538722243993877,3.0212777560061213
2025-01-30,15.84,14.654930910789544,1.1850690892104563
2025-01-31,16.43,15.064282259703413,1.3657177402965868
2025-02-03,18.62,15.693852299547576,2.9261477004524252
2025-02-04,17.21,16.411731170111672,0.7982688298883289
2025-02-05,15.77,16.45633130439513,-0.6863313043951287
2025-02-06,15.5,18.597793417500245,-3.0977934175002453
2025-02-07,16.54,18.510756872694735,-1.9707568726947358
2025-02-10,15.81,18.406415186016407,-2.596415186016406
2025-02-11,16.02,18.722743388724197,-2.7027433887241976
2025-02-12,15.89,20.95071931939367,-5.0607193193936695
2025-02-13,15.1,20.651264368072365,-5.551264368072365
2025-02-14,14.77,20.740615227133823,-5.970615227133823
2025-02-18,15.35,21.398016730529378,-6.048016730529378
2025-02-19,15.27,21.331382514971114,-6.061382514971115
2025-02-20,15.66,21.389914445832066,-5.729914445832065
2025-02-21,18.21,22.091760454975397,-3.881760454975396
2025-02-24,18.98,22.07938857849136,-3.099388578491361
2025-02-25,19.43,22.33633542011793,-2.90633542011793
2025-02-26,19.1,22.33184363190856,-3.231843631908557
2025-02-27,21.13,22.712825451713726,-1.5828254517137275
2025-02-28,19.63,21.853009861344386,-2.223009861344387
2025-03-03,22.78,21.160464078087106,1.6195359219128953
2025-03-04,23.51,21.055814398878393,2.4541856011216083
2025-03-05,21.93,26.814180576702608,-4.884180576702608
2025-03-06,24.87,32.62894849669563,-7.758948496695627
2025-03-07,23.37,32.4329628618789,-9.062962861878898
2025-03-10,27.86,31.6127543880633,-3.752754388063302
2025-03-11,26.92,47.43015749499484,-20.510157494994836
2025-03-12,24.23,48.858051946429626,-24.628051946429625
2025-03-13,24.66,49.12711308432458,-24.467113084324577
2025-03-14,21.77,48.524923492984676,-26.754923492984677
2025-03-17,20.51,48.415911847243116,-27.905911847243114
2025-03-18,21.7,48.82013846764484,-27.12013846764484
2025-03-19,19.9,48.56570394836274,-28.66570394836274
2025-03-20,19.8,49.09624914390117,-29.296249143901168
2025-03-21,19.28,50.15440877928893,-30.874408779288927
2025-03-24,17.48,50.05728478453476,-32.577284784534754
2025-03-25,17.15,50.760075650061985,-33.61007565006199
2025-03-26,18.33,50.70442110901193,-32.374421109011934
2025-03-27,18.69,50.69737981395108,-32.007379813951076
2025-03-28,21.65,50.22980310532796,-28.57980310532796
2025-03-31,22.28,50.21229809518793,-27.93229809518793
2025-04-01,21.77,50.235314271934385,-28.465314271934385
2025-04-02,21.51,50.451271539972254,-28.941271539972252
2025-04-03,30.02,46.91841301664001,-16.89841301664001
2025-04-04,45.31,41.45114232442833,3.85885767557167
2025-04-07,46.98,41.36706951187157,5.612930488128427
2025-04-08,52.33,40.58079200804259,11.749207991957405
2025-04-09,33.62,24.02078350096046,9.599216499039539
2025-04-10,40.72,22.356843247650453,18.363156752349546
2025-04-11,37.56,21.92628833158986,15.633711668410143
2025-04-14,30.89,21.934446881560834,8.955553118439166
2025-04-15,30.12,21.841090632109324,8.278909367890677
2025-04-16,32.64,19.553437549444176,13.086562450555824
2025-04-17,29.65,19.61828432865661,10.031715671343388
2025-04-21,33.82,16.774130081766188,17.045869918233812
2025-04-22,30.57,17.31179713374708,13.258202866252919
2025-04-23,28.45,16.75255443208629,11.69744556791371
2025-04-24,26.47,15.877255430332227,10.592744569667772
2025-04-25,24.84,17.033734763698007,7.806265236301993
2025-04-28,25.15,17.334604696964224,7.815395303035775
2025-04-29,24.17,17.30524544755185,6.864754552448151
2025-04-30,24.7,17.315487864914868,7.3845121350851315
2025-05-01,24.6,17.28416963582613,7.31583036417387
2025-05-02,22.68,16.712992550707792,5.967007449292208
2025-05-05,23.64,16.427020423680432,7.212979576319569
2025-05-06,24.76,16.211606953044907,8.548393046955095
2025-05-07,23.55,16.440113138297257,7.109886861702744
2025-05-08,22.48,16.376761584636142,6.103238415363858
2025-05-09,21.9,16.336723049620876,5.563276950379123
2025-05-12,18.39,12.09493943763318,6.295060562366821
2025-05-13,18.22,11.87613573516295,6.343864264837048
2025-05-14,18.62,12.652391078369913,5.967608921630088
2025-05-15,17.83,13.026542135195147,4.803457864804852
2025-05-16,17.24,13.202936037109875,4.037063962890123
2025-05-19,18.14,13.203217789615326,4.936782210384674
2025-05-20,18.09,13.159588139452335,4.930411860547665
2025-05-21,20.87,11.885064577023313,8.984935422976688
2025-05-22,20.28,12.390210651962873,7.889789348037128
2025-05-23,22.29,12.031114661577046,10.258885338422953
2025-05-27,18.96,10.31463232500385,8.645367674996152
2025-05-28,19.31,9.94749214626552,9.36250785373448
2025-05-29,19.18,9.985347264868366,9.194652735131633
2025-05-30,18.57,10.014052126887206,8.555947873112794
2025-06-02,18.36,10.068904607752232,8.291095392247767
2025-06-03,17.69,10.214677674797876,7.475322325202125
2025-06-04,17.61,10.854512425715592,6.755487574284407
2025-06-05,18.48,10.597863935719035,7.8821360642809655
2025-06-06,16.77,10.259146163302976,6.510853836697024
2025-06-09,17.16,10.254723789552509,6.905276210447491
2025-06-10,16.95,10.434101782137947,6.515898217862052
2025-06-11,17.26,10.28460791668862,6.975392083311382
2025-06-12,18.02,10.56215318957334,7.457846810426659
2025-06-13,20.82,9.460904819308464,11.359095180691536
2025-06-16,19.11,9.170138494047633,9.939861505952367
2025-06-17,21.6,8.333508264831451,13.26649173516855
2025-06-18,20.14,8.327256450957547,11.812743549042453
2025-06-20,20.62,8.178728507537956,12.441271492462045
2025-06-23,19.83,8.031383442472043,11.798616557527955
2025-06-24,17.48,7.3537419046369985,10.126258095363003
2025-06-25,16.76,7.319147491341744,9.440852508658256
2025-06-26,16.59,6.931527970080928,9.658472029919071
2025-06-27,16.32,7.1018645439077694,9.21813545609223
2025-06-30,16.73,7.032587006217154,9.697412993782846
2025-07-01,16.83,7.171075233186051,9.658924766813946
2025-07-02,16.64,9.392290455475417,7.247709544524584
2025-07-03,16.38,10.385726743950782,5.994273256049217
2025-07-07,17.79,10.043296271643813,7.746703728356186
2025-07-08,16.81,10.29315695013024,6.51684304986976
2025-07-09,15.94,10.117507598218769,5.822492401781231
2025-07-10,15.78,10.343815543599685,5.436184456400314
2025-07-11,16.4,10.24402850445148,6.155971495548519
2025-07-14,17.2,11.023884977629907,6.176115022370093
2025-07-15,17.38,10.804771168331806,6.575228831668193
2025-07-16,17.16,10.80972895127414,6.35027104872586
2025-07-17,16.52,10.776357455096521,5.743642544903478
2025-07-18,16.41,10.77064900551561,5.63935099448439
2025-07-21,16.65,11.125371005050326,5.524628994949673
2025-07-22,16.5,11.190222517895457,5.309777482104543
2025-07-23,15.37,10.965996534743876,4.404003465256123
2025-07-24,15.39,12.45094695193962,2.93905304806038
2025-07-25,14.93,12.537578713611913,2.392421286388087
2025-07-28,15.03,12.61145669619551,2.418543303804489
2025-07-29,15.98,12.529057426638863,3.4509425733611376
2025-07-30,15.48,12.540507166778161,2.9394928332218395
2025-07-31,16.72,12.746547767925811,3.9734522320741874
2025-08-01,20.38,11.210985683695005,9.169014316304994
2025-08-04,17.52,10.092944069993377,7.427055930006622
2025-08-05,17.85,10.256496477843415,7.5935035221565865
2025-08-06,16.77,10.125634794916042,6.6443652050839574
2025-08-07,16.57,10.09643897619425,6.47356102380575
2025-08-08,15.15,9.894750123172107,5.255249876827893
2025-08-11,16.25,9.84916646219437,6.40083353780563
2025-08-12,14.73,9.383508938558881,5.346491061441119
2025-08-13,14.49,9.374360778208532,5.115639221791469
2025-08-14,14.83,9.459610985659738,5.370389014340262
2025-08-15,15.09,9.381436990142522,5.708563009857478
2025-08-18,14.99,9.409165744103694,5.580834255896306
2025-08-19,15.57,9.056727885942818,6.513272114057182
2025-08-20,15.69,8.918820549826878,6.771179450173122
2025-08-21,16.6,8.676305665432386,7.923694334567616
2025-08-22,14.22,7.422810788374871,6.797189211625129
2025-08-25,14.79,7.289320956029741,7.500679043970258
2025-08-26,14.62,7.632092766732755,6.9879072332672445
2025-08-27,14.85,7.813887636766631,7.036112363233369
2025-08-28,14.43,7.784268751784873,6.645731248215126
2025-08-29,15.36,7.2436261637397,8.1163738362603
2025-09-02,17.17,6.6973815779014885,10.472618422098513
2025-09-03,16.35,6.650921740632215,9.699078259367786
2025-09-04,15.3,6.188508705658767,9.111491294341235
2025-09-05,15.18,6.089541854689422,9.090458145310578
2025-09-08,15.11,6.528191173672409,8.58180882632759
2025-09-09,15.04,6.769008790067739,8.27099120993226
2025-09-10,15.35,6.904207412876179,8.44579258712382
2025-09-11,14.71,11.819131947821496,2.8908680521785044
2025-09-12,14.76,13.160299388692287,1.5997006113077124
2025-09-15,15.69,13.053840814105811,2.636159185894188
2025-09-16,16.36,13.12047864980598,3.2395213501940194
2025-09-17,15.72,13.384882517228705,2.3351174827712953
2025-09-18,15.7,13.278575224775233,2.421424775224766
2025-09-19,15.45,13.763264147723628,1.686735852276371
2025-09-22,16.1,13.688251897156722,2.41174810284328
2025-09-23,16.64,13.724235497834286,2.9157645021657146
2025-09-24,16.18,13.838736936585455,2.3412630634145444
2025-09-25,16.74,13.855951789754986,2.8840482102450125
2025-09-26,15.29,14.247252366685109,1.0427476333148906
2025-09-29,16.12,14.243213120641506,1.8767868793584945
2025-09-30,16.28,14.256333329436934,2.023666670563067
2025-10-01,16.29,14.849436352939952,1.4405636470600474
2025-10-02,16.63,14.895548328276288,1.7344516717237113
2025-10-03,16.65,14.895330812036855,1.7546691879631435
2025-10-06,16.37,15.545130427243597,0.8248695727564037
2025-10-07,17.24,15.493354704518147,1.7466452954818514
2025-10-08,16.3,15.907835805036925,0.3921641949630761
2025-10-09,16.43,15.892303797751122,0.5376962022488776
2025-10-10,21.66,13.243745693723296,8.416254306276704
2025-10-13,19.03,12.13650361512798,6.893496384872021
2025-10-14,20.81,12.124484318931446,8.685515681068553
2025-10-15,20.64,13.735575706901212,6.9044242930987885
2025-10-16,25.31,13.47315998569061,11.836840014309388
2025-10-17,20.78,13.90697235202597,6.87302764797403
2025-10-20,18.23,13.49894662557101,4.73105337442899
2025-10-21,17.87,13.586712626681074,4.283287373318927
2025-10-22,18.6,14.41161198478557,4.188388015214432
2025-10-23,17.3,14.723862265044966,2.5761377349550347
2025-10-24,16.37,15.611038402361801,0.7589615976381996
2025-10-27,15.79,15.475282226829174,0.31471777317082505
2025-10-28,16.42,15.68660192648538,0.7333980735146213
2025-10-29,16.92,15.825269665949293,1.094730334050709
2025-10-30,16.91,15.461038774934066,1.4489612250659345
2025-10-31,17.44,15.411779910186066,2.028220089813935
2025-11-03,17.17,15.4873393454142,1.682660654585801
2025-11-04,19.0,14.79838099252802,4.2016190074719795
2025-11-05,18.01,14.749060987059979,3.260939012940023
2025-11-06,19.5,14.115939926197427,5.384060073802573
2025-11-07,19.08,14.126392320759559,4.95360767924044
2025-11-10,17.6,13.34134775800461,4.258652241995392
2025-11-11,17.28,13.347192963316843,3.9328070366831582
2025-11-12,17.51,13.935848736263418,3.5741512637365833
2025-11-13,20.0,12.39336758109008,7.6066324189099195
2025-11-14,19.83,12.435994532003248,7.394005467996751
2025-11-17,22.38,12.586182900308362,9.793817099691637
2025-11-18,24.69,12.482384387608581,12.20761561239142
2025-11-19,23.66,12.752675013502635,10.907324986497365
2025-11-20,26.42,11.202794294282754,15.217205705717248
2025-11-21,23.43,10.850846971550851,12.579153028449149
2025-11-24,20.52,9.620565471946772,10.899434528053227
2025-11-25,18.56,9.095123968369784,9.464876031630215
2025-11-26,17.19,9.00762343795602,8.18237656204398
2025-11-28,16.35,8.871036016160385,7.478963983839616
2025-12-01,17.24,9.084391008758635,8.155608991241364
2025-12-02,16.59,9.096509220575479,7.493490779424521
2025-12-03,16.08,9.34024839070218,6.739751609297818
2025-12-04,15.78,9.566347265284417,6.213652734715582
2025-12-05,15.41,9.633111646815616,5.776888353184384
2025-12-08,16.66,9.524370845363732,7.135629154636268
2025-12-09,16.93,9.752851890601773,7.177148109398226
2025-12-10,15.77,9.517148732683262,6.252851267316737
2025-12-11,14.85,9.541245201755096,5.3087547982449035
2025-12-12,15.74,8.83235868836941,6.90764131163059
2025-12-15,16.5,8.774235009390535,7.7257649906094645
2025-12-16,16.48,8.722075441087087,7.757924558912913
2025-12-17,17.62,10.666035814678978,6.9539641853210235
2025-12-18,16.87,11.08685708395371,5.783142916046291
2025-12-19,14.91,10.851046032526753,4.058953967473247
2025-12-22,14.08,10.619141208215225,3.4608587917847746
2025-12-23,14.0,10.651230914782323,3.3487690852176772
2025-12-24,13.47,10.668398192794207,2.8016018072057935
2025-12-26,13.6,10.67334624192501,2.9266537580749894
2025-12-29,14.2,10.60898298613089,3.5910170138691093
2025-12-30,14.33,10.77299958228973,3.5570004177102703
2025-12-31,14.95,10.528828994718006,4.421171005281993
2026-01-02,14.51,10.911612163196356,3.598387836803644
2026-01-05,14.9,10.766202673181237,4.1337973268187636
2026-01-06,14.75,11.375832277245257,3.374167722754743
2026-01-07,15.38,13.678951714221919,1.7010482857780822
2026-01-08,15.45,13.79989999963821,1.650100000361789
2026-01-09,14.49,13.639347491724624,0.8506525082753758
2026-01-12,15.12,13.617783960689595,1.5022160393104045
2026-01-13,15.98,14.718343656811896,1.261656343188104
2026-01-14,16.75,14.677480710258656,2.0725192897413436
2026-01-15,15.84,14.625521529163155,1.2144784708368448
2026-01-16,15.86,14.823987317858004,1.0360126821419957
2026-01-20,20.09,13.001299935007065,7.088700064992935
2026-01-21,16.9,12.458938959639172,4.441061040360827
2026-01-22,15.64,12.87524135696162,2.7647586430383804
2026-01-23,16.09,13.257248583322815,2.832751416677185
2026-01-26,16.15,13.486410938422974,2.6635890615770244
2026-01-27,16.35,13.49370519909246,2.8562948009075413
2026-01-28,16.35,13.583651939004291,2.7663480609957105
2026-01-29,16.88,13.59120303725961,3.2887969627403884
2026-01-30,17.44,13.864665881297498,3.5753341187025036
2026-02-02,16.34,14.058398201787249,2.281601798212751
2026-02-03,18.0,13.990167976118617,4.009832023881383
2026-02-04,18.64,14.601260219584303,4.038739780415698
2026-02-05,21.77,14.244527370187289,7.525472629812711
2026-02-06,17.76,12.033662784041066,5.726337215958935
2026-02-09,17.36,11.809172705994905,5.550827294005094
2026-02-10,17.79,12.839453259388236,4.950546740611763
2026-02-11,17.65,12.905231497343053,4.744768502656946
2026-02-12,20.82,12.455528892825665,8.364471107174335
2026-02-13,20.6,12.497228492750502,8.1027715072495
2026-02-17,20.29,13.27201265822238,7.017987341777619
2026-02-18,19.62,12.977146065295525,6.642853934704476
2026-02-19,20.23,13.810083272740082,6.419916727259919
2026-02-20,19.09,14.507676588620773,4.582323411379226
2026-02-23,21.01,14.114864505195055,6.895135494804947
2026-02-24,19.55,13.956073946494238,5.593926053505763
2026-02-25,17.93,14.402866381384486,3.5271336186155136
2026-02-26,18.63,15.207323235862896,3.422676764137103
2026-02-27,19.86,15.201293366026972,4.658706633973027
2026-03-02,21.44,19.123036369782266,2.316963630217735
2026-03-03,23.57,19.19625275932819,4.373747240671811
2026-03-04,21.15,18.885016282757483,2.264983717242515
2026-03-05,23.75,18.936073510630845,4.813926489369155
2026-03-06,29.49,18.42714519397986,11.062854806020137
2026-03-09,25.5,20.243944279710288,5.256055720289712
2026-03-10,24.93,20.308110694991175,4.621889305008825
2026-03-11,24.23,20.3182479559635,3.9117520440365006
2026-03-12,27.29,19.731730790785047,7.558269209214952
2026-03-13,27.19,19.848951609594256,7.341048390405746
2026-03-16,23.51,19.780881679035808,3.7291183209641936
2026-03-17,22.37,19.780329623138602,2.589670376861399
2026-03-18,25.09,19.16746305591886,5.922536944081141
2026-03-19,24.06,19.12685755684959,4.933142443150409
2026-03-20,26.78,18.193885786164923,8.586114213835078
2026-03-23,26.15,18.04696872053626,8.103031279463739
2026-03-24,26.95,18.142201630453076,8.807798369546923
2026-03-25,25.33,18.155924652851315,7.174075347148683
2026-03-26,27.44,16.502181673948872,10.93781832605113
2026-03-27,31.05,14.951489557900707,16.098510442099293
2026-03-30,30.61,14.735837946992152,15.874162053007847
2026-03-31,25.25,12.022933086398428,13.227066913601572
2026-04-01,24.54,12.000914965118872,12.539085034881127
2026-04-02,23.87,12.286924757644368,11.583075242355633
2026-04-06,24.17,12.375897543209303,11.794102456790698
2026-04-07,25.78,12.719820753454583,13.060179246545419
2026-04-08,21.04,10.862143434884949,10.17785656511505
2026-04-09,19.49,10.94073854911149,8.549261450888508
2026-04-10,19.23,10.811649272891447,8.418350727108553
2026-04-13,19.12,10.680269659517698,8.439730340482303
2026-04-14,18.36,10.264145361403177,8.095854638596823
2026-04-15,18.17,10.233322041253972,7.93667795874603
2026-04-16,17.94,11.643916866759849,6.296083133240153
2026-04-17,17.48,11.032171137179418,6.447828862820582
2026-04-20,18.87,11.381405888554132,7.4885941114458685
2026-04-21,19.5,11.581139840275418,7.9188601597245825
2026-04-22,18.92,11.26805750784112,7.651942492158883
2026-04-23,19.31,10.987134294255918,8.32286570574408
2026-04-24,18.71,10.96605672062727,7.743943279372731
2026-04-27,18.02,10.978382394506694,7.041617605493306
2026-04-28,17.83,10.700228034953946,7.129771965046052
2026-04-29,18.81,10.603009006881695,8.206990993118303
